seed,interval,arm,reinforced_cue,mode,session_id,initial_weight_hash,final_weight_hash,training_end,probe_time,baseline_difference,reinforced_bias,control_bias,learning_difference,cue_count,reward_count,reward_total,weights_changed,extinction_final,wait_final,evidence
1000,2.0,paired,A,carry_trace,3fb0533c50823623874e11ac,0036d300256c76a4f5896c9a67c09337f62afc17d020e7827ddb9cdd844e3729,40e5c217a5c81d08838b44a2beae203cc76e23aa3c3780ffdf2bba1434294ee2,318.00000000001364,320.00000000001364,0.0,0.5859973342242163,0.04981429590934183,0.5361830383148745,80,40,32.0,True,0.0796357810351771,0.5859973342242163,computed_reduced_circuit_not_author_reproduction
1000,2.0,paired,A,trace_reset_ablation,6a8508e6bfbdb15f81197b6f,0036d300256c76a4f5896c9a67c09337f62afc17d020e7827ddb9cdd844e3729,3ffc15504fed2eb19908f864787e6fdc2c952cf6602dc595299606695b45d72c,318.00000000001364,320.00000000001364,0.0,0.5777461637020641,0.0,0.5777461637020641,80,40,32.0,True,0.07651641234531426,0.5777461637020641,computed_reduced_circuit_not_author_reproduction
1000,2.0,paired,B,carry_trace,98e5f361be61d54271dfe9c1,0036d300256c76a4f5896c9a67c09337f62afc17d020e7827ddb9cdd844e3729,118bcb4eabf8c40ee5e21c8a0c1fc1f81c74bdc34d130b5e688879c92ba84a23,318.00000000001364,320.00000000001364,0.0,0.5918881828497199,0.05155098897170285,0.540337193878017,80,40,32.0,True,0.07628851714378793,0.5918881828497199,computed_reduced_circuit_not_author_reproduction
1000,2.0,paired,B,trace_reset_ablation,d318b37241a3064015347651,0036d300256c76a4f5896c9a67c09337f62afc17d020e7827ddb9cdd844e3729,678e2213d80a29cba5ae094dd9f1ae84c6fc169c3860356eb2654b2d9a9b8dfa,318.00000000001364,320.00000000001364,0.0,0.5831887628356296,0.0,0.5831887628356296,80,40,32.0,True,0.0732250736800164,0.5831887628356296,computed_reduced_circuit_not_author_reproduction
1000,2.0,explicitly_unpaired,A,carry_trace,fd671f61e030fc319c95a934,0036d300256c76a4f5896c9a67c09337f62afc17d020e7827ddb9cdd844e3729,0036d300256c76a4f5896c9a67c09337f62afc17d020e7827ddb9cdd844e3729,318.00000000001353,320.00000000001353,0.0,0.0,0.0,0.0,80,40,32.0,False,0.0,0.0,computed_reduced_circuit_not_author_reproduction
1000,2.0,explicitly_unpaired,A,trace_reset_ablation,ca8ee1a4cc2ddcb637e6d4a3,0036d300256c76a4f5896c9a67c09337f62afc17d020e7827ddb9cdd844e3729,0036d300256c76a4f5896c9a67c09337f62afc17d020e7827ddb9cdd844e3729,318.00000000001353,320.00000000001353,0.0,0.0,0.0,0.0,80,40,32.0,False,0.0,0.0,computed_reduced_circuit_not_author_reproduction
1000,2.0,explicitly_unpaired,B,carry_trace,cc6a976725ad02c81e1ab3b7,0036d300256c76a4f5896c9a67c09337f62afc17d020e7827ddb9cdd844e3729,0036d300256c76a4f5896c9a67c09337f62afc17d020e7827ddb9cdd844e3729,318.00000000001353,320.00000000001353,0.0,0.0,0.0,0.0,80,40,32.0,False,0.0,0.0,computed_reduced_circuit_not_author_reproduction
1000,2.0,explicitly_unpaired,B,trace_reset_ablation,e04e3cc6ee5d7fd01096afdd,0036d300256c76a4f5896c9a67c09337f62afc17d020e7827ddb9cdd844e3729,0036d300256c76a4f5896c9a67c09337f62afc17d020e7827ddb9cdd844e3729,318.00000000001353,320.00000000001353,0.0,0.0,0.0,0.0,80,40,32.0,False,0.0,0.0,computed_reduced_circuit_not_author_reproduction
1000,2.0,no_reward,A,carry_trace,ee4133851bf9589952c8c77d,0036d300256c76a4f5896c9a67c09337f62afc17d020e7827ddb9cdd844e3729,0036d300256c76a4f5896c9a67c09337f62afc17d020e7827ddb9cdd844e3729,318.00000000001364,320.00000000001364,0.0,0.0,0.0,0.0,80,0,0.0,False,0.0,0.0,computed_reduced_circuit_not_author_reproduction
1000,2.0,no_reward,A,trace_reset_ablation,54fb58106860a4f0f3321f85,0036d300256c76a4f5896c9a67c09337f62afc17d020e7827ddb9cdd844e3729,0036d300256c76a4f5896c9a67c09337f62afc17d020e7827ddb9cdd844e3729,318.00000000001364,320.00000000001364,0.0,0.0,0.0,0.0,80,0,0.0,False,0.0,0.0,computed_reduced_circuit_not_author_reproduction
1000,2.0,no_reward,B,carry_trace,323336f553843a03194875fb,0036d300256c76a4f5896c9a67c09337f62afc17d020e7827ddb9cdd844e3729,0036d300256c76a4f5896c9a67c09337f62afc17d020e7827ddb9cdd844e3729,318.00000000001364,320.00000000001364,0.0,0.0,0.0,0.0,80,0,0.0,False,0.0,0.0,computed_reduced_circuit_not_author_reproduction
1000,2.0,no_reward,B,trace_reset_ablation,e25a37535a76c5f1d8c6bdc3,0036d300256c76a4f5896c9a67c09337f62afc17d020e7827ddb9cdd844e3729,0036d300256c76a4f5896c9a67c09337f62afc17d020e7827ddb9cdd844e3729,318.00000000001364,320.00000000001364,0.0,0.0,0.0,0.0,80,0,0.0,False,0.0,0.0,computed_reduced_circuit_not_author_reproduction
1000,2.0,plasticity_disabled,A,carry_trace,0679da6bd4aa59b17c8c2bd8,0036d300256c76a4f5896c9a67c09337f62afc17d020e7827ddb9cdd844e3729,0036d300256c76a4f5896c9a67c09337f62afc17d020e7827ddb9cdd844e3729,318.00000000001364,320.00000000001364,0.0,0.0,0.0,0.0,80,40,32.0,False,0.0,0.0,computed_reduced_circuit_not_author_reproduction
1000,2.0,plasticity_disabled,A,trace_reset_ablation,c79358f937f2359d6de2d17c,0036d300256c76a4f5896c9a67c09337f62afc17d020e7827ddb9cdd844e3729,0036d300256c76a4f5896c9a67c09337f62afc17d020e7827ddb9cdd844e3729,318.00000000001364,320.00000000001364,0.0,0.0,0.0,0.0,80,40,32.0,False,0.0,0.0,computed_reduced_circuit_not_author_reproduction
1000,2.0,plasticity_disabled,B,carry_trace,6341befba5d660bad7951811,0036d300256c76a4f5896c9a67c09337f62afc17d020e7827ddb9cdd844e3729,0036d300256c76a4f5896c9a67c09337f62afc17d020e7827ddb9cdd844e3729,318.00000000001364,320.00000000001364,0.0,0.0,0.0,0.0,80,40,32.0,False,0.0,0.0,computed_reduced_circuit_not_author_reproduction
1000,2.0,plasticity_disabled,B,trace_reset_ablation,5f81f29a1ca01fa7b174849f,0036d300256c76a4f5896c9a67c09337f62afc17d020e7827ddb9cdd844e3729,0036d300256c76a4f5896c9a67c09337f62afc17d020e7827ddb9cdd844e3729,318.00000000001364,320.00000000001364,0.0,0.0,0.0,0.0,80,40,32.0,False,0.0,0.0,computed_reduced_circuit_not_author_reproduction
1000,10.0,paired,A,carry_trace,3a19cfe037087fffa78716c9,0036d300256c76a4f5896c9a67c09337f62afc17d020e7827ddb9cdd844e3729,b1fc2beba05c277701c7c5d6d462780d34f1cb8937f093ddb89186da9de15b61,949.9999999999714,951.9999999999714,0.0,0.5779812916713507,0.0008152040175692932,0.5771660876537814,80,40,32.0,True,0.07656147701300031,0.5779812916713507,computed_reduced_circuit_not_author_reproduction
1000,10.0,paired,A,trace_reset_ablation,d57ac5a88154ef187426b620,0036d300256c76a4f5896c9a67c09337f62afc17d020e7827ddb9cdd844e3729,3ffc15504fed2eb19908f864787e6fdc2c952cf6602dc595299606695b45d72c,949.9999999999714,951.9999999999714,0.0,0.5777461637020641,0.0,0.5777461637020641,80,40,32.0,True,0.07651641234531426,0.5777461637020641,computed_reduced_circuit_not_author_reproduction
1000,10.0,paired,B,carry_trace,7e68c98f4bb48f412f194e96,0036d300256c76a4f5896c9a67c09337f62afc17d020e7827ddb9cdd844e3729,2b8dcb195b0a757716053e8462c28cab486f1126368685fd520662b464f87db8,949.9999999999714,951.9999999999714,0.0,0.5834178430187901,0.0008573827545619306,0.5825604602642281,80,40,32.0,True,0.07326682989946676,0.5834178430187901,computed_reduced_circuit_not_author_reproduction
1000,10.0,paired,B,trace_reset_ablation,cb62bca7c0c6f2f78ceeeb64,0036d300256c76a4f5896c9a67c09337f62afc17d020e7827ddb9cdd844e3729,678e2213d80a29cba5ae094dd9f1ae84c6fc169c3860356eb2654b2d9a9b8dfa,949.9999999999714,951.9999999999714,0.0,0.5831887628356296,0.0,0.5831887628356296,80,40,32.0,True,0.0732250736800164,0.5831887628356296,computed_reduced_circuit_not_author_reproduction
1000,10.0,explicitly_unpaired,A,carry_trace,ea0f7650b0ef077d35e3249c,0036d300256c76a4f5896c9a67c09337f62afc17d020e7827ddb9cdd844e3729,0036d300256c76a4f5896c9a67c09337f62afc17d020e7827ddb9cdd844e3729,949.9999999999711,951.9999999999711,0.0,0.0,0.0,0.0,80,40,32.0,False,0.0,0.0,computed_reduced_circuit_not_author_reproduction
1000,10.0,explicitly_unpaired,A,trace_reset_ablation,14d217949e9badf8bf81ed45,0036d300256c76a4f5896c9a67c09337f62afc17d020e7827ddb9cdd844e3729,0036d300256c76a4f5896c9a67c09337f62afc17d020e7827ddb9cdd844e3729,949.9999999999711,951.9999999999711,0.0,0.0,0.0,0.0,80,40,32.0,False,0.0,0.0,computed_reduced_circuit_not_author_reproduction
1000,10.0,explicitly_unpaired,B,carry_trace,660fb3ad02da0a5e5ff3268b,0036d300256c76a4f5896c9a67c09337f62afc17d020e7827ddb9cdd844e3729,0036d300256c76a4f5896c9a67c09337f62afc17d020e7827ddb9cdd844e3729,949.9999999999711,951.9999999999711,0.0,0.0,0.0,0.0,80,40,32.0,False,0.0,0.0,computed_reduced_circuit_not_author_reproduction
1000,10.0,explicitly_unpaired,B,trace_reset_ablation,e744702caacfef272d38ed58,0036d300256c76a4f5896c9a67c09337f62afc17d020e7827ddb9cdd844e3729,0036d300256c76a4f5896c9a67c09337f62afc17d020e7827ddb9cdd844e3729,949.9999999999711,951.9999999999711,0.0,0.0,0.0,0.0,80,40,32.0,False,0.0,0.0,computed_reduced_circuit_not_author_reproduction
1000,10.0,no_reward,A,carry_trace,dee8bab18fee9ef7be079205,0036d300256c76a4f5896c9a67c09337f62afc17d020e7827ddb9cdd844e3729,0036d300256c76a4f5896c9a67c09337f62afc17d020e7827ddb9cdd844e3729,949.9999999999714,951.9999999999714,0.0,0.0,0.0,0.0,80,0,0.0,False,0.0,0.0,computed_reduced_circuit_not_author_reproduction
1000,10.0,no_reward,A,trace_reset_ablation,2307f5e4a15974b747518d04,0036d300256c76a4f5896c9a67c09337f62afc17d020e7827ddb9cdd844e3729,0036d300256c76a4f5896c9a67c09337f62afc17d020e7827ddb9cdd844e3729,949.9999999999714,951.9999999999714,0.0,0.0,0.0,0.0,80,0,0.0,False,0.0,0.0,computed_reduced_circuit_not_author_reproduction
1000,10.0,no_reward,B,carry_trace,fd5eedea9819dacf33caca41,0036d300256c76a4f5896c9a67c09337f62afc17d020e7827ddb9cdd844e3729,0036d300256c76a4f5896c9a67c09337f62afc17d020e7827ddb9cdd844e3729,949.9999999999714,951.9999999999714,0.0,0.0,0.0,0.0,80,0,0.0,False,0.0,0.0,computed_reduced_circuit_not_author_reproduction
1000,10.0,no_reward,B,trace_reset_ablation,a6e13cee349876a00a90dfc3,0036d300256c76a4f5896c9a67c09337f62afc17d020e7827ddb9cdd844e3729,0036d300256c76a4f5896c9a67c09337f62afc17d020e7827ddb9cdd844e3729,949.9999999999714,951.9999999999714,0.0,0.0,0.0,0.0,80,0,0.0,False,0.0,0.0,computed_reduced_circuit_not_author_reproduction
1000,10.0,plasticity_disabled,A,carry_trace,e7f7120c3a44af3541c8e2c9,0036d300256c76a4f5896c9a67c09337f62afc17d020e7827ddb9cdd844e3729,0036d300256c76a4f5896c9a67c09337f62afc17d020e7827ddb9cdd844e3729,949.9999999999714,951.9999999999714,0.0,0.0,0.0,0.0,80,40,32.0,False,0.0,0.0,computed_reduced_circuit_not_author_reproduction
1000,10.0,plasticity_disabled,A,trace_reset_ablation,74dc0d73e6fea9fbd2a22695,0036d300256c76a4f5896c9a67c09337f62afc17d020e7827ddb9cdd844e3729,0036d300256c76a4f5896c9a67c09337f62afc17d020e7827ddb9cdd844e3729,949.9999999999714,951.9999999999714,0.0,0.0,0.0,0.0,80,40,32.0,False,0.0,0.0,computed_reduced_circuit_not_author_reproduction
1000,10.0,plasticity_disabled,B,carry_trace,86f72fd76e03c4d4ce827182,0036d300256c76a4f5896c9a67c09337f62afc17d020e7827ddb9cdd844e3729,0036d300256c76a4f5896c9a67c09337f62afc17d020e7827ddb9cdd844e3729,949.9999999999714,951.9999999999714,0.0,0.0,0.0,0.0,80,40,32.0,False,0.0,0.0,computed_reduced_circuit_not_author_reproduction
1000,10.0,plasticity_disabled,B,trace_reset_ablation,72348895423056a6252cbf26,0036d300256c76a4f5896c9a67c09337f62afc17d020e7827ddb9cdd844e3729,0036d300256c76a4f5896c9a67c09337f62afc17d020e7827ddb9cdd844e3729,949.9999999999714,951.9999999999714,0.0,0.0,0.0,0.0,80,40,32.0,False,0.0,0.0,computed_reduced_circuit_not_author_reproduction
1000,40.0,paired,A,carry_trace,10e392e6e086846805282c7f,0036d300256c76a4f5896c9a67c09337f62afc17d020e7827ddb9cdd844e3729,ec6b6764b3259ad96f8c2658183739b18804fbea60f90b04ba825661cb5fa6e2,3320.0000000000846,3322.0000000000846,0.0,0.5777461637744189,2.4896196215706823e-10,0.5777461635254569,80,40,32.0,True,0.0765164123590506,0.5777461637744189,computed_reduced_circuit_not_author_reproduction
1000,40.0,paired,A,trace_reset_ablation,eabdf827df6320df8369452e,0036d300256c76a4f5896c9a67c09337f62afc17d020e7827ddb9cdd844e3729,3ffc15504fed2eb19908f864787e6fdc2c952cf6602dc595299606695b45d72c,3320.0000000000846,3322.0000000000846,0.0,0.5777461637020641,0.0,0.5777461637020641,80,40,32.0,True,0.07651641234531426,0.5777461637020641,computed_reduced_circuit_not_author_reproduction
1000,40.0,paired,B,carry_trace,2d6b8455ada155d4d4008f8b,0036d300256c76a4f5896c9a67c09337f62afc17d020e7827ddb9cdd844e3729,f11de01cff014ae535981549cc55d8b4900bdcfd26f583df3c53dcf62d110bf2,3320.0000000000846,3322.0000000000846,0.0,0.5831887629060538,2.61933918999091e-10,0.5831887626441199,80,40,32.0,True,0.07322507369273012,0.5831887629060538,computed_reduced_circuit_not_author_reproduction
1000,40.0,paired,B,trace_reset_ablation,833260028eb3253103e62869,0036d300256c76a4f5896c9a67c09337f62afc17d020e7827ddb9cdd844e3729,678e2213d80a29cba5ae094dd9f1ae84c6fc169c3860356eb2654b2d9a9b8dfa,3320.0000000000846,3322.0000000000846,0.0,0.5831887628356296,0.0,0.5831887628356296,80,40,32.0,True,0.0732250736800164,0.5831887628356296,computed_reduced_circuit_not_author_reproduction
1000,40.0,explicitly_unpaired,A,carry_trace,f480599b5f577de7befaa453,0036d300256c76a4f5896c9a67c09337f62afc17d020e7827ddb9cdd844e3729,0036d300256c76a4f5896c9a67c09337f62afc17d020e7827ddb9cdd844e3729,3320.0000000000846,3322.0000000000846,0.0,0.0,0.0,0.0,80,40,32.0,False,0.0,0.0,computed_reduced_circuit_not_author_reproduction
1000,40.0,explicitly_unpaired,A,trace_reset_ablation,139834e9ec8f7adcf8615d96,0036d300256c76a4f5896c9a67c09337f62afc17d020e7827ddb9cdd844e3729,0036d300256c76a4f5896c9a67c09337f62afc17d020e7827ddb9cdd844e3729,3320.0000000000846,3322.0000000000846,0.0,0.0,0.0,0.0,80,40,32.0,False,0.0,0.0,computed_reduced_circuit_not_author_reproduction
1000,40.0,explicitly_unpaired,B,carry_trace,82384297fccb69f7f2d4c255,0036d300256c76a4f5896c9a67c09337f62afc17d020e7827ddb9cdd844e3729,0036d300256c76a4f5896c9a67c09337f62afc17d020e7827ddb9cdd844e3729,3320.0000000000846,3322.0000000000846,0.0,0.0,0.0,0.0,80,40,32.0,False,0.0,0.0,computed_reduced_circuit_not_author_reproduction
1000,40.0,explicitly_unpaired,B,trace_reset_ablation,942e6e0521ae824f27bf54a8,0036d300256c76a4f5896c9a67c09337f62afc17d020e7827ddb9cdd844e3729,0036d300256c76a4f5896c9a67c09337f62afc17d020e7827ddb9cdd844e3729,3320.0000000000846,3322.0000000000846,0.0,0.0,0.0,0.0,80,40,32.0,False,0.0,0.0,computed_reduced_circuit_not_author_reproduction
1000,40.0,no_reward,A,carry_trace,966dec2d361353a59f2d7b47,0036d300256c76a4f5896c9a67c09337f62afc17d020e7827ddb9cdd844e3729,0036d300256c76a4f5896c9a67c09337f62afc17d020e7827ddb9cdd844e3729,3320.0000000000846,3322.0000000000846,0.0,0.0,0.0,0.0,80,0,0.0,False,0.0,0.0,computed_reduced_circuit_not_author_reproduction
1000,40.0,no_reward,A,trace_reset_ablation,96e7b131416a8fab792ccaf9,0036d300256c76a4f5896c9a67c09337f62afc17d020e7827ddb9cdd844e3729,0036d300256c76a4f5896c9a67c09337f62afc17d020e7827ddb9cdd844e3729,3320.0000000000846,3322.0000000000846,0.0,0.0,0.0,0.0,80,0,0.0,False,0.0,0.0,computed_reduced_circuit_not_author_reproduction
1000,40.0,no_reward,B,carry_trace,5dc7ad0cdcbf37ab37430bad,0036d300256c76a4f5896c9a67c09337f62afc17d020e7827ddb9cdd844e3729,0036d300256c76a4f5896c9a67c09337f62afc17d020e7827ddb9cdd844e3729,3320.0000000000846,3322.0000000000846,0.0,0.0,0.0,0.0,80,0,0.0,False,0.0,0.0,computed_reduced_circuit_not_author_reproduction
1000,40.0,no_reward,B,trace_reset_ablation,157435025b0a925df7b086a3,0036d300256c76a4f5896c9a67c09337f62afc17d020e7827ddb9cdd844e3729,0036d300256c76a4f5896c9a67c09337f62afc17d020e7827ddb9cdd844e3729,3320.0000000000846,3322.0000000000846,0.0,0.0,0.0,0.0,80,0,0.0,False,0.0,0.0,computed_reduced_circuit_not_author_reproduction
1000,40.0,plasticity_disabled,A,carry_trace,02eea0334463938ccb3a0fd0,0036d300256c76a4f5896c9a67c09337f62afc17d020e7827ddb9cdd844e3729,0036d300256c76a4f5896c9a67c09337f62afc17d020e7827ddb9cdd844e3729,3320.0000000000846,3322.0000000000846,0.0,0.0,0.0,0.0,80,40,32.0,False,0.0,0.0,computed_reduced_circuit_not_author_reproduction
1000,40.0,plasticity_disabled,A,trace_reset_ablation,aa3a45d21e4a755e24723644,0036d300256c76a4f5896c9a67c09337f62afc17d020e7827ddb9cdd844e3729,0036d300256c76a4f5896c9a67c09337f62afc17d020e7827ddb9cdd844e3729,3320.0000000000846,3322.0000000000846,0.0,0.0,0.0,0.0,80,40,32.0,False,0.0,0.0,computed_reduced_circuit_not_author_reproduction
1000,40.0,plasticity_disabled,B,carry_trace,115b152238471cd0d68f4e3d,0036d300256c76a4f5896c9a67c09337f62afc17d020e7827ddb9cdd844e3729,0036d300256c76a4f5896c9a67c09337f62afc17d020e7827ddb9cdd844e3729,3320.0000000000846,3322.0000000000846,0.0,0.0,0.0,0.0,80,40,32.0,False,0.0,0.0,computed_reduced_circuit_not_author_reproduction
1000,40.0,plasticity_disabled,B,trace_reset_ablation,edfc04e60cd44ad7fbf86596,0036d300256c76a4f5896c9a67c09337f62afc17d020e7827ddb9cdd844e3729,0036d300256c76a4f5896c9a67c09337f62afc17d020e7827ddb9cdd844e3729,3320.0000000000846,3322.0000000000846,0.0,0.0,0.0,0.0,80,40,32.0,False,0.0,0.0,computed_reduced_circuit_not_author_reproduction
1001,2.0,paired,A,carry_trace,576cc77304c049664e8aabe8,0036d300256c76a4f5896c9a67c09337f62afc17d020e7827ddb9cdd844e3729,4a76e26f97faae846a83357f69559efd26f2358e751e1367e99fb544606c6311,318.00000000001364,320.00000000001364,0.0,0.5841515113545581,0.05435473306680816,0.52979677828775,80,40,32.0,True,0.09604239402919962,0.5841515113545581,computed_reduced_circuit_not_author_reproduction
1001,2.0,paired,A,trace_reset_ablation,b5f75ca5a02d33f692f7427f,0036d300256c76a4f5896c9a67c09337f62afc17d020e7827ddb9cdd844e3729,7d79e3668ffcded6dd437bac97700c866d56153df96cc816d59dbf413639418a,318.00000000001364,320.00000000001364,0.0,0.5744810124756173,0.0,0.5744810124756173,80,40,32.0,True,0.09183555261797899,0.5744810124756173,computed_reduced_circuit_not_author_reproduction
1001,2.0,paired,B,carry_trace,40c105856641f2d5f31376a2,0036d300256c76a4f5896c9a67c09337f62afc17d020e7827ddb9cdd844e3729,a8ac1d3945f637a82428e32137f57d80a1738cbaee39ba040d0e9d15dbeaffd2,318.00000000001364,320.00000000001364,0.0,0.5963303034166342,0.05288165101003006,0.5434486524066041,80,40,32.0,True,0.0865290605881805,0.5963303034166342,computed_reduced_circuit_not_author_reproduction
1001,2.0,paired,B,trace_reset_ablation,a6307969695474416e32c40f,0036d300256c76a4f5896c9a67c09337f62afc17d020e7827ddb9cdd844e3729,ad43fd6b24b664df22f0e9e7a83f23b91579c16a2a6660245372d1f234e770fa,318.00000000001364,320.00000000001364,0.0,0.5881727210602508,0.0,0.5881727210602508,80,40,32.0,True,0.08320810028060921,0.5881727210602508,computed_reduced_circuit_not_author_reproduction
1001,2.0,explicitly_unpaired,A,carry_trace,0e08f4679e060b5c2485f0c9,0036d300256c76a4f5896c9a67c09337f62afc17d020e7827ddb9cdd844e3729,0036d300256c76a4f5896c9a67c09337f62afc17d020e7827ddb9cdd844e3729,318.00000000001353,320.00000000001353,0.0,0.0,0.0,0.0,80,40,32.0,False,0.0,0.0,computed_reduced_circuit_not_author_reproduction
1001,2.0,explicitly_unpaired,A,trace_reset_ablation,2b8437b679173b84f2e19053,0036d300256c76a4f5896c9a67c09337f62afc17d020e7827ddb9cdd844e3729,0036d300256c76a4f5896c9a67c09337f62afc17d020e7827ddb9cdd844e3729,318.00000000001353,320.00000000001353,0.0,0.0,0.0,0.0,80,40,32.0,False,0.0,0.0,computed_reduced_circuit_not_author_reproduction
1001,2.0,explicitly_unpaired,B,carry_trace,0aa2f8d9ababd5d3b9ce8f94,0036d300256c76a4f5896c9a67c09337f62afc17d020e7827ddb9cdd844e3729,0036d300256c76a4f5896c9a67c09337f62afc17d020e7827ddb9cdd844e3729,318.00000000001353,320.00000000001353,0.0,0.0,0.0,0.0,80,40,32.0,False,0.0,0.0,computed_reduced_circuit_not_author_reproduction
1001,2.0,explicitly_unpaired,B,trace_reset_ablation,7002044cc783ca0e67d330e5,0036d300256c76a4f5896c9a67c09337f62afc17d020e7827ddb9cdd844e3729,0036d300256c76a4f5896c9a67c09337f62afc17d020e7827ddb9cdd844e3729,318.00000000001353,320.00000000001353,0.0,0.0,0.0,0.0,80,40,32.0,False,0.0,0.0,computed_reduced_circuit_not_author_reproduction
1001,2.0,no_reward,A,carry_trace,8222d796acace0d0ef55d5f7,0036d300256c76a4f5896c9a67c09337f62afc17d020e7827ddb9cdd844e3729,0036d300256c76a4f5896c9a67c09337f62afc17d020e7827ddb9cdd844e3729,318.00000000001364,320.00000000001364,0.0,0.0,0.0,0.0,80,0,0.0,False,0.0,0.0,computed_reduced_circuit_not_author_reproduction
1001,2.0,no_reward,A,trace_reset_ablation,39c3b2e3c809a1d782088698,0036d300256c76a4f5896c9a67c09337f62afc17d020e7827ddb9cdd844e3729,0036d300256c76a4f5896c9a67c09337f62afc17d020e7827ddb9cdd844e3729,318.00000000001364,320.00000000001364,0.0,0.0,0.0,0.0,80,0,0.0,False,0.0,0.0,computed_reduced_circuit_not_author_reproduction
1001,2.0,no_reward,B,carry_trace,30743323547a5aecdcca6714,0036d300256c76a4f5896c9a67c09337f62afc17d020e7827ddb9cdd844e3729,0036d300256c76a4f5896c9a67c09337f62afc17d020e7827ddb9cdd844e3729,318.00000000001364,320.00000000001364,0.0,0.0,0.0,0.0,80,0,0.0,False,0.0,0.0,computed_reduced_circuit_not_author_reproduction
1001,2.0,no_reward,B,trace_reset_ablation,ab031707cf9f40d24c4aff86,0036d300256c76a4f5896c9a67c09337f62afc17d020e7827ddb9cdd844e3729,0036d300256c76a4f5896c9a67c09337f62afc17d020e7827ddb9cdd844e3729,318.00000000001364,320.00000000001364,0.0,0.0,0.0,0.0,80,0,0.0,False,0.0,0.0,computed_reduced_circuit_not_author_reproduction
1001,2.0,plasticity_disabled,A,carry_trace,6be4cee278c4564a94f8cb5e,0036d300256c76a4f5896c9a67c09337f62afc17d020e7827ddb9cdd844e3729,0036d300256c76a4f5896c9a67c09337f62afc17d020e7827ddb9cdd844e3729,318.00000000001364,320.00000000001364,0.0,0.0,0.0,0.0,80,40,32.0,False,0.0,0.0,computed_reduced_circuit_not_author_reproduction
1001,2.0,plasticity_disabled,A,trace_reset_ablation,d8cc2fdb3eb30244c9024475,0036d300256c76a4f5896c9a67c09337f62afc17d020e7827ddb9cdd844e3729,0036d300256c76a4f5896c9a67c09337f62afc17d020e7827ddb9cdd844e3729,318.00000000001364,320.00000000001364,0.0,0.0,0.0,0.0,80,40,32.0,False,0.0,0.0,computed_reduced_circuit_not_author_reproduction
1001,2.0,plasticity_disabled,B,carry_trace,e56c26b65b2ccd9fc5ce83b0,0036d300256c76a4f5896c9a67c09337f62afc17d020e7827ddb9cdd844e3729,0036d300256c76a4f5896c9a67c09337f62afc17d020e7827ddb9cdd844e3729,318.00000000001364,320.00000000001364,0.0,0.0,0.0,0.0,80,40,32.0,False,0.0,0.0,computed_reduced_circuit_not_author_reproduction
1001,2.0,plasticity_disabled,B,trace_reset_ablation,28711d471b639c7c69460cdf,0036d300256c76a4f5896c9a67c09337f62afc17d020e7827ddb9cdd844e3729,0036d300256c76a4f5896c9a67c09337f62afc17d020e7827ddb9cdd844e3729,318.00000000001364,320.00000000001364,0.0,0.0,0.0,0.0,80,40,32.0,False,0.0,0.0,computed_reduced_circuit_not_author_reproduction
1001,10.0,paired,A,carry_trace,80e241f9334e37f34912cee7,0036d300256c76a4f5896c9a67c09337f62afc17d020e7827ddb9cdd844e3729,5cd62562e9c7190c4491c5d2ff01a9d867d2ce97ad6521966b15895f856b1869,949.9999999999714,951.9999999999714,0.0,0.5747484971596488,0.0008992205510246487,0.5738492766086242,80,40,32.0,True,0.09189737900297457,0.5747484971596488,computed_reduced_circuit_not_author_reproduction
1001,10.0,paired,A,trace_reset_ablation,64a08b742fd989c4a096f097,0036d300256c76a4f5896c9a67c09337f62afc17d020e7827ddb9cdd844e3729,7d79e3668ffcded6dd437bac97700c866d56153df96cc816d59dbf413639418a,949.9999999999714,951.9999999999714,0.0,0.5744810124756173,0.0,0.5744810124756173,80,40,32.0,True,0.09183555261797899,0.5744810124756173,computed_reduced_circuit_not_author_reproduction
1001,10.0,paired,B,carry_trace,eb22e45ff1645fdc35823167,0036d300256c76a4f5896c9a67c09337f62afc17d020e7827ddb9cdd844e3729,eb02b082323a21ad4be965a96fbc04c07430e37f6cec9a0a67bef1e05a0edeef,949.9999999999714,951.9999999999714,0.0,0.588403434607019,0.0008917149323128815,0.5875117196747062,80,40,32.0,True,0.08325570230670631,0.588403434607019,computed_reduced_circuit_not_author_reproduction
1001,10.0,paired,B,trace_reset_ablation,6228a0e44ac3bf72526ea78b,0036d300256c76a4f5896c9a67c09337f62afc17d020e7827ddb9cdd844e3729,ad43fd6b24b664df22f0e9e7a83f23b91579c16a2a6660245372d1f234e770fa,949.9999999999714,951.9999999999714,0.0,0.5881727210602508,0.0,0.5881727210602508,80,40,32.0,True,0.08320810028060921,0.5881727210602508,computed_reduced_circuit_not_author_reproduction
1001,10.0,explicitly_unpaired,A,carry_trace,9941ad337b96a46b4689a451,0036d300256c76a4f5896c9a67c09337f62afc17d020e7827ddb9cdd844e3729,0036d300256c76a4f5896c9a67c09337f62afc17d020e7827ddb9cdd844e3729,949.9999999999711,951.9999999999711,0.0,0.0,0.0,0.0,80,40,32.0,False,0.0,0.0,computed_reduced_circuit_not_author_reproduction
1001,10.0,explicitly_unpaired,A,trace_reset_ablation,da27ff81fc76bc3e2f9ae6c0,0036d300256c76a4f5896c9a67c09337f62afc17d020e7827ddb9cdd844e3729,0036d300256c76a4f5896c9a67c09337f62afc17d020e7827ddb9cdd844e3729,949.9999999999711,951.9999999999711,0.0,0.0,0.0,0.0,80,40,32.0,False,0.0,0.0,computed_reduced_circuit_not_author_reproduction
1001,10.0,explicitly_unpaired,B,carry_trace,89c948fa64a085186c6e99f9,0036d300256c76a4f5896c9a67c09337f62afc17d020e7827ddb9cdd844e3729,0036d300256c76a4f5896c9a67c09337f62afc17d020e7827ddb9cdd844e3729,949.9999999999711,951.9999999999711,0.0,0.0,0.0,0.0,80,40,32.0,False,0.0,0.0,computed_reduced_circuit_not_author_reproduction
1001,10.0,explicitly_unpaired,B,trace_reset_ablation,6cd9a8fd9cb8a1c2a9bd86e2,0036d300256c76a4f5896c9a67c09337f62afc17d020e7827ddb9cdd844e3729,0036d300256c76a4f5896c9a67c09337f62afc17d020e7827ddb9cdd844e3729,949.9999999999711,951.9999999999711,0.0,0.0,0.0,0.0,80,40,32.0,False,0.0,0.0,computed_reduced_circuit_not_author_reproduction
1001,10.0,no_reward,A,carry_trace,f9fc55ba86be68b7422abd0a,0036d300256c76a4f5896c9a67c09337f62afc17d020e7827ddb9cdd844e3729,0036d300256c76a4f5896c9a67c09337f62afc17d020e7827ddb9cdd844e3729,949.9999999999714,951.9999999999714,0.0,0.0,0.0,0.0,80,0,0.0,False,0.0,0.0,computed_reduced_circuit_not_author_reproduction
1001,10.0,no_reward,A,trace_reset_ablation,1f4661388828de6e163bc638,0036d300256c76a4f5896c9a67c09337f62afc17d020e7827ddb9cdd844e3729,0036d300256c76a4f5896c9a67c09337f62afc17d020e7827ddb9cdd844e3729,949.9999999999714,951.9999999999714,0.0,0.0,0.0,0.0,80,0,0.0,False,0.0,0.0,computed_reduced_circuit_not_author_reproduction
1001,10.0,no_reward,B,carry_trace,26b65d89dc7e2fa1f17f9209,0036d300256c76a4f5896c9a67c09337f62afc17d020e7827ddb9cdd844e3729,0036d300256c76a4f5896c9a67c09337f62afc17d020e7827ddb9cdd844e3729,949.9999999999714,951.9999999999714,0.0,0.0,0.0,0.0,80,0,0.0,False,0.0,0.0,computed_reduced_circuit_not_author_reproduction
1001,10.0,no_reward,B,trace_reset_ablation,cc5a5dae399203a80d1928b1,0036d300256c76a4f5896c9a67c09337f62afc17d020e7827ddb9cdd844e3729,0036d300256c76a4f5896c9a67c09337f62afc17d020e7827ddb9cdd844e3729,949.9999999999714,951.9999999999714,0.0,0.0,0.0,0.0,80,0,0.0,False,0.0,0.0,computed_reduced_circuit_not_author_reproduction
1001,10.0,plasticity_disabled,A,carry_trace,de3cdcb580296fc7780e34ae,0036d300256c76a4f5896c9a67c09337f62afc17d020e7827ddb9cdd844e3729,0036d300256c76a4f5896c9a67c09337f62afc17d020e7827ddb9cdd844e3729,949.9999999999714,951.9999999999714,0.0,0.0,0.0,0.0,80,40,32.0,False,0.0,0.0,computed_reduced_circuit_not_author_reproduction
1001,10.0,plasticity_disabled,A,trace_reset_ablation,13cbd1ee54b17900956ccc12,0036d300256c76a4f5896c9a67c09337f62afc17d020e7827ddb9cdd844e3729,0036d300256c76a4f5896c9a67c09337f62afc17d020e7827ddb9cdd844e3729,949.9999999999714,951.9999999999714,0.0,0.0,0.0,0.0,80,40,32.0,False,0.0,0.0,computed_reduced_circuit_not_author_reproduction
1001,10.0,plasticity_disabled,B,carry_trace,99bad02bb504cf9175cb2820,0036d300256c76a4f5896c9a67c09337f62afc17d020e7827ddb9cdd844e3729,0036d300256c76a4f5896c9a67c09337f62afc17d020e7827ddb9cdd844e3729,949.9999999999714,951.9999999999714,0.0,0.0,0.0,0.0,80,40,32.0,False,0.0,0.0,computed_reduced_circuit_not_author_reproduction
1001,10.0,plasticity_disabled,B,trace_reset_ablation,f07ce874de02f84f115d118c,0036d300256c76a4f5896c9a67c09337f62afc17d020e7827ddb9cdd844e3729,0036d300256c76a4f5896c9a67c09337f62afc17d020e7827ddb9cdd844e3729,949.9999999999714,951.9999999999714,0.0,0.0,0.0,0.0,80,40,32.0,False,0.0,0.0,computed_reduced_circuit_not_author_reproduction
1001,40.0,paired,A,carry_trace,a3a96fb34235ae5ece4e89b7,0036d300256c76a4f5896c9a67c09337f62afc17d020e7827ddb9cdd844e3729,a4fec7975322cf483eebfae60a0292fc1631b7756506cc1d0e3eb371b082d792,3320.0000000000846,3322.0000000000846,0.0,0.574481012557912,2.746872729275651e-10,0.5744810122832247,80,40,32.0,True,0.0918355526368343,0.574481012557912,computed_reduced_circuit_not_author_reproduction
1001,40.0,paired,A,trace_reset_ablation,89772dd0b50447426af41bf5,0036d300256c76a4f5896c9a67c09337f62afc17d020e7827ddb9cdd844e3729,7d79e3668ffcded6dd437bac97700c866d56153df96cc816d59dbf413639418a,3320.0000000000846,3322.0000000000846,0.0,0.5744810124756173,0.0,0.5744810124756173,80,40,32.0,True,0.09183555261797899,0.5744810124756173,computed_reduced_circuit_not_author_reproduction
1001,40.0,paired,B,carry_trace,c9254857909ea93734221f39,0036d300256c76a4f5896c9a67c09337f62afc17d020e7827ddb9cdd844e3729,49be00c06e466b2da6408ae1253936609923022c104993362fca2775c5a3cdfe,3320.0000000000846,3322.0000000000846,0.0,0.5881727211312406,2.7249102974025163e-10,0.5881727208587496,80,40,32.0,True,0.08320810029511616,0.5881727211312406,computed_reduced_circuit_not_author_reproduction
1001,40.0,paired,B,trace_reset_ablation,c7b523893a7407c9872d3f2b,0036d300256c76a4f5896c9a67c09337f62afc17d020e7827ddb9cdd844e3729,ad43fd6b24b664df22f0e9e7a83f23b91579c16a2a6660245372d1f234e770fa,3320.0000000000846,3322.0000000000846,0.0,0.5881727210602508,0.0,0.5881727210602508,80,40,32.0,True,0.08320810028060921,0.5881727210602508,computed_reduced_circuit_not_author_reproduction
1001,40.0,explicitly_unpaired,A,carry_trace,91e71eab0095080fc6bed473,0036d300256c76a4f5896c9a67c09337f62afc17d020e7827ddb9cdd844e3729,0036d300256c76a4f5896c9a67c09337f62afc17d020e7827ddb9cdd844e3729,3320.0000000000846,3322.0000000000846,0.0,0.0,0.0,0.0,80,40,32.0,False,0.0,0.0,computed_reduced_circuit_not_author_reproduction
1001,40.0,explicitly_unpaired,A,trace_reset_ablation,c53b69ba66ca040c08108732,0036d300256c76a4f5896c9a67c09337f62afc17d020e7827ddb9cdd844e3729,0036d300256c76a4f5896c9a67c09337f62afc17d020e7827ddb9cdd844e3729,3320.0000000000846,3322.0000000000846,0.0,0.0,0.0,0.0,80,40,32.0,False,0.0,0.0,computed_reduced_circuit_not_author_reproduction
1001,40.0,explicitly_unpaired,B,carry_trace,afd39d8ec6e62a8c1b8e6a79,0036d300256c76a4f5896c9a67c09337f62afc17d020e7827ddb9cdd844e3729,0036d300256c76a4f5896c9a67c09337f62afc17d020e7827ddb9cdd844e3729,3320.0000000000846,3322.0000000000846,0.0,0.0,0.0,0.0,80,40,32.0,False,0.0,0.0,computed_reduced_circuit_not_author_reproduction
1001,40.0,explicitly_unpaired,B,trace_reset_ablation,b0c69b738d02718f07565cbf,0036d300256c76a4f5896c9a67c09337f62afc17d020e7827ddb9cdd844e3729,0036d300256c76a4f5896c9a67c09337f62afc17d020e7827ddb9cdd844e3729,3320.0000000000846,3322.0000000000846,0.0,0.0,0.0,0.0,80,40,32.0,False,0.0,0.0,computed_reduced_circuit_not_author_reproduction
1001,40.0,no_reward,A,carry_trace,dfc9833a6ae453e5596c8ebc,0036d300256c76a4f5896c9a67c09337f62afc17d020e7827ddb9cdd844e3729,0036d300256c76a4f5896c9a67c09337f62afc17d020e7827ddb9cdd844e3729,3320.0000000000846,3322.0000000000846,0.0,0.0,0.0,0.0,80,0,0.0,False,0.0,0.0,computed_reduced_circuit_not_author_reproduction
1001,40.0,no_reward,A,trace_reset_ablation,2b9f7baf1068f3dfef517d72,0036d300256c76a4f5896c9a67c09337f62afc17d020e7827ddb9cdd844e3729,0036d300256c76a4f5896c9a67c09337f62afc17d020e7827ddb9cdd844e3729,3320.0000000000846,3322.0000000000846,0.0,0.0,0.0,0.0,80,0,0.0,False,0.0,0.0,computed_reduced_circuit_not_author_reproduction
1001,40.0,no_reward,B,carry_trace,50d63f7ba599e83eb3f11ae2,0036d300256c76a4f5896c9a67c09337f62afc17d020e7827ddb9cdd844e3729,0036d300256c76a4f5896c9a67c09337f62afc17d020e7827ddb9cdd844e3729,3320.0000000000846,3322.0000000000846,0.0,0.0,0.0,0.0,80,0,0.0,False,0.0,0.0,computed_reduced_circuit_not_author_reproduction
1001,40.0,no_reward,B,trace_reset_ablation,5dc83806679b02845f169419,0036d300256c76a4f5896c9a67c09337f62afc17d020e7827ddb9cdd844e3729,0036d300256c76a4f5896c9a67c09337f62afc17d020e7827ddb9cdd844e3729,3320.0000000000846,3322.0000000000846,0.0,0.0,0.0,0.0,80,0,0.0,False,0.0,0.0,computed_reduced_circuit_not_author_reproduction
1001,40.0,plasticity_disabled,A,carry_trace,2e6482f64a407e2a4e27e554,0036d300256c76a4f5896c9a67c09337f62afc17d020e7827ddb9cdd844e3729,0036d300256c76a4f5896c9a67c09337f62afc17d020e7827ddb9cdd844e3729,3320.0000000000846,3322.0000000000846,0.0,0.0,0.0,0.0,80,40,32.0,False,0.0,0.0,computed_reduced_circuit_not_author_reproduction
1001,40.0,plasticity_disabled,A,trace_reset_ablation,980e0f58eed21d2527c7febf,0036d300256c76a4f5896c9a67c09337f62afc17d020e7827ddb9cdd844e3729,0036d300256c76a4f5896c9a67c09337f62afc17d020e7827ddb9cdd844e3729,3320.0000000000846,3322.0000000000846,0.0,0.0,0.0,0.0,80,40,32.0,False,0.0,0.0,computed_reduced_circuit_not_author_reproduction
1001,40.0,plasticity_disabled,B,carry_trace,a92319f00624312f369c338d,0036d300256c76a4f5896c9a67c09337f62afc17d020e7827ddb9cdd844e3729,0036d300256c76a4f5896c9a67c09337f62afc17d020e7827ddb9cdd844e3729,3320.0000000000846,3322.0000000000846,0.0,0.0,0.0,0.0,80,40,32.0,False,0.0,0.0,computed_reduced_circuit_not_author_reproduction
1001,40.0,plasticity_disabled,B,trace_reset_ablation,ce4f5c81bbdff9624bc2655b,0036d300256c76a4f5896c9a67c09337f62afc17d020e7827ddb9cdd844e3729,0036d300256c76a4f5896c9a67c09337f62afc17d020e7827ddb9cdd844e3729,3320.0000000000846,3322.0000000000846,0.0,0.0,0.0,0.0,80,40,32.0,False,0.0,0.0,computed_reduced_circuit_not_author_reproduction
1002,2.0,paired,A,carry_trace,c08dbc7c107ec43ca40cb042,0036d300256c76a4f5896c9a67c09337f62afc17d020e7827ddb9cdd844e3729,64a1e1a6fa549bf399dc178ceb9d80b2c1bd29820a53a33b0ec45af8067f2f2c,318.00000000001364,320.00000000001364,0.0,0.5895317693381017,0.04861272728406851,0.5409190420540332,80,40,32.0,True,0.08552400402502852,0.5895317693381017,computed_reduced_circuit_not_author_reproduction
1002,2.0,paired,A,trace_reset_ablation,0b7995908cb1763d5321ba9b,0036d300256c76a4f5896c9a67c09337f62afc17d020e7827ddb9cdd844e3729,8d8a9c578f8b1409b9e69215ec529ce4cda98f7466a2cfc258a44e9f6a9af2bd,318.00000000001364,320.00000000001364,0.0,0.5814545706205523,0.0,0.5814545706205523,80,40,32.0,True,0.08229650374975739,0.5814545706205523,computed_reduced_circuit_not_author_reproduction
1002,2.0,paired,B,carry_trace,91e4d4cbcff3ba5848af8efe,0036d300256c76a4f5896c9a67c09337f62afc17d020e7827ddb9cdd844e3729,f0b172eb6e610a79d6d425e3c53157f746978757670ee193fba8703c45530f2b,318.00000000001364,320.00000000001364,0.0,0.5900684013465993,0.05218509945576566,0.5378833018908337,80,40,32.0,True,0.0877791207183462,0.5900684013465993,computed_reduced_circuit_not_author_reproduction
1002,2.0,paired,B,trace_reset_ablation,a4c5b9a2152be7298b101c48,0036d300256c76a4f5896c9a67c09337f62afc17d020e7827ddb9cdd844e3729,8f59380863b4b0af740dc76c812375f8bac6a07dc071264d0b86707035b71353,318.00000000001364,320.00000000001364,0.0,0.5809567175447369,0.0,0.5809567175447369,80,40,32.0,True,0.08422979634392685,0.5809567175447369,computed_reduced_circuit_not_author_reproduction
1002,2.0,explicitly_unpaired,A,carry_trace,8ab6c626ba6eba9bfd5b371a,0036d300256c76a4f5896c9a67c09337f62afc17d020e7827ddb9cdd844e3729,0036d300256c76a4f5896c9a67c09337f62afc17d020e7827ddb9cdd844e3729,318.00000000001353,320.00000000001353,0.0,0.0,0.0,0.0,80,40,32.0,False,0.0,0.0,computed_reduced_circuit_not_author_reproduction
1002,2.0,explicitly_unpaired,A,trace_reset_ablation,de7a37e5428e7dd8bc464d3c,0036d300256c76a4f5896c9a67c09337f62afc17d020e7827ddb9cdd844e3729,0036d300256c76a4f5896c9a67c09337f62afc17d020e7827ddb9cdd844e3729,318.00000000001353,320.00000000001353,0.0,0.0,0.0,0.0,80,40,32.0,False,0.0,0.0,computed_reduced_circuit_not_author_reproduction
1002,2.0,explicitly_unpaired,B,carry_trace,e7ae610a8066e3ab920fa7a0,0036d300256c76a4f5896c9a67c09337f62afc17d020e7827ddb9cdd844e3729,0036d300256c76a4f5896c9a67c09337f62afc17d020e7827ddb9cdd844e3729,318.00000000001353,320.00000000001353,0.0,0.0,0.0,0.0,80,40,32.0,False,0.0,0.0,computed_reduced_circuit_not_author_reproduction
1002,2.0,explicitly_unpaired,B,trace_reset_ablation,167b251e524540c82fcac6c8,0036d300256c76a4f5896c9a67c09337f62afc17d020e7827ddb9cdd844e3729,0036d300256c76a4f5896c9a67c09337f62afc17d020e7827ddb9cdd844e3729,318.00000000001353,320.00000000001353,0.0,0.0,0.0,0.0,80,40,32.0,False,0.0,0.0,computed_reduced_circuit_not_author_reproduction
1002,2.0,no_reward,A,carry_trace,71c642cf5d73a5f4ed4eafc2,0036d300256c76a4f5896c9a67c09337f62afc17d020e7827ddb9cdd844e3729,0036d300256c76a4f5896c9a67c09337f62afc17d020e7827ddb9cdd844e3729,318.00000000001364,320.00000000001364,0.0,0.0,0.0,0.0,80,0,0.0,False,0.0,0.0,computed_reduced_circuit_not_author_reproduction
1002,2.0,no_reward,A,trace_reset_ablation,c3758b3ad80bd52c9060fa34,0036d300256c76a4f5896c9a67c09337f62afc17d020e7827ddb9cdd844e3729,0036d300256c76a4f5896c9a67c09337f62afc17d020e7827ddb9cdd844e3729,318.00000000001364,320.00000000001364,0.0,0.0,0.0,0.0,80,0,0.0,False,0.0,0.0,computed_reduced_circuit_not_author_reproduction
1002,2.0,no_reward,B,carry_trace,ffbeece1ca1924d66c58bc5f,0036d300256c76a4f5896c9a67c09337f62afc17d020e7827ddb9cdd844e3729,0036d300256c76a4f5896c9a67c09337f62afc17d020e7827ddb9cdd844e3729,318.00000000001364,320.00000000001364,0.0,0.0,0.0,0.0,80,0,0.0,False,0.0,0.0,computed_reduced_circuit_not_author_reproduction
1002,2.0,no_reward,B,trace_reset_ablation,25f19df77c21ff55e928c0a2,0036d300256c76a4f5896c9a67c09337f62afc17d020e7827ddb9cdd844e3729,0036d300256c76a4f5896c9a67c09337f62afc17d020e7827ddb9cdd844e3729,318.00000000001364,320.00000000001364,0.0,0.0,0.0,0.0,80,0,0.0,False,0.0,0.0,computed_reduced_circuit_not_author_reproduction
1002,2.0,plasticity_disabled,A,carry_trace,0ef78a69d9d4bb9e4084aedd,0036d300256c76a4f5896c9a67c09337f62afc17d020e7827ddb9cdd844e3729,0036d300256c76a4f5896c9a67c09337f62afc17d020e7827ddb9cdd844e3729,318.00000000001364,320.00000000001364,0.0,0.0,0.0,0.0,80,40,32.0,False,0.0,0.0,computed_reduced_circuit_not_author_reproduction
1002,2.0,plasticity_disabled,A,trace_reset_ablation,5e586f3431922f6c3c19c122,0036d300256c76a4f5896c9a67c09337f62afc17d020e7827ddb9cdd844e3729,0036d300256c76a4f5896c9a67c09337f62afc17d020e7827ddb9cdd844e3729,318.00000000001364,320.00000000001364,0.0,0.0,0.0,0.0,80,40,32.0,False,0.0,0.0,computed_reduced_circuit_not_author_reproduction
1002,2.0,plasticity_disabled,B,carry_trace,d017d91d49a99db93862b10e,0036d300256c76a4f5896c9a67c09337f62afc17d020e7827ddb9cdd844e3729,0036d300256c76a4f5896c9a67c09337f62afc17d020e7827ddb9cdd844e3729,318.00000000001364,320.00000000001364,0.0,0.0,0.0,0.0,80,40,32.0,False,0.0,0.0,computed_reduced_circuit_not_author_reproduction
1002,2.0,plasticity_disabled,B,trace_reset_ablation,081729d7a35e695b12d7a6d3,0036d300256c76a4f5896c9a67c09337f62afc17d020e7827ddb9cdd844e3729,0036d300256c76a4f5896c9a67c09337f62afc17d020e7827ddb9cdd844e3729,318.00000000001364,320.00000000001364,0.0,0.0,0.0,0.0,80,40,32.0,False,0.0,0.0,computed_reduced_circuit_not_author_reproduction
1002,10.0,paired,A,carry_trace,458b9c119022a71ef1f528b8,0036d300256c76a4f5896c9a67c09337f62afc17d020e7827ddb9cdd844e3729,da423377df7e0563e2e0df4d4d3786ce60b78abf6fd58495d2e907d0ce68e641,949.9999999999714,951.9999999999714,0.0,0.5816812083069226,0.0007899716853687622,0.5808912366215538,80,40,32.0,True,0.0823430628489521,0.5816812083069226,computed_reduced_circuit_not_author_reproduction
1002,10.0,paired,A,trace_reset_ablation,761f0c382f7e66af830b6c07,0036d300256c76a4f5896c9a67c09337f62afc17d020e7827ddb9cdd844e3729,8d8a9c578f8b1409b9e69215ec529ce4cda98f7466a2cfc258a44e9f6a9af2bd,949.9999999999714,951.9999999999714,0.0,0.5814545706205523,0.0,0.5814545706205523,80,40,32.0,True,0.08229650374975739,0.5814545706205523,computed_reduced_circuit_not_author_reproduction
1002,10.0,paired,B,carry_trace,51ab59cfd780bc6fc22244bb,0036d300256c76a4f5896c9a67c09337f62afc17d020e7827ddb9cdd844e3729,3ca31f87110db5f59d6224868df3347422f619f13b5f0b0fd12d839db0a2baeb,949.9999999999714,951.9999999999714,0.0,0.5811917357779052,0.0008601685841453932,0.5803315671937598,80,40,32.0,True,0.08427923300859347,0.5811917357779052,computed_reduced_circuit_not_author_reproduction
1002,10.0,paired,B,trace_reset_ablation,7062291530f2c18e6184a8bf,0036d300256c76a4f5896c9a67c09337f62afc17d020e7827ddb9cdd844e3729,8f59380863b4b0af740dc76c812375f8bac6a07dc071264d0b86707035b71353,949.9999999999714,951.9999999999714,0.0,0.5809567175447369,0.0,0.5809567175447369,80,40,32.0,True,0.08422979634392685,0.5809567175447369,computed_reduced_circuit_not_author_reproduction
1002,10.0,explicitly_unpaired,A,carry_trace,22d7871b9b5bc6819899970c,0036d300256c76a4f5896c9a67c09337f62afc17d020e7827ddb9cdd844e3729,0036d300256c76a4f5896c9a67c09337f62afc17d020e7827ddb9cdd844e3729,949.9999999999711,951.9999999999711,0.0,0.0,0.0,0.0,80,40,32.0,False,0.0,0.0,computed_reduced_circuit_not_author_reproduction
1002,10.0,explicitly_unpaired,A,trace_reset_ablation,e2a5915ea80159091c36968c,0036d300256c76a4f5896c9a67c09337f62afc17d020e7827ddb9cdd844e3729,0036d300256c76a4f5896c9a67c09337f62afc17d020e7827ddb9cdd844e3729,949.9999999999711,951.9999999999711,0.0,0.0,0.0,0.0,80,40,32.0,False,0.0,0.0,computed_reduced_circuit_not_author_reproduction
1002,10.0,explicitly_unpaired,B,carry_trace,9dbeabf87d396d5c20741ee8,0036d300256c76a4f5896c9a67c09337f62afc17d020e7827ddb9cdd844e3729,0036d300256c76a4f5896c9a67c09337f62afc17d020e7827ddb9cdd844e3729,949.9999999999711,951.9999999999711,0.0,0.0,0.0,0.0,80,40,32.0,False,0.0,0.0,computed_reduced_circuit_not_author_reproduction
1002,10.0,explicitly_unpaired,B,trace_reset_ablation,16bbc63577ca0f695c121fcc,0036d300256c76a4f5896c9a67c09337f62afc17d020e7827ddb9cdd844e3729,0036d300256c76a4f5896c9a67c09337f62afc17d020e7827ddb9cdd844e3729,949.9999999999711,951.9999999999711,0.0,0.0,0.0,0.0,80,40,32.0,False,0.0,0.0,computed_reduced_circuit_not_author_reproduction
1002,10.0,no_reward,A,carry_trace,42ee12868c7d4ad894956ae4,0036d300256c76a4f5896c9a67c09337f62afc17d020e7827ddb9cdd844e3729,0036d300256c76a4f5896c9a67c09337f62afc17d020e7827ddb9cdd844e3729,949.9999999999714,951.9999999999714,0.0,0.0,0.0,0.0,80,0,0.0,False,0.0,0.0,computed_reduced_circuit_not_author_reproduction
1002,10.0,no_reward,A,trace_reset_ablation,c982eb8992a5ee90f564d530,0036d300256c76a4f5896c9a67c09337f62afc17d020e7827ddb9cdd844e3729,0036d300256c76a4f5896c9a67c09337f62afc17d020e7827ddb9cdd844e3729,949.9999999999714,951.9999999999714,0.0,0.0,0.0,0.0,80,0,0.0,False,0.0,0.0,computed_reduced_circuit_not_author_reproduction
1002,10.0,no_reward,B,carry_trace,d27357f6d743a803a0310d35,0036d300256c76a4f5896c9a67c09337f62afc17d020e7827ddb9cdd844e3729,0036d300256c76a4f5896c9a67c09337f62afc17d020e7827ddb9cdd844e3729,949.9999999999714,951.9999999999714,0.0,0.0,0.0,0.0,80,0,0.0,False,0.0,0.0,computed_reduced_circuit_not_author_reproduction
1002,10.0,no_reward,B,trace_reset_ablation,ecfbdfc4b1fce5fc2b5c05c3,0036d300256c76a4f5896c9a67c09337f62afc17d020e7827ddb9cdd844e3729,0036d300256c76a4f5896c9a67c09337f62afc17d020e7827ddb9cdd844e3729,949.9999999999714,951.9999999999714,0.0,0.0,0.0,0.0,80,0,0.0,False,0.0,0.0,computed_reduced_circuit_not_author_reproduction
1002,10.0,plasticity_disabled,A,carry_trace,445803ba215c71b2621efb9c,0036d300256c76a4f5896c9a67c09337f62afc17d020e7827ddb9cdd844e3729,0036d300256c76a4f5896c9a67c09337f62afc17d020e7827ddb9cdd844e3729,949.9999999999714,951.9999999999714,0.0,0.0,0.0,0.0,80,40,32.0,False,0.0,0.0,computed_reduced_circuit_not_author_reproduction
1002,10.0,plasticity_disabled,A,trace_reset_ablation,9ecea38e81944b62d422c449,0036d300256c76a4f5896c9a67c09337f62afc17d020e7827ddb9cdd844e3729,0036d300256c76a4f5896c9a67c09337f62afc17d020e7827ddb9cdd844e3729,949.9999999999714,951.9999999999714,0.0,0.0,0.0,0.0,80,40,32.0,False,0.0,0.0,computed_reduced_circuit_not_author_reproduction
1002,10.0,plasticity_disabled,B,carry_trace,89c433df22cddcea451b796e,0036d300256c76a4f5896c9a67c09337f62afc17d020e7827ddb9cdd844e3729,0036d300256c76a4f5896c9a67c09337f62afc17d020e7827ddb9cdd844e3729,949.9999999999714,951.9999999999714,0.0,0.0,0.0,0.0,80,40,32.0,False,0.0,0.0,computed_reduced_circuit_not_author_reproduction
1002,10.0,plasticity_disabled,B,trace_reset_ablation,35bf07f36e48b968496add51,0036d300256c76a4f5896c9a67c09337f62afc17d020e7827ddb9cdd844e3729,0036d300256c76a4f5896c9a67c09337f62afc17d020e7827ddb9cdd844e3729,949.9999999999714,951.9999999999714,0.0,0.0,0.0,0.0,80,40,32.0,False,0.0,0.0,computed_reduced_circuit_not_author_reproduction
1002,40.0,paired,A,carry_trace,d65cd14dfed39996334f90d8,0036d300256c76a4f5896c9a67c09337f62afc17d020e7827ddb9cdd844e3729,39d5cff7a5997a43bc114738da2a902a5ba32e60f32f1c45251da9e7aaffc401,3320.0000000000846,3322.0000000000846,0.0,0.5814545706902727,2.412173794041905e-10,0.5814545704490554,80,40,32.0,True,0.0822965037639487,0.5814545706902727,computed_reduced_circuit_not_author_reproduction
1002,40.0,paired,A,trace_reset_ablation,394f6df44f24db49e58eab44,0036d300256c76a4f5896c9a67c09337f62afc17d020e7827ddb9cdd844e3729,8d8a9c578f8b1409b9e69215ec529ce4cda98f7466a2cfc258a44e9f6a9af2bd,3320.0000000000846,3322.0000000000846,0.0,0.5814545706205523,0.0,0.5814545706205523,80,40,32.0,True,0.08229650374975739,0.5814545706205523,computed_reduced_circuit_not_author_reproduction
1002,40.0,paired,B,carry_trace,8688be5bdd991eff19f0200c,0036d300256c76a4f5896c9a67c09337f62afc17d020e7827ddb9cdd844e3729,15cf35800dfcf18480f9fe175fd46c6eb0eaab991fbbfff043d9211737e42b22,3320.0000000000846,3322.0000000000846,0.0,0.5809567176169608,2.6273350162142606e-10,0.5809567173542273,80,40,32.0,True,0.0842297963589857,0.5809567176169608,computed_reduced_circuit_not_author_reproduction
1002,40.0,paired,B,trace_reset_ablation,f92c3f4ef95e56a5ec1a74c9,0036d300256c76a4f5896c9a67c09337f62afc17d020e7827ddb9cdd844e3729,8f59380863b4b0af740dc76c812375f8bac6a07dc071264d0b86707035b71353,3320.0000000000846,3322.0000000000846,0.0,0.5809567175447369,0.0,0.5809567175447369,80,40,32.0,True,0.08422979634392685,0.5809567175447369,computed_reduced_circuit_not_author_reproduction
1002,40.0,explicitly_unpaired,A,carry_trace,50cbe463ef39548fbba6577b,0036d300256c76a4f5896c9a67c09337f62afc17d020e7827ddb9cdd844e3729,0036d300256c76a4f5896c9a67c09337f62afc17d020e7827ddb9cdd844e3729,3320.0000000000846,3322.0000000000846,0.0,0.0,0.0,0.0,80,40,32.0,False,0.0,0.0,computed_reduced_circuit_not_author_reproduction
1002,40.0,explicitly_unpaired,A,trace_reset_ablation,49b946395a35ca7e6289fd85,0036d300256c76a4f5896c9a67c09337f62afc17d020e7827ddb9cdd844e3729,0036d300256c76a4f5896c9a67c09337f62afc17d020e7827ddb9cdd844e3729,3320.0000000000846,3322.0000000000846,0.0,0.0,0.0,0.0,80,40,32.0,False,0.0,0.0,computed_reduced_circuit_not_author_reproduction
1002,40.0,explicitly_unpaired,B,carry_trace,96002d02e65bcf2683f5463d,0036d300256c76a4f5896c9a67c09337f62afc17d020e7827ddb9cdd844e3729,0036d300256c76a4f5896c9a67c09337f62afc17d020e7827ddb9cdd844e3729,3320.0000000000846,3322.0000000000846,0.0,0.0,0.0,0.0,80,40,32.0,False,0.0,0.0,computed_reduced_circuit_not_author_reproduction
1002,40.0,explicitly_unpaired,B,trace_reset_ablation,a1c02c3958b47327d26a41bf,0036d300256c76a4f5896c9a67c09337f62afc17d020e7827ddb9cdd844e3729,0036d300256c76a4f5896c9a67c09337f62afc17d020e7827ddb9cdd844e3729,3320.0000000000846,3322.0000000000846,0.0,0.0,0.0,0.0,80,40,32.0,False,0.0,0.0,computed_reduced_circuit_not_author_reproduction
1002,40.0,no_reward,A,carry_trace,4822885c27807a124d79f19a,0036d300256c76a4f5896c9a67c09337f62afc17d020e7827ddb9cdd844e3729,0036d300256c76a4f5896c9a67c09337f62afc17d020e7827ddb9cdd844e3729,3320.0000000000846,3322.0000000000846,0.0,0.0,0.0,0.0,80,0,0.0,False,0.0,0.0,computed_reduced_circuit_not_author_reproduction
1002,40.0,no_reward,A,trace_reset_ablation,e4387422b38d003b2ff255a3,0036d300256c76a4f5896c9a67c09337f62afc17d020e7827ddb9cdd844e3729,0036d300256c76a4f5896c9a67c09337f62afc17d020e7827ddb9cdd844e3729,3320.0000000000846,3322.0000000000846,0.0,0.0,0.0,0.0,80,0,0.0,False,0.0,0.0,computed_reduced_circuit_not_author_reproduction
1002,40.0,no_reward,B,carry_trace,bb1f9aab09981f47423ef1dd,0036d300256c76a4f5896c9a67c09337f62afc17d020e7827ddb9cdd844e3729,0036d300256c76a4f5896c9a67c09337f62afc17d020e7827ddb9cdd844e3729,3320.0000000000846,3322.0000000000846,0.0,0.0,0.0,0.0,80,0,0.0,False,0.0,0.0,computed_reduced_circuit_not_author_reproduction
1002,40.0,no_reward,B,trace_reset_ablation,5169cc5ed1d99c9274f3c020,0036d300256c76a4f5896c9a67c09337f62afc17d020e7827ddb9cdd844e3729,0036d300256c76a4f5896c9a67c09337f62afc17d020e7827ddb9cdd844e3729,3320.0000000000846,3322.0000000000846,0.0,0.0,0.0,0.0,80,0,0.0,False,0.0,0.0,computed_reduced_circuit_not_author_reproduction
1002,40.0,plasticity_disabled,A,carry_trace,fecd3693ccbfc199f59edc7d,0036d300256c76a4f5896c9a67c09337f62afc17d020e7827ddb9cdd844e3729,0036d300256c76a4f5896c9a67c09337f62afc17d020e7827ddb9cdd844e3729,3320.0000000000846,3322.0000000000846,0.0,0.0,0.0,0.0,80,40,32.0,False,0.0,0.0,computed_reduced_circuit_not_author_reproduction
1002,40.0,plasticity_disabled,A,trace_reset_ablation,6853e98923181cfe936cb785,0036d300256c76a4f5896c9a67c09337f62afc17d020e7827ddb9cdd844e3729,0036d300256c76a4f5896c9a67c09337f62afc17d020e7827ddb9cdd844e3729,3320.0000000000846,3322.0000000000846,0.0,0.0,0.0,0.0,80,40,32.0,False,0.0,0.0,computed_reduced_circuit_not_author_reproduction
1002,40.0,plasticity_disabled,B,carry_trace,bcacaba935d9603fd97b4800,0036d300256c76a4f5896c9a67c09337f62afc17d020e7827ddb9cdd844e3729,0036d300256c76a4f5896c9a67c09337f62afc17d020e7827ddb9cdd844e3729,3320.0000000000846,3322.0000000000846,0.0,0.0,0.0,0.0,80,40,32.0,False,0.0,0.0,computed_reduced_circuit_not_author_reproduction
1002,40.0,plasticity_disabled,B,trace_reset_ablation,7056b9ce39c703a8b608fad3,0036d300256c76a4f5896c9a67c09337f62afc17d020e7827ddb9cdd844e3729,0036d300256c76a4f5896c9a67c09337f62afc17d020e7827ddb9cdd844e3729,3320.0000000000846,3322.0000000000846,0.0,0.0,0.0,0.0,80,40,32.0,False,0.0,0.0,computed_reduced_circuit_not_author_reproduction
1003,2.0,paired,A,carry_trace,e314c7ad5a29a660c7ef26fe,0036d300256c76a4f5896c9a67c09337f62afc17d020e7827ddb9cdd844e3729,9e50e3b5aa4c9a46e746f134cd6bef143233cb46679382b3c6c8a0d2c785f474,318.00000000001364,320.00000000001364,0.0,0.592717320516853,0.04532797127213872,0.5473893492447143,80,40,32.0,True,0.07530726285274958,0.592717320516853,computed_reduced_circuit_not_author_reproduction
1003,2.0,paired,A,trace_reset_ablation,9a62788bc5476053536af290,0036d300256c76a4f5896c9a67c09337f62afc17d020e7827ddb9cdd844e3729,f6244b89206b488c2d5e780131913134a6b6a83fe5970b737ad9a7a6714d2031,318.00000000001364,320.00000000001364,0.0,0.5852894094591331,0.0,0.5852894094591331,80,40,32.0,True,0.07266200573266124,0.5852894094591331,computed_reduced_circuit_not_author_reproduction
1003,2.0,paired,B,carry_trace,fce577f59aea8f92bac2cc62,0036d300256c76a4f5896c9a67c09337f62afc17d020e7827ddb9cdd844e3729,baab340067850f1846a544d9de83d364fdb6aa81e8a15af89b6bfc13c83b1e0d,318.00000000001364,320.00000000001364,0.0,0.5850701427411795,0.05065474053123431,0.5344154022099452,80,40,32.0,True,0.08357919691023874,0.5850701427411795,computed_reduced_circuit_not_author_reproduction
1003,2.0,paired,B,trace_reset_ablation,9b7ae212b6a8ac2aa72ced7d,0036d300256c76a4f5896c9a67c09337f62afc17d020e7827ddb9cdd844e3729,29baf1bfa698919c6e12aa41916ea7ee032c58d48f1ee44fdf910d919f7135dc,318.00000000001364,320.00000000001364,0.0,0.5757600842463055,0.0,0.5757600842463055,80,40,32.0,True,0.08021565082492432,0.5757600842463055,computed_reduced_circuit_not_author_reproduction
1003,2.0,explicitly_unpaired,A,carry_trace,2d5f05f075325de9276d4fef,0036d300256c76a4f5896c9a67c09337f62afc17d020e7827ddb9cdd844e3729,0036d300256c76a4f5896c9a67c09337f62afc17d020e7827ddb9cdd844e3729,318.00000000001353,320.00000000001353,0.0,0.0,0.0,0.0,80,40,32.0,False,0.0,0.0,computed_reduced_circuit_not_author_reproduction
1003,2.0,explicitly_unpaired,A,trace_reset_ablation,e979f5b7ec1629a1c33f5729,0036d300256c76a4f5896c9a67c09337f62afc17d020e7827ddb9cdd844e3729,0036d300256c76a4f5896c9a67c09337f62afc17d020e7827ddb9cdd844e3729,318.00000000001353,320.00000000001353,0.0,0.0,0.0,0.0,80,40,32.0,False,0.0,0.0,computed_reduced_circuit_not_author_reproduction
1003,2.0,explicitly_unpaired,B,carry_trace,df4021e1370b158687381845,0036d300256c76a4f5896c9a67c09337f62afc17d020e7827ddb9cdd844e3729,0036d300256c76a4f5896c9a67c09337f62afc17d020e7827ddb9cdd844e3729,318.00000000001353,320.00000000001353,0.0,0.0,0.0,0.0,80,40,32.0,False,0.0,0.0,computed_reduced_circuit_not_author_reproduction
1003,2.0,explicitly_unpaired,B,trace_reset_ablation,45ebb7e42ac9d0c6c19d1412,0036d300256c76a4f5896c9a67c09337f62afc17d020e7827ddb9cdd844e3729,0036d300256c76a4f5896c9a67c09337f62afc17d020e7827ddb9cdd844e3729,318.00000000001353,320.00000000001353,0.0,0.0,0.0,0.0,80,40,32.0,False,0.0,0.0,computed_reduced_circuit_not_author_reproduction
1003,2.0,no_reward,A,carry_trace,8fde989669c4d541338b2529,0036d300256c76a4f5896c9a67c09337f62afc17d020e7827ddb9cdd844e3729,0036d300256c76a4f5896c9a67c09337f62afc17d020e7827ddb9cdd844e3729,318.00000000001364,320.00000000001364,0.0,0.0,0.0,0.0,80,0,0.0,False,0.0,0.0,computed_reduced_circuit_not_author_reproduction
1003,2.0,no_reward,A,trace_reset_ablation,b18de56a622172f891b0f933,0036d300256c76a4f5896c9a67c09337f62afc17d020e7827ddb9cdd844e3729,0036d300256c76a4f5896c9a67c09337f62afc17d020e7827ddb9cdd844e3729,318.00000000001364,320.00000000001364,0.0,0.0,0.0,0.0,80,0,0.0,False,0.0,0.0,computed_reduced_circuit_not_author_reproduction
1003,2.0,no_reward,B,carry_trace,8cdb744773d1a8357887006a,0036d300256c76a4f5896c9a67c09337f62afc17d020e7827ddb9cdd844e3729,0036d300256c76a4f5896c9a67c09337f62afc17d020e7827ddb9cdd844e3729,318.00000000001364,320.00000000001364,0.0,0.0,0.0,0.0,80,0,0.0,False,0.0,0.0,computed_reduced_circuit_not_author_reproduction
1003,2.0,no_reward,B,trace_reset_ablation,7bd08fda0253185fc3737d95,0036d300256c76a4f5896c9a67c09337f62afc17d020e7827ddb9cdd844e3729,0036d300256c76a4f5896c9a67c09337f62afc17d020e7827ddb9cdd844e3729,318.00000000001364,320.00000000001364,0.0,0.0,0.0,0.0,80,0,0.0,False,0.0,0.0,computed_reduced_circuit_not_author_reproduction
1003,2.0,plasticity_disabled,A,carry_trace,a059edf2adc2e3ab8442e593,0036d300256c76a4f5896c9a67c09337f62afc17d020e7827ddb9cdd844e3729,0036d300256c76a4f5896c9a67c09337f62afc17d020e7827ddb9cdd844e3729,318.00000000001364,320.00000000001364,0.0,0.0,0.0,0.0,80,40,32.0,False,0.0,0.0,computed_reduced_circuit_not_author_reproduction
1003,2.0,plasticity_disabled,A,trace_reset_ablation,ca8925eae5569737a0c0d7c7,0036d300256c76a4f5896c9a67c09337f62afc17d020e7827ddb9cdd844e3729,0036d300256c76a4f5896c9a67c09337f62afc17d020e7827ddb9cdd844e3729,318.00000000001364,320.00000000001364,0.0,0.0,0.0,0.0,80,40,32.0,False,0.0,0.0,computed_reduced_circuit_not_author_reproduction
1003,2.0,plasticity_disabled,B,carry_trace,e44adf0d2f3c0004e8d0bba6,0036d300256c76a4f5896c9a67c09337f62afc17d020e7827ddb9cdd844e3729,0036d300256c76a4f5896c9a67c09337f62afc17d020e7827ddb9cdd844e3729,318.00000000001364,320.00000000001364,0.0,0.0,0.0,0.0,80,40,32.0,False,0.0,0.0,computed_reduced_circuit_not_author_reproduction
1003,2.0,plasticity_disabled,B,trace_reset_ablation,3fb8f762ba5e591cfac8f92e,0036d300256c76a4f5896c9a67c09337f62afc17d020e7827ddb9cdd844e3729,0036d300256c76a4f5896c9a67c09337f62afc17d020e7827ddb9cdd844e3729,318.00000000001364,320.00000000001364,0.0,0.0,0.0,0.0,80,40,32.0,False,0.0,0.0,computed_reduced_circuit_not_author_reproduction
1003,10.0,paired,A,carry_trace,9497f14ff6741bcd7c78046d,0036d300256c76a4f5896c9a67c09337f62afc17d020e7827ddb9cdd844e3729,822a29371e8203587768bbadf6472485be1cdaee4da2bbbb5f20ac0283c4636c,949.9999999999714,951.9999999999714,0.0,0.585494347389828,0.0007264572836001015,0.5847678901062279,80,40,32.0,True,0.0726989828158281,0.585494347389828,computed_reduced_circuit_not_author_reproduction
1003,10.0,paired,A,trace_reset_ablation,8f5166f7ff88661e5a49d8b1,0036d300256c76a4f5896c9a67c09337f62afc17d020e7827ddb9cdd844e3729,f6244b89206b488c2d5e780131913134a6b6a83fe5970b737ad9a7a6714d2031,949.9999999999714,951.9999999999714,0.0,0.5852894094591331,0.0,0.5852894094591331,80,40,32.0,True,0.07266200573266124,0.5852894094591331,computed_reduced_circuit_not_author_reproduction
1003,10.0,paired,B,carry_trace,8a1351f9da4124bab2eba09e,0036d300256c76a4f5896c9a67c09337f62afc17d020e7827ddb9cdd844e3729,d1453a1bdbe1f740d1775a56c545007694092668bd4bcbe086a2c0b34de73c39,949.9999999999714,951.9999999999714,0.0,0.5759899873762719,0.0008252314015471107,0.5751647559747248,80,40,32.0,True,0.08026192438773072,0.5759899873762719,computed_reduced_circuit_not_author_reproduction
1003,10.0,paired,B,trace_reset_ablation,e00cecc8318e72f1837d1dad,0036d300256c76a4f5896c9a67c09337f62afc17d020e7827ddb9cdd844e3729,29baf1bfa698919c6e12aa41916ea7ee032c58d48f1ee44fdf910d919f7135dc,949.9999999999714,951.9999999999714,0.0,0.5757600842463055,0.0,0.5757600842463055,80,40,32.0,True,0.08021565082492432,0.5757600842463055,computed_reduced_circuit_not_author_reproduction
1003,10.0,explicitly_unpaired,A,carry_trace,51d8f931e47f90e1366e1761,0036d300256c76a4f5896c9a67c09337f62afc17d020e7827ddb9cdd844e3729,0036d300256c76a4f5896c9a67c09337f62afc17d020e7827ddb9cdd844e3729,949.9999999999711,951.9999999999711,0.0,0.0,0.0,0.0,80,40,32.0,False,0.0,0.0,computed_reduced_circuit_not_author_reproduction
1003,10.0,explicitly_unpaired,A,trace_reset_ablation,cee75757b45e95b6eaa52035,0036d300256c76a4f5896c9a67c09337f62afc17d020e7827ddb9cdd844e3729,0036d300256c76a4f5896c9a67c09337f62afc17d020e7827ddb9cdd844e3729,949.9999999999711,951.9999999999711,0.0,0.0,0.0,0.0,80,40,32.0,False,0.0,0.0,computed_reduced_circuit_not_author_reproduction
1003,10.0,explicitly_unpaired,B,carry_trace,9c6054089a71d443fab581c7,0036d300256c76a4f5896c9a67c09337f62afc17d020e7827ddb9cdd844e3729,0036d300256c76a4f5896c9a67c09337f62afc17d020e7827ddb9cdd844e3729,949.9999999999711,951.9999999999711,0.0,0.0,0.0,0.0,80,40,32.0,False,0.0,0.0,computed_reduced_circuit_not_author_reproduction
1003,10.0,explicitly_unpaired,B,trace_reset_ablation,4aa915ba46eba023a69bb2e3,0036d300256c76a4f5896c9a67c09337f62afc17d020e7827ddb9cdd844e3729,0036d300256c76a4f5896c9a67c09337f62afc17d020e7827ddb9cdd844e3729,949.9999999999711,951.9999999999711,0.0,0.0,0.0,0.0,80,40,32.0,False,0.0,0.0,computed_reduced_circuit_not_author_reproduction
1003,10.0,no_reward,A,carry_trace,6528dd1a1369cd3a2f2e520f,0036d300256c76a4f5896c9a67c09337f62afc17d020e7827ddb9cdd844e3729,0036d300256c76a4f5896c9a67c09337f62afc17d020e7827ddb9cdd844e3729,949.9999999999714,951.9999999999714,0.0,0.0,0.0,0.0,80,0,0.0,False,0.0,0.0,computed_reduced_circuit_not_author_reproduction
1003,10.0,no_reward,A,trace_reset_ablation,c08f84aeacaceb934d3e127a,0036d300256c76a4f5896c9a67c09337f62afc17d020e7827ddb9cdd844e3729,0036d300256c76a4f5896c9a67c09337f62afc17d020e7827ddb9cdd844e3729,949.9999999999714,951.9999999999714,0.0,0.0,0.0,0.0,80,0,0.0,False,0.0,0.0,computed_reduced_circuit_not_author_reproduction
1003,10.0,no_reward,B,carry_trace,2975e9e924b9d1e9b5b0198b,0036d300256c76a4f5896c9a67c09337f62afc17d020e7827ddb9cdd844e3729,0036d300256c76a4f5896c9a67c09337f62afc17d020e7827ddb9cdd844e3729,949.9999999999714,951.9999999999714,0.0,0.0,0.0,0.0,80,0,0.0,False,0.0,0.0,computed_reduced_circuit_not_author_reproduction
1003,10.0,no_reward,B,trace_reset_ablation,41fa321e3a5a70cfba667d9a,0036d300256c76a4f5896c9a67c09337f62afc17d020e7827ddb9cdd844e3729,0036d300256c76a4f5896c9a67c09337f62afc17d020e7827ddb9cdd844e3729,949.9999999999714,951.9999999999714,0.0,0.0,0.0,0.0,80,0,0.0,False,0.0,0.0,computed_reduced_circuit_not_author_reproduction
1003,10.0,plasticity_disabled,A,carry_trace,c519e340452e1d3068d4c5bb,0036d300256c76a4f5896c9a67c09337f62afc17d020e7827ddb9cdd844e3729,0036d300256c76a4f5896c9a67c09337f62afc17d020e7827ddb9cdd844e3729,949.9999999999714,951.9999999999714,0.0,0.0,0.0,0.0,80,40,32.0,False,0.0,0.0,computed_reduced_circuit_not_author_reproduction
1003,10.0,plasticity_disabled,A,trace_reset_ablation,1629104dc61a08d6b177756a,0036d300256c76a4f5896c9a67c09337f62afc17d020e7827ddb9cdd844e3729,0036d300256c76a4f5896c9a67c09337f62afc17d020e7827ddb9cdd844e3729,949.9999999999714,951.9999999999714,0.0,0.0,0.0,0.0,80,40,32.0,False,0.0,0.0,computed_reduced_circuit_not_author_reproduction
1003,10.0,plasticity_disabled,B,carry_trace,1cf2248bec6392bda1a5eb03,0036d300256c76a4f5896c9a67c09337f62afc17d020e7827ddb9cdd844e3729,0036d300256c76a4f5896c9a67c09337f62afc17d020e7827ddb9cdd844e3729,949.9999999999714,951.9999999999714,0.0,0.0,0.0,0.0,80,40,32.0,False,0.0,0.0,computed_reduced_circuit_not_author_reproduction
1003,10.0,plasticity_disabled,B,trace_reset_ablation,2cccbfce6a96bbd196dba037,0036d300256c76a4f5896c9a67c09337f62afc17d020e7827ddb9cdd844e3729,0036d300256c76a4f5896c9a67c09337f62afc17d020e7827ddb9cdd844e3729,949.9999999999714,951.9999999999714,0.0,0.0,0.0,0.0,80,40,32.0,False,0.0,0.0,computed_reduced_circuit_not_author_reproduction
1003,40.0,paired,A,carry_trace,457853e099a658d0048e6394,0036d300256c76a4f5896c9a67c09337f62afc17d020e7827ddb9cdd844e3729,6bfec502ed2a51ae65bb27d36a146121e6e1a720403312901be1036bdc65bc40,3320.0000000000846,3322.0000000000846,0.0,0.5852894095221541,2.2175572489402384e-10,0.5852894093003984,80,40,32.0,True,0.07266200574392556,0.5852894095221541,computed_reduced_circuit_not_author_reproduction
1003,40.0,paired,A,trace_reset_ablation,4d13be53243d358a2ce764a2,0036d300256c76a4f5896c9a67c09337f62afc17d020e7827ddb9cdd844e3729,f6244b89206b488c2d5e780131913134a6b6a83fe5970b737ad9a7a6714d2031,3320.0000000000846,3322.0000000000846,0.0,0.5852894094591331,0.0,0.5852894094591331,80,40,32.0,True,0.07266200573266124,0.5852894094591331,computed_reduced_circuit_not_author_reproduction
1003,40.0,paired,B,carry_trace,c6560c9ef2e6c2fee231b024,0036d300256c76a4f5896c9a67c09337f62afc17d020e7827ddb9cdd844e3729,c1c49117d89f7c2b9965644265fec702f40b1884668827317b40d8eab304473d,3320.0000000000846,3322.0000000000846,0.0,0.5757600843169076,2.5199842212941803e-10,0.5757600840649092,80,40,32.0,True,0.08021565083901461,0.5757600843169076,computed_reduced_circuit_not_author_reproduction
1003,40.0,paired,B,trace_reset_ablation,2e04f0b0df458408715055b4,0036d300256c76a4f5896c9a67c09337f62afc17d020e7827ddb9cdd844e3729,29baf1bfa698919c6e12aa41916ea7ee032c58d48f1ee44fdf910d919f7135dc,3320.0000000000846,3322.0000000000846,0.0,0.5757600842463055,0.0,0.5757600842463055,80,40,32.0,True,0.08021565082492432,0.5757600842463055,computed_reduced_circuit_not_author_reproduction
1003,40.0,explicitly_unpaired,A,carry_trace,98fc0d88fbb5f0ca5f4c85e4,0036d300256c76a4f5896c9a67c09337f62afc17d020e7827ddb9cdd844e3729,0036d300256c76a4f5896c9a67c09337f62afc17d020e7827ddb9cdd844e3729,3320.0000000000846,3322.0000000000846,0.0,0.0,0.0,0.0,80,40,32.0,False,0.0,0.0,computed_reduced_circuit_not_author_reproduction
1003,40.0,explicitly_unpaired,A,trace_reset_ablation,10fbe759bfdb0e4a732e60d6,0036d300256c76a4f5896c9a67c09337f62afc17d020e7827ddb9cdd844e3729,0036d300256c76a4f5896c9a67c09337f62afc17d020e7827ddb9cdd844e3729,3320.0000000000846,3322.0000000000846,0.0,0.0,0.0,0.0,80,40,32.0,False,0.0,0.0,computed_reduced_circuit_not_author_reproduction
1003,40.0,explicitly_unpaired,B,carry_trace,6acd482f851a4c9bfd8626a0,0036d300256c76a4f5896c9a67c09337f62afc17d020e7827ddb9cdd844e3729,0036d300256c76a4f5896c9a67c09337f62afc17d020e7827ddb9cdd844e3729,3320.0000000000846,3322.0000000000846,0.0,0.0,0.0,0.0,80,40,32.0,False,0.0,0.0,computed_reduced_circuit_not_author_reproduction
1003,40.0,explicitly_unpaired,B,trace_reset_ablation,0550c3361ca9b970b9bd7d22,0036d300256c76a4f5896c9a67c09337f62afc17d020e7827ddb9cdd844e3729,0036d300256c76a4f5896c9a67c09337f62afc17d020e7827ddb9cdd844e3729,3320.0000000000846,3322.0000000000846,0.0,0.0,0.0,0.0,80,40,32.0,False,0.0,0.0,computed_reduced_circuit_not_author_reproduction
1003,40.0,no_reward,A,carry_trace,ea92e3b9c1357b632da47aaa,0036d300256c76a4f5896c9a67c09337f62afc17d020e7827ddb9cdd844e3729,0036d300256c76a4f5896c9a67c09337f62afc17d020e7827ddb9cdd844e3729,3320.0000000000846,3322.0000000000846,0.0,0.0,0.0,0.0,80,0,0.0,False,0.0,0.0,computed_reduced_circuit_not_author_reproduction
1003,40.0,no_reward,A,trace_reset_ablation,9cf750fab2add4109ceb4b93,0036d300256c76a4f5896c9a67c09337f62afc17d020e7827ddb9cdd844e3729,0036d300256c76a4f5896c9a67c09337f62afc17d020e7827ddb9cdd844e3729,3320.0000000000846,3322.0000000000846,0.0,0.0,0.0,0.0,80,0,0.0,False,0.0,0.0,computed_reduced_circuit_not_author_reproduction
1003,40.0,no_reward,B,carry_trace,b168d438da9cfb304d0f0ed9,0036d300256c76a4f5896c9a67c09337f62afc17d020e7827ddb9cdd844e3729,0036d300256c76a4f5896c9a67c09337f62afc17d020e7827ddb9cdd844e3729,3320.0000000000846,3322.0000000000846,0.0,0.0,0.0,0.0,80,0,0.0,False,0.0,0.0,computed_reduced_circuit_not_author_reproduction
1003,40.0,no_reward,B,trace_reset_ablation,0be61cad0ce723426b1074c1,0036d300256c76a4f5896c9a67c09337f62afc17d020e7827ddb9cdd844e3729,0036d300256c76a4f5896c9a67c09337f62afc17d020e7827ddb9cdd844e3729,3320.0000000000846,3322.0000000000846,0.0,0.0,0.0,0.0,80,0,0.0,False,0.0,0.0,computed_reduced_circuit_not_author_reproduction
1003,40.0,plasticity_disabled,A,carry_trace,c79966ff0edfa96c9df3ce9c,0036d300256c76a4f5896c9a67c09337f62afc17d020e7827ddb9cdd844e3729,0036d300256c76a4f5896c9a67c09337f62afc17d020e7827ddb9cdd844e3729,3320.0000000000846,3322.0000000000846,0.0,0.0,0.0,0.0,80,40,32.0,False,0.0,0.0,computed_reduced_circuit_not_author_reproduction
1003,40.0,plasticity_disabled,A,trace_reset_ablation,43215f0d869b30ff17a1d35c,0036d300256c76a4f5896c9a67c09337f62afc17d020e7827ddb9cdd844e3729,0036d300256c76a4f5896c9a67c09337f62afc17d020e7827ddb9cdd844e3729,3320.0000000000846,3322.0000000000846,0.0,0.0,0.0,0.0,80,40,32.0,False,0.0,0.0,computed_reduced_circuit_not_author_reproduction
1003,40.0,plasticity_disabled,B,carry_trace,8eed5929c3b25b18fbff731e,0036d300256c76a4f5896c9a67c09337f62afc17d020e7827ddb9cdd844e3729,0036d300256c76a4f5896c9a67c09337f62afc17d020e7827ddb9cdd844e3729,3320.0000000000846,3322.0000000000846,0.0,0.0,0.0,0.0,80,40,32.0,False,0.0,0.0,computed_reduced_circuit_not_author_reproduction
1003,40.0,plasticity_disabled,B,trace_reset_ablation,318e8c9aa33a4fc6795458df,0036d300256c76a4f5896c9a67c09337f62afc17d020e7827ddb9cdd844e3729,0036d300256c76a4f5896c9a67c09337f62afc17d020e7827ddb9cdd844e3729,3320.0000000000846,3322.0000000000846,0.0,0.0,0.0,0.0,80,40,32.0,False,0.0,0.0,computed_reduced_circuit_not_author_reproduction
1004,2.0,paired,A,carry_trace,21b36b388101ddc597305e05,0036d300256c76a4f5896c9a67c09337f62afc17d020e7827ddb9cdd844e3729,961beb9620a90cd5b076b77a1d689746cad446571f0f6b5f39a2404a7213648a,318.00000000001364,320.00000000001364,0.0,0.5802626479857496,0.05063105686754987,0.5296315911181997,80,40,32.0,True,0.08724222646511698,0.5802626479857496,computed_reduced_circuit_not_author_reproduction
1004,2.0,paired,A,trace_reset_ablation,60066c7d7dcb2026fd0983cf,0036d300256c76a4f5896c9a67c09337f62afc17d020e7827ddb9cdd844e3729,ab8c3eee2c5444ca6b8040278048e62ee37ce5c6b0b8b3785c476d7821254b42,318.00000000001364,320.00000000001364,0.0,0.5706116326908628,0.0,0.5706116326908628,80,40,32.0,True,0.08348252629491898,0.5706116326908628,computed_reduced_circuit_not_author_reproduction
1004,2.0,paired,B,carry_trace,1176d93e65c9c38467635145,0036d300256c76a4f5896c9a67c09337f62afc17d020e7827ddb9cdd844e3729,c250bf813ca7b2ba568fc75aa893d36266c1e4690e46d1357a3159ccf977ede9,318.00000000001364,320.00000000001364,0.0,0.5979021544090052,0.04865114469861864,0.5492510097103865,80,40,32.0,True,0.07417945138078774,0.5979021544090052,computed_reduced_circuit_not_author_reproduction
1004,2.0,paired,B,trace_reset_ablation,fb52fc17821f7a94d46b6b63,0036d300256c76a4f5896c9a67c09337f62afc17d020e7827ddb9cdd844e3729,dea9a12821c4376258a4d41952fbf27438463450bac57eb705dce23a85388bbe,318.00000000001364,320.00000000001364,0.0,0.5901992163900757,0.0,0.5901992163900757,80,40,32.0,True,0.07147636909353927,0.5901992163900757,computed_reduced_circuit_not_author_reproduction
1004,2.0,explicitly_unpaired,A,carry_trace,19fee6833707a376fc74f166,0036d300256c76a4f5896c9a67c09337f62afc17d020e7827ddb9cdd844e3729,0036d300256c76a4f5896c9a67c09337f62afc17d020e7827ddb9cdd844e3729,318.00000000001353,320.00000000001353,0.0,0.0,0.0,0.0,80,40,32.0,False,0.0,0.0,computed_reduced_circuit_not_author_reproduction
1004,2.0,explicitly_unpaired,A,trace_reset_ablation,d06182643c899d1441e92a5c,0036d300256c76a4f5896c9a67c09337f62afc17d020e7827ddb9cdd844e3729,0036d300256c76a4f5896c9a67c09337f62afc17d020e7827ddb9cdd844e3729,318.00000000001353,320.00000000001353,0.0,0.0,0.0,0.0,80,40,32.0,False,0.0,0.0,computed_reduced_circuit_not_author_reproduction
1004,2.0,explicitly_unpaired,B,carry_trace,856ac2c6a2ec1e38d1c54ffb,0036d300256c76a4f5896c9a67c09337f62afc17d020e7827ddb9cdd844e3729,0036d300256c76a4f5896c9a67c09337f62afc17d020e7827ddb9cdd844e3729,318.00000000001353,320.00000000001353,0.0,0.0,0.0,0.0,80,40,32.0,False,0.0,0.0,computed_reduced_circuit_not_author_reproduction
1004,2.0,explicitly_unpaired,B,trace_reset_ablation,32c3aa689754269f9476106c,0036d300256c76a4f5896c9a67c09337f62afc17d020e7827ddb9cdd844e3729,0036d300256c76a4f5896c9a67c09337f62afc17d020e7827ddb9cdd844e3729,318.00000000001353,320.00000000001353,0.0,0.0,0.0,0.0,80,40,32.0,False,0.0,0.0,computed_reduced_circuit_not_author_reproduction
1004,2.0,no_reward,A,carry_trace,25daf37da2ae5ee786460014,0036d300256c76a4f5896c9a67c09337f62afc17d020e7827ddb9cdd844e3729,0036d300256c76a4f5896c9a67c09337f62afc17d020e7827ddb9cdd844e3729,318.00000000001364,320.00000000001364,0.0,0.0,0.0,0.0,80,0,0.0,False,0.0,0.0,computed_reduced_circuit_not_author_reproduction
1004,2.0,no_reward,A,trace_reset_ablation,ee41eb86a05924ecde06d134,0036d300256c76a4f5896c9a67c09337f62afc17d020e7827ddb9cdd844e3729,0036d300256c76a4f5896c9a67c09337f62afc17d020e7827ddb9cdd844e3729,318.00000000001364,320.00000000001364,0.0,0.0,0.0,0.0,80,0,0.0,False,0.0,0.0,computed_reduced_circuit_not_author_reproduction
1004,2.0,no_reward,B,carry_trace,c9f4f0ed94af26fe7a5752a8,0036d300256c76a4f5896c9a67c09337f62afc17d020e7827ddb9cdd844e3729,0036d300256c76a4f5896c9a67c09337f62afc17d020e7827ddb9cdd844e3729,318.00000000001364,320.00000000001364,0.0,0.0,0.0,0.0,80,0,0.0,False,0.0,0.0,computed_reduced_circuit_not_author_reproduction
1004,2.0,no_reward,B,trace_reset_ablation,f63866afc2f368f2e80c230c,0036d300256c76a4f5896c9a67c09337f62afc17d020e7827ddb9cdd844e3729,0036d300256c76a4f5896c9a67c09337f62afc17d020e7827ddb9cdd844e3729,318.00000000001364,320.00000000001364,0.0,0.0,0.0,0.0,80,0,0.0,False,0.0,0.0,computed_reduced_circuit_not_author_reproduction
1004,2.0,plasticity_disabled,A,carry_trace,c9ba50e1604cdd5e33224d52,0036d300256c76a4f5896c9a67c09337f62afc17d020e7827ddb9cdd844e3729,0036d300256c76a4f5896c9a67c09337f62afc17d020e7827ddb9cdd844e3729,318.00000000001364,320.00000000001364,0.0,0.0,0.0,0.0,80,40,32.0,False,0.0,0.0,computed_reduced_circuit_not_author_reproduction
1004,2.0,plasticity_disabled,A,trace_reset_ablation,ae9c4d868d0bae088756f28c,0036d300256c76a4f5896c9a67c09337f62afc17d020e7827ddb9cdd844e3729,0036d300256c76a4f5896c9a67c09337f62afc17d020e7827ddb9cdd844e3729,318.00000000001364,320.00000000001364,0.0,0.0,0.0,0.0,80,40,32.0,False,0.0,0.0,computed_reduced_circuit_not_author_reproduction
1004,2.0,plasticity_disabled,B,carry_trace,aeb73ea5331ce4ff275f44a6,0036d300256c76a4f5896c9a67c09337f62afc17d020e7827ddb9cdd844e3729,0036d300256c76a4f5896c9a67c09337f62afc17d020e7827ddb9cdd844e3729,318.00000000001364,320.00000000001364,0.0,0.0,0.0,0.0,80,40,32.0,False,0.0,0.0,computed_reduced_circuit_not_author_reproduction
1004,2.0,plasticity_disabled,B,trace_reset_ablation,cc750c5acf8ade05eb383caf,0036d300256c76a4f5896c9a67c09337f62afc17d020e7827ddb9cdd844e3729,0036d300256c76a4f5896c9a67c09337f62afc17d020e7827ddb9cdd844e3729,318.00000000001364,320.00000000001364,0.0,0.0,0.0,0.0,80,40,32.0,False,0.0,0.0,computed_reduced_circuit_not_author_reproduction
1004,10.0,paired,A,carry_trace,4e231e6e1f76b7d20a2aeefa,0036d300256c76a4f5896c9a67c09337f62afc17d020e7827ddb9cdd844e3729,c5ad23d56d213ae10d2beae0cb93de3602707abb06a0d6c437b3168d5679c66f,949.9999999999714,951.9999999999714,0.0,0.5708666676296994,0.0008150465954024355,0.570051621034297,80,40,32.0,True,0.0835362869424966,0.5708666676296994,computed_reduced_circuit_not_author_reproduction
1004,10.0,paired,A,trace_reset_ablation,c3a427113698d6f809aaf989,0036d300256c76a4f5896c9a67c09337f62afc17d020e7827ddb9cdd844e3729,ab8c3eee2c5444ca6b8040278048e62ee37ce5c6b0b8b3785c476d7821254b42,949.9999999999714,951.9999999999714,0.0,0.5706116326908628,0.0,0.5706116326908628,80,40,32.0,True,0.08348252629491898,0.5706116326908628,computed_reduced_circuit_not_author_reproduction
1004,10.0,paired,B,carry_trace,e12d1fc1d934226733697d70,0036d300256c76a4f5896c9a67c09337f62afc17d020e7827ddb9cdd844e3729,ffe988d81e1b88b383ba41c677a0705ba4eb331bd83b948d8dcb7d6747a6b43e,949.9999999999714,951.9999999999714,0.0,0.5904071745888998,0.0008027219331148139,0.589604452655785,80,40,32.0,True,0.07151309791169003,0.5904071745888998,computed_reduced_circuit_not_author_reproduction
1004,10.0,paired,B,trace_reset_ablation,3aab6e49a492ecec5ac83c26,0036d300256c76a4f5896c9a67c09337f62afc17d020e7827ddb9cdd844e3729,dea9a12821c4376258a4d41952fbf27438463450bac57eb705dce23a85388bbe,949.9999999999714,951.9999999999714,0.0,0.5901992163900757,0.0,0.5901992163900757,80,40,32.0,True,0.07147636909353927,0.5901992163900757,computed_reduced_circuit_not_author_reproduction
1004,10.0,explicitly_unpaired,A,carry_trace,164b890b1230150036c6c750,0036d300256c76a4f5896c9a67c09337f62afc17d020e7827ddb9cdd844e3729,0036d300256c76a4f5896c9a67c09337f62afc17d020e7827ddb9cdd844e3729,949.9999999999711,951.9999999999711,0.0,0.0,0.0,0.0,80,40,32.0,False,0.0,0.0,computed_reduced_circuit_not_author_reproduction
1004,10.0,explicitly_unpaired,A,trace_reset_ablation,c6c049ec903a9f51b637ad1a,0036d300256c76a4f5896c9a67c09337f62afc17d020e7827ddb9cdd844e3729,0036d300256c76a4f5896c9a67c09337f62afc17d020e7827ddb9cdd844e3729,949.9999999999711,951.9999999999711,0.0,0.0,0.0,0.0,80,40,32.0,False,0.0,0.0,computed_reduced_circuit_not_author_reproduction
1004,10.0,explicitly_unpaired,B,carry_trace,2e6f448cfa97bab2091b827d,0036d300256c76a4f5896c9a67c09337f62afc17d020e7827ddb9cdd844e3729,0036d300256c76a4f5896c9a67c09337f62afc17d020e7827ddb9cdd844e3729,949.9999999999711,951.9999999999711,0.0,0.0,0.0,0.0,80,40,32.0,False,0.0,0.0,computed_reduced_circuit_not_author_reproduction
1004,10.0,explicitly_unpaired,B,trace_reset_ablation,19de1f750c3e0410c1c7b397,0036d300256c76a4f5896c9a67c09337f62afc17d020e7827ddb9cdd844e3729,0036d300256c76a4f5896c9a67c09337f62afc17d020e7827ddb9cdd844e3729,949.9999999999711,951.9999999999711,0.0,0.0,0.0,0.0,80,40,32.0,False,0.0,0.0,computed_reduced_circuit_not_author_reproduction
1004,10.0,no_reward,A,carry_trace,f8282262d7762a3c4eccc793,0036d300256c76a4f5896c9a67c09337f62afc17d020e7827ddb9cdd844e3729,0036d300256c76a4f5896c9a67c09337f62afc17d020e7827ddb9cdd844e3729,949.9999999999714,951.9999999999714,0.0,0.0,0.0,0.0,80,0,0.0,False,0.0,0.0,computed_reduced_circuit_not_author_reproduction
1004,10.0,no_reward,A,trace_reset_ablation,b7485736b67c12d53be64bb3,0036d300256c76a4f5896c9a67c09337f62afc17d020e7827ddb9cdd844e3729,0036d300256c76a4f5896c9a67c09337f62afc17d020e7827ddb9cdd844e3729,949.9999999999714,951.9999999999714,0.0,0.0,0.0,0.0,80,0,0.0,False,0.0,0.0,computed_reduced_circuit_not_author_reproduction
1004,10.0,no_reward,B,carry_trace,b2268d389e5b8ae77f9d4e45,0036d300256c76a4f5896c9a67c09337f62afc17d020e7827ddb9cdd844e3729,0036d300256c76a4f5896c9a67c09337f62afc17d020e7827ddb9cdd844e3729,949.9999999999714,951.9999999999714,0.0,0.0,0.0,0.0,80,0,0.0,False,0.0,0.0,computed_reduced_circuit_not_author_reproduction
1004,10.0,no_reward,B,trace_reset_ablation,491147536e917881ada894b1,0036d300256c76a4f5896c9a67c09337f62afc17d020e7827ddb9cdd844e3729,0036d300256c76a4f5896c9a67c09337f62afc17d020e7827ddb9cdd844e3729,949.9999999999714,951.9999999999714,0.0,0.0,0.0,0.0,80,0,0.0,False,0.0,0.0,computed_reduced_circuit_not_author_reproduction
1004,10.0,plasticity_disabled,A,carry_trace,0d2958b1691c2d25d33afd41,0036d300256c76a4f5896c9a67c09337f62afc17d020e7827ddb9cdd844e3729,0036d300256c76a4f5896c9a67c09337f62afc17d020e7827ddb9cdd844e3729,949.9999999999714,951.9999999999714,0.0,0.0,0.0,0.0,80,40,32.0,False,0.0,0.0,computed_reduced_circuit_not_author_reproduction
1004,10.0,plasticity_disabled,A,trace_reset_ablation,5e67eac37f5124f3118c69e5,0036d300256c76a4f5896c9a67c09337f62afc17d020e7827ddb9cdd844e3729,0036d300256c76a4f5896c9a67c09337f62afc17d020e7827ddb9cdd844e3729,949.9999999999714,951.9999999999714,0.0,0.0,0.0,0.0,80,40,32.0,False,0.0,0.0,computed_reduced_circuit_not_author_reproduction
1004,10.0,plasticity_disabled,B,carry_trace,3beb77a78828c33f14e2e77e,0036d300256c76a4f5896c9a67c09337f62afc17d020e7827ddb9cdd844e3729,0036d300256c76a4f5896c9a67c09337f62afc17d020e7827ddb9cdd844e3729,949.9999999999714,951.9999999999714,0.0,0.0,0.0,0.0,80,40,32.0,False,0.0,0.0,computed_reduced_circuit_not_author_reproduction
1004,10.0,plasticity_disabled,B,trace_reset_ablation,7d423f85f98c4026ce3ad430,0036d300256c76a4f5896c9a67c09337f62afc17d020e7827ddb9cdd844e3729,0036d300256c76a4f5896c9a67c09337f62afc17d020e7827ddb9cdd844e3729,949.9999999999714,951.9999999999714,0.0,0.0,0.0,0.0,80,40,32.0,False,0.0,0.0,computed_reduced_circuit_not_author_reproduction
1004,40.0,paired,A,carry_trace,e10ad0d28e4090adcad59d52,0036d300256c76a4f5896c9a67c09337f62afc17d020e7827ddb9cdd844e3729,d0d790a527d34a1f882efcba12a8013ebfe319242337197a7f1f3b07863e7975,3320.0000000000846,3322.0000000000846,0.0,0.5706116327692701,2.488385053567299e-10,0.5706116325204316,80,40,32.0,True,0.08348252631130348,0.5706116327692701,computed_reduced_circuit_not_author_reproduction
1004,40.0,paired,A,trace_reset_ablation,2ae8f4df30d92f437f05fcba,0036d300256c76a4f5896c9a67c09337f62afc17d020e7827ddb9cdd844e3729,ab8c3eee2c5444ca6b8040278048e62ee37ce5c6b0b8b3785c476d7821254b42,3320.0000000000846,3322.0000000000846,0.0,0.5706116326908628,0.0,0.5706116326908628,80,40,32.0,True,0.08348252629491898,0.5706116326908628,computed_reduced_circuit_not_author_reproduction
1004,40.0,paired,B,carry_trace,9dc212c7fd8a02e24ef3be28,0036d300256c76a4f5896c9a67c09337f62afc17d020e7827ddb9cdd844e3729,a05dfbebc259e5c98114cac7e3018f35a0a225fff134c93bac46ab31659ec692,3320.0000000000846,3322.0000000000846,0.0,0.590199216454015,2.451909786316264e-10,0.590199216208824,80,40,32.0,True,0.071476369104721,0.590199216454015,computed_reduced_circuit_not_author_reproduction
1004,40.0,paired,B,trace_reset_ablation,158b08d59873d9977317f5b9,0036d300256c76a4f5896c9a67c09337f62afc17d020e7827ddb9cdd844e3729,dea9a12821c4376258a4d41952fbf27438463450bac57eb705dce23a85388bbe,3320.0000000000846,3322.0000000000846,0.0,0.5901992163900757,0.0,0.5901992163900757,80,40,32.0,True,0.07147636909353927,0.5901992163900757,computed_reduced_circuit_not_author_reproduction
1004,40.0,explicitly_unpaired,A,carry_trace,65cd509e7447219b14cfe761,0036d300256c76a4f5896c9a67c09337f62afc17d020e7827ddb9cdd844e3729,0036d300256c76a4f5896c9a67c09337f62afc17d020e7827ddb9cdd844e3729,3320.0000000000846,3322.0000000000846,0.0,0.0,0.0,0.0,80,40,32.0,False,0.0,0.0,computed_reduced_circuit_not_author_reproduction
1004,40.0,explicitly_unpaired,A,trace_reset_ablation,ee81d83844dc7b17aa22251c,0036d300256c76a4f5896c9a67c09337f62afc17d020e7827ddb9cdd844e3729,0036d300256c76a4f5896c9a67c09337f62afc17d020e7827ddb9cdd844e3729,3320.0000000000846,3322.0000000000846,0.0,0.0,0.0,0.0,80,40,32.0,False,0.0,0.0,computed_reduced_circuit_not_author_reproduction
1004,40.0,explicitly_unpaired,B,carry_trace,15b8725eee61c787bc66a27f,0036d300256c76a4f5896c9a67c09337f62afc17d020e7827ddb9cdd844e3729,0036d300256c76a4f5896c9a67c09337f62afc17d020e7827ddb9cdd844e3729,3320.0000000000846,3322.0000000000846,0.0,0.0,0.0,0.0,80,40,32.0,False,0.0,0.0,computed_reduced_circuit_not_author_reproduction
1004,40.0,explicitly_unpaired,B,trace_reset_ablation,7b9988e2e2bb6e3b892fef36,0036d300256c76a4f5896c9a67c09337f62afc17d020e7827ddb9cdd844e3729,0036d300256c76a4f5896c9a67c09337f62afc17d020e7827ddb9cdd844e3729,3320.0000000000846,3322.0000000000846,0.0,0.0,0.0,0.0,80,40,32.0,False,0.0,0.0,computed_reduced_circuit_not_author_reproduction
1004,40.0,no_reward,A,carry_trace,48fa4628b47471b356e57561,0036d300256c76a4f5896c9a67c09337f62afc17d020e7827ddb9cdd844e3729,0036d300256c76a4f5896c9a67c09337f62afc17d020e7827ddb9cdd844e3729,3320.0000000000846,3322.0000000000846,0.0,0.0,0.0,0.0,80,0,0.0,False,0.0,0.0,computed_reduced_circuit_not_author_reproduction
1004,40.0,no_reward,A,trace_reset_ablation,63b6e3975f1b63c5f317d668,0036d300256c76a4f5896c9a67c09337f62afc17d020e7827ddb9cdd844e3729,0036d300256c76a4f5896c9a67c09337f62afc17d020e7827ddb9cdd844e3729,3320.0000000000846,3322.0000000000846,0.0,0.0,0.0,0.0,80,0,0.0,False,0.0,0.0,computed_reduced_circuit_not_author_reproduction
1004,40.0,no_reward,B,carry_trace,c8ad67498c5e74c66aa133cf,0036d300256c76a4f5896c9a67c09337f62afc17d020e7827ddb9cdd844e3729,0036d300256c76a4f5896c9a67c09337f62afc17d020e7827ddb9cdd844e3729,3320.0000000000846,3322.0000000000846,0.0,0.0,0.0,0.0,80,0,0.0,False,0.0,0.0,computed_reduced_circuit_not_author_reproduction
1004,40.0,no_reward,B,trace_reset_ablation,707eaabe45aecb2985f6a518,0036d300256c76a4f5896c9a67c09337f62afc17d020e7827ddb9cdd844e3729,0036d300256c76a4f5896c9a67c09337f62afc17d020e7827ddb9cdd844e3729,3320.0000000000846,3322.0000000000846,0.0,0.0,0.0,0.0,80,0,0.0,False,0.0,0.0,computed_reduced_circuit_not_author_reproduction
1004,40.0,plasticity_disabled,A,carry_trace,917493a65167ef84dd07e717,0036d300256c76a4f5896c9a67c09337f62afc17d020e7827ddb9cdd844e3729,0036d300256c76a4f5896c9a67c09337f62afc17d020e7827ddb9cdd844e3729,3320.0000000000846,3322.0000000000846,0.0,0.0,0.0,0.0,80,40,32.0,False,0.0,0.0,computed_reduced_circuit_not_author_reproduction
1004,40.0,plasticity_disabled,A,trace_reset_ablation,633e3d66a7fc0b3a0ac6e3ce,0036d300256c76a4f5896c9a67c09337f62afc17d020e7827ddb9cdd844e3729,0036d300256c76a4f5896c9a67c09337f62afc17d020e7827ddb9cdd844e3729,3320.0000000000846,3322.0000000000846,0.0,0.0,0.0,0.0,80,40,32.0,False,0.0,0.0,computed_reduced_circuit_not_author_reproduction
1004,40.0,plasticity_disabled,B,carry_trace,a7dc36e623e0c8bd0314818f,0036d300256c76a4f5896c9a67c09337f62afc17d020e7827ddb9cdd844e3729,0036d300256c76a4f5896c9a67c09337f62afc17d020e7827ddb9cdd844e3729,3320.0000000000846,3322.0000000000846,0.0,0.0,0.0,0.0,80,40,32.0,False,0.0,0.0,computed_reduced_circuit_not_author_reproduction
1004,40.0,plasticity_disabled,B,trace_reset_ablation,5a21acc4043c9c0cae35a69b,0036d300256c76a4f5896c9a67c09337f62afc17d020e7827ddb9cdd844e3729,0036d300256c76a4f5896c9a67c09337f62afc17d020e7827ddb9cdd844e3729,3320.0000000000846,3322.0000000000846,0.0,0.0,0.0,0.0,80,40,32.0,False,0.0,0.0,computed_reduced_circuit_not_author_reproduction
1005,2.0,paired,A,carry_trace,c20bb3c0ac030cb5193bf757,0036d300256c76a4f5896c9a67c09337f62afc17d020e7827ddb9cdd844e3729,7ed6da8f364b78347f382e82270413ba6ab58def56d130981d6f8258418620f8,318.00000000001364,320.00000000001364,0.0,0.5869559032280209,0.04646282688426473,0.5404930763437562,80,40,32.0,True,0.07583958133873203,0.5869559032280209,computed_reduced_circuit_not_author_reproduction
1005,2.0,paired,A,trace_reset_ablation,f68ae25da513ce3c9979bacd,0036d300256c76a4f5896c9a67c09337f62afc17d020e7827ddb9cdd844e3729,225deace40b29bfc90aa65b6f62067510ae0c64479a671c3846cc2668bb45340,318.00000000001364,320.00000000001364,0.0,0.5773506175475975,0.0,0.5773506175475975,80,40,32.0,True,0.07282904052748673,0.5773506175475975,computed_reduced_circuit_not_author_reproduction
1005,2.0,paired,B,carry_trace,62377914be3fae800986072d,0036d300256c76a4f5896c9a67c09337f62afc17d020e7827ddb9cdd844e3729,020e52d47c261b985f3eaadb5868831d4c02ff4ab8fde5f9893de76cfc67e39e,318.00000000001364,320.00000000001364,0.0,0.591747544008306,0.043536392439818106,0.5482111515684879,80,40,32.0,True,0.07139087999346816,0.591747544008306,computed_reduced_circuit_not_author_reproduction
1005,2.0,paired,B,trace_reset_ablation,78c88701929877f82204d786,0036d300256c76a4f5896c9a67c09337f62afc17d020e7827ddb9cdd844e3729,4e6731e3b4d755f6c48ccd34f933edd2d3aef7b7eefdcf8073e8c544e27bd967,318.00000000001364,320.00000000001364,0.0,0.5826484504956769,0.0,0.5826484504956769,80,40,32.0,True,0.0685956938493818,0.5826484504956769,computed_reduced_circuit_not_author_reproduction
1005,2.0,explicitly_unpaired,A,carry_trace,64e91e14fa80aa9467810352,0036d300256c76a4f5896c9a67c09337f62afc17d020e7827ddb9cdd844e3729,0036d300256c76a4f5896c9a67c09337f62afc17d020e7827ddb9cdd844e3729,318.00000000001353,320.00000000001353,0.0,0.0,0.0,0.0,80,40,32.0,False,0.0,0.0,computed_reduced_circuit_not_author_reproduction
1005,2.0,explicitly_unpaired,A,trace_reset_ablation,cf793d53a7e16afd08493dbf,0036d300256c76a4f5896c9a67c09337f62afc17d020e7827ddb9cdd844e3729,0036d300256c76a4f5896c9a67c09337f62afc17d020e7827ddb9cdd844e3729,318.00000000001353,320.00000000001353,0.0,0.0,0.0,0.0,80,40,32.0,False,0.0,0.0,computed_reduced_circuit_not_author_reproduction
1005,2.0,explicitly_unpaired,B,carry_trace,35f12296c32c0d1d3e14a2f2,0036d300256c76a4f5896c9a67c09337f62afc17d020e7827ddb9cdd844e3729,0036d300256c76a4f5896c9a67c09337f62afc17d020e7827ddb9cdd844e3729,318.00000000001353,320.00000000001353,0.0,0.0,0.0,0.0,80,40,32.0,False,0.0,0.0,computed_reduced_circuit_not_author_reproduction
1005,2.0,explicitly_unpaired,B,trace_reset_ablation,b157b809b83d9d996d35ef25,0036d300256c76a4f5896c9a67c09337f62afc17d020e7827ddb9cdd844e3729,0036d300256c76a4f5896c9a67c09337f62afc17d020e7827ddb9cdd844e3729,318.00000000001353,320.00000000001353,0.0,0.0,0.0,0.0,80,40,32.0,False,0.0,0.0,computed_reduced_circuit_not_author_reproduction
1005,2.0,no_reward,A,carry_trace,d94298b78e62a67d1cac6c67,0036d300256c76a4f5896c9a67c09337f62afc17d020e7827ddb9cdd844e3729,0036d300256c76a4f5896c9a67c09337f62afc17d020e7827ddb9cdd844e3729,318.00000000001364,320.00000000001364,0.0,0.0,0.0,0.0,80,0,0.0,False,0.0,0.0,computed_reduced_circuit_not_author_reproduction
1005,2.0,no_reward,A,trace_reset_ablation,6d8734a303f6b35d2d1abed7,0036d300256c76a4f5896c9a67c09337f62afc17d020e7827ddb9cdd844e3729,0036d300256c76a4f5896c9a67c09337f62afc17d020e7827ddb9cdd844e3729,318.00000000001364,320.00000000001364,0.0,0.0,0.0,0.0,80,0,0.0,False,0.0,0.0,computed_reduced_circuit_not_author_reproduction
1005,2.0,no_reward,B,carry_trace,99ad968ab452157075cd23a3,0036d300256c76a4f5896c9a67c09337f62afc17d020e7827ddb9cdd844e3729,0036d300256c76a4f5896c9a67c09337f62afc17d020e7827ddb9cdd844e3729,318.00000000001364,320.00000000001364,0.0,0.0,0.0,0.0,80,0,0.0,False,0.0,0.0,computed_reduced_circuit_not_author_reproduction
1005,2.0,no_reward,B,trace_reset_ablation,b67e408cbe287728e86fcfda,0036d300256c76a4f5896c9a67c09337f62afc17d020e7827ddb9cdd844e3729,0036d300256c76a4f5896c9a67c09337f62afc17d020e7827ddb9cdd844e3729,318.00000000001364,320.00000000001364,0.0,0.0,0.0,0.0,80,0,0.0,False,0.0,0.0,computed_reduced_circuit_not_author_reproduction
1005,2.0,plasticity_disabled,A,carry_trace,467612bfe7830fd790cac0df,0036d300256c76a4f5896c9a67c09337f62afc17d020e7827ddb9cdd844e3729,0036d300256c76a4f5896c9a67c09337f62afc17d020e7827ddb9cdd844e3729,318.00000000001364,320.00000000001364,0.0,0.0,0.0,0.0,80,40,32.0,False,0.0,0.0,computed_reduced_circuit_not_author_reproduction
1005,2.0,plasticity_disabled,A,trace_reset_ablation,e2070b8b5f23ef16587596aa,0036d300256c76a4f5896c9a67c09337f62afc17d020e7827ddb9cdd844e3729,0036d300256c76a4f5896c9a67c09337f62afc17d020e7827ddb9cdd844e3729,318.00000000001364,320.00000000001364,0.0,0.0,0.0,0.0,80,40,32.0,False,0.0,0.0,computed_reduced_circuit_not_author_reproduction
1005,2.0,plasticity_disabled,B,carry_trace,ac4054925724726cdc3982d4,0036d300256c76a4f5896c9a67c09337f62afc17d020e7827ddb9cdd844e3729,0036d300256c76a4f5896c9a67c09337f62afc17d020e7827ddb9cdd844e3729,318.00000000001364,320.00000000001364,0.0,0.0,0.0,0.0,80,40,32.0,False,0.0,0.0,computed_reduced_circuit_not_author_reproduction
1005,2.0,plasticity_disabled,B,trace_reset_ablation,2159bb0354b65cfcf0a5b66f,0036d300256c76a4f5896c9a67c09337f62afc17d020e7827ddb9cdd844e3729,0036d300256c76a4f5896c9a67c09337f62afc17d020e7827ddb9cdd844e3729,318.00000000001364,320.00000000001364,0.0,0.0,0.0,0.0,80,40,32.0,False,0.0,0.0,computed_reduced_circuit_not_author_reproduction
1005,10.0,paired,A,carry_trace,df60d49a90472c1b9c919b69,0036d300256c76a4f5896c9a67c09337f62afc17d020e7827ddb9cdd844e3729,fe7ec220d7e806fba723619e28f1a6028492480699715a6b9175fe51dddd92b5,949.9999999999714,951.9999999999714,0.0,0.5775717857934308,0.0007425682275099543,0.5768292175659209,80,40,32.0,True,0.07286932838150639,0.5775717857934308,computed_reduced_circuit_not_author_reproduction
1005,10.0,paired,A,trace_reset_ablation,a1958ffa94f4ca5ffe33a921,0036d300256c76a4f5896c9a67c09337f62afc17d020e7827ddb9cdd844e3729,225deace40b29bfc90aa65b6f62067510ae0c64479a671c3846cc2668bb45340,949.9999999999714,951.9999999999714,0.0,0.5773506175475975,0.0,0.5773506175475975,80,40,32.0,True,0.07282904052748673,0.5773506175475975,computed_reduced_circuit_not_author_reproduction
1005,10.0,paired,B,carry_trace,f0c243186c3a59a30b0d91c8,0036d300256c76a4f5896c9a67c09337f62afc17d020e7827ddb9cdd844e3729,fb01828217f03facb989546dbe3928f239b79d35b369610cbd021e4b3789a402,949.9999999999714,951.9999999999714,0.0,0.5828642882422941,0.0006782836936143344,0.5821860045486797,80,40,32.0,True,0.06863250935708587,0.5828642882422941,computed_reduced_circuit_not_author_reproduction
1005,10.0,paired,B,trace_reset_ablation,320ddfb14140a8a9cfde4a87,0036d300256c76a4f5896c9a67c09337f62afc17d020e7827ddb9cdd844e3729,4e6731e3b4d755f6c48ccd34f933edd2d3aef7b7eefdcf8073e8c544e27bd967,949.9999999999714,951.9999999999714,0.0,0.5826484504956769,0.0,0.5826484504956769,80,40,32.0,True,0.0685956938493818,0.5826484504956769,computed_reduced_circuit_not_author_reproduction
1005,10.0,explicitly_unpaired,A,carry_trace,35219fd8d129ba6027d6c23e,0036d300256c76a4f5896c9a67c09337f62afc17d020e7827ddb9cdd844e3729,0036d300256c76a4f5896c9a67c09337f62afc17d020e7827ddb9cdd844e3729,949.9999999999711,951.9999999999711,0.0,0.0,0.0,0.0,80,40,32.0,False,0.0,0.0,computed_reduced_circuit_not_author_reproduction
1005,10.0,explicitly_unpaired,A,trace_reset_ablation,c2edac1e2eebda5b8540d611,0036d300256c76a4f5896c9a67c09337f62afc17d020e7827ddb9cdd844e3729,0036d300256c76a4f5896c9a67c09337f62afc17d020e7827ddb9cdd844e3729,949.9999999999711,951.9999999999711,0.0,0.0,0.0,0.0,80,40,32.0,False,0.0,0.0,computed_reduced_circuit_not_author_reproduction
1005,10.0,explicitly_unpaired,B,carry_trace,f1bad179e8d7a3c654d45479,0036d300256c76a4f5896c9a67c09337f62afc17d020e7827ddb9cdd844e3729,0036d300256c76a4f5896c9a67c09337f62afc17d020e7827ddb9cdd844e3729,949.9999999999711,951.9999999999711,0.0,0.0,0.0,0.0,80,40,32.0,False,0.0,0.0,computed_reduced_circuit_not_author_reproduction
1005,10.0,explicitly_unpaired,B,trace_reset_ablation,bfc0915a1694fb0cc719543e,0036d300256c76a4f5896c9a67c09337f62afc17d020e7827ddb9cdd844e3729,0036d300256c76a4f5896c9a67c09337f62afc17d020e7827ddb9cdd844e3729,949.9999999999711,951.9999999999711,0.0,0.0,0.0,0.0,80,40,32.0,False,0.0,0.0,computed_reduced_circuit_not_author_reproduction
1005,10.0,no_reward,A,carry_trace,7add6af7a4f879ebdd99b955,0036d300256c76a4f5896c9a67c09337f62afc17d020e7827ddb9cdd844e3729,0036d300256c76a4f5896c9a67c09337f62afc17d020e7827ddb9cdd844e3729,949.9999999999714,951.9999999999714,0.0,0.0,0.0,0.0,80,0,0.0,False,0.0,0.0,computed_reduced_circuit_not_author_reproduction
1005,10.0,no_reward,A,trace_reset_ablation,e38714abdaf31fab29380939,0036d300256c76a4f5896c9a67c09337f62afc17d020e7827ddb9cdd844e3729,0036d300256c76a4f5896c9a67c09337f62afc17d020e7827ddb9cdd844e3729,949.9999999999714,951.9999999999714,0.0,0.0,0.0,0.0,80,0,0.0,False,0.0,0.0,computed_reduced_circuit_not_author_reproduction
1005,10.0,no_reward,B,carry_trace,3286631f861df5a4c0333aa4,0036d300256c76a4f5896c9a67c09337f62afc17d020e7827ddb9cdd844e3729,0036d300256c76a4f5896c9a67c09337f62afc17d020e7827ddb9cdd844e3729,949.9999999999714,951.9999999999714,0.0,0.0,0.0,0.0,80,0,0.0,False,0.0,0.0,computed_reduced_circuit_not_author_reproduction
1005,10.0,no_reward,B,trace_reset_ablation,f2bae04168653f2f7ccf0acb,0036d300256c76a4f5896c9a67c09337f62afc17d020e7827ddb9cdd844e3729,0036d300256c76a4f5896c9a67c09337f62afc17d020e7827ddb9cdd844e3729,949.9999999999714,951.9999999999714,0.0,0.0,0.0,0.0,80,0,0.0,False,0.0,0.0,computed_reduced_circuit_not_author_reproduction
1005,10.0,plasticity_disabled,A,carry_trace,0a8f6223fb3a451e6fed69bb,0036d300256c76a4f5896c9a67c09337f62afc17d020e7827ddb9cdd844e3729,0036d300256c76a4f5896c9a67c09337f62afc17d020e7827ddb9cdd844e3729,949.9999999999714,951.9999999999714,0.0,0.0,0.0,0.0,80,40,32.0,False,0.0,0.0,computed_reduced_circuit_not_author_reproduction
1005,10.0,plasticity_disabled,A,trace_reset_ablation,68941e2b306dde0f48c999b9,0036d300256c76a4f5896c9a67c09337f62afc17d020e7827ddb9cdd844e3729,0036d300256c76a4f5896c9a67c09337f62afc17d020e7827ddb9cdd844e3729,949.9999999999714,951.9999999999714,0.0,0.0,0.0,0.0,80,40,32.0,False,0.0,0.0,computed_reduced_circuit_not_author_reproduction
1005,10.0,plasticity_disabled,B,carry_trace,359a1275824c2677ab112d89,0036d300256c76a4f5896c9a67c09337f62afc17d020e7827ddb9cdd844e3729,0036d300256c76a4f5896c9a67c09337f62afc17d020e7827ddb9cdd844e3729,949.9999999999714,951.9999999999714,0.0,0.0,0.0,0.0,80,40,32.0,False,0.0,0.0,computed_reduced_circuit_not_author_reproduction
1005,10.0,plasticity_disabled,B,trace_reset_ablation,61b693e3ec2555b395a267b2,0036d300256c76a4f5896c9a67c09337f62afc17d020e7827ddb9cdd844e3729,0036d300256c76a4f5896c9a67c09337f62afc17d020e7827ddb9cdd844e3729,949.9999999999714,951.9999999999714,0.0,0.0,0.0,0.0,80,40,32.0,False,0.0,0.0,computed_reduced_circuit_not_author_reproduction
1005,40.0,paired,A,carry_trace,6ffeb83c7cfdf4dba47612ac,0036d300256c76a4f5896c9a67c09337f62afc17d020e7827ddb9cdd844e3729,0112e8328dce624bbcee458c2643608743492e835b56d2b2c5147a8c420d38eb,3320.0000000000846,3322.0000000000846,0.0,0.577350617615434,2.266520304772257e-10,0.577350617388782,80,40,32.0,True,0.07282904053974482,0.577350617615434,computed_reduced_circuit_not_author_reproduction
1005,40.0,paired,A,trace_reset_ablation,17a01fb4eaa9763dd25e9dfb,0036d300256c76a4f5896c9a67c09337f62afc17d020e7827ddb9cdd844e3729,225deace40b29bfc90aa65b6f62067510ae0c64479a671c3846cc2668bb45340,3320.0000000000846,3322.0000000000846,0.0,0.5773506175475975,0.0,0.5773506175475975,80,40,32.0,True,0.07282904052748673,0.5773506175475975,computed_reduced_circuit_not_author_reproduction
1005,40.0,paired,B,carry_trace,d06d405b4f9dda44ed0efd23,0036d300256c76a4f5896c9a67c09337f62afc17d020e7827ddb9cdd844e3729,2f1dfdf4a93f2d5335b16a50ae8ccf8ac2d9b1ae86b3d6c957cf45baf2a2a5df,3320.0000000000846,3322.0000000000846,0.0,0.5826484505619146,2.0692247915121698e-10,0.5826484503549921,80,40,32.0,True,0.06859569386058073,0.5826484505619146,computed_reduced_circuit_not_author_reproduction
1005,40.0,paired,B,trace_reset_ablation,7a079a9e1730ad4c871bbba9,0036d300256c76a4f5896c9a67c09337f62afc17d020e7827ddb9cdd844e3729,4e6731e3b4d755f6c48ccd34f933edd2d3aef7b7eefdcf8073e8c544e27bd967,3320.0000000000846,3322.0000000000846,0.0,0.5826484504956769,0.0,0.5826484504956769,80,40,32.0,True,0.0685956938493818,0.5826484504956769,computed_reduced_circuit_not_author_reproduction
1005,40.0,explicitly_unpaired,A,carry_trace,cd0b632dee41ea7ae50ca1e7,0036d300256c76a4f5896c9a67c09337f62afc17d020e7827ddb9cdd844e3729,0036d300256c76a4f5896c9a67c09337f62afc17d020e7827ddb9cdd844e3729,3320.0000000000846,3322.0000000000846,0.0,0.0,0.0,0.0,80,40,32.0,False,0.0,0.0,computed_reduced_circuit_not_author_reproduction
1005,40.0,explicitly_unpaired,A,trace_reset_ablation,ae677ca800c3150675c39237,0036d300256c76a4f5896c9a67c09337f62afc17d020e7827ddb9cdd844e3729,0036d300256c76a4f5896c9a67c09337f62afc17d020e7827ddb9cdd844e3729,3320.0000000000846,3322.0000000000846,0.0,0.0,0.0,0.0,80,40,32.0,False,0.0,0.0,computed_reduced_circuit_not_author_reproduction
1005,40.0,explicitly_unpaired,B,carry_trace,494fbde8925e77b79aa79757,0036d300256c76a4f5896c9a67c09337f62afc17d020e7827ddb9cdd844e3729,0036d300256c76a4f5896c9a67c09337f62afc17d020e7827ddb9cdd844e3729,3320.0000000000846,3322.0000000000846,0.0,0.0,0.0,0.0,80,40,32.0,False,0.0,0.0,computed_reduced_circuit_not_author_reproduction
1005,40.0,explicitly_unpaired,B,trace_reset_ablation,4b8251612bf44afd80b91e8b,0036d300256c76a4f5896c9a67c09337f62afc17d020e7827ddb9cdd844e3729,0036d300256c76a4f5896c9a67c09337f62afc17d020e7827ddb9cdd844e3729,3320.0000000000846,3322.0000000000846,0.0,0.0,0.0,0.0,80,40,32.0,False,0.0,0.0,computed_reduced_circuit_not_author_reproduction
1005,40.0,no_reward,A,carry_trace,21b74f7b4139aedbcf7ca3f9,0036d300256c76a4f5896c9a67c09337f62afc17d020e7827ddb9cdd844e3729,0036d300256c76a4f5896c9a67c09337f62afc17d020e7827ddb9cdd844e3729,3320.0000000000846,3322.0000000000846,0.0,0.0,0.0,0.0,80,0,0.0,False,0.0,0.0,computed_reduced_circuit_not_author_reproduction
1005,40.0,no_reward,A,trace_reset_ablation,e1cd917e0e49bb2e45783628,0036d300256c76a4f5896c9a67c09337f62afc17d020e7827ddb9cdd844e3729,0036d300256c76a4f5896c9a67c09337f62afc17d020e7827ddb9cdd844e3729,3320.0000000000846,3322.0000000000846,0.0,0.0,0.0,0.0,80,0,0.0,False,0.0,0.0,computed_reduced_circuit_not_author_reproduction
1005,40.0,no_reward,B,carry_trace,21200669f9dfee42d1cb406c,0036d300256c76a4f5896c9a67c09337f62afc17d020e7827ddb9cdd844e3729,0036d300256c76a4f5896c9a67c09337f62afc17d020e7827ddb9cdd844e3729,3320.0000000000846,3322.0000000000846,0.0,0.0,0.0,0.0,80,0,0.0,False,0.0,0.0,computed_reduced_circuit_not_author_reproduction
1005,40.0,no_reward,B,trace_reset_ablation,1b8710ca1f55922da517db8f,0036d300256c76a4f5896c9a67c09337f62afc17d020e7827ddb9cdd844e3729,0036d300256c76a4f5896c9a67c09337f62afc17d020e7827ddb9cdd844e3729,3320.0000000000846,3322.0000000000846,0.0,0.0,0.0,0.0,80,0,0.0,False,0.0,0.0,computed_reduced_circuit_not_author_reproduction
1005,40.0,plasticity_disabled,A,carry_trace,591f381c7c28578df522a651,0036d300256c76a4f5896c9a67c09337f62afc17d020e7827ddb9cdd844e3729,0036d300256c76a4f5896c9a67c09337f62afc17d020e7827ddb9cdd844e3729,3320.0000000000846,3322.0000000000846,0.0,0.0,0.0,0.0,80,40,32.0,False,0.0,0.0,computed_reduced_circuit_not_author_reproduction
1005,40.0,plasticity_disabled,A,trace_reset_ablation,9d416d6f71b4bfbf6e0d7685,0036d300256c76a4f5896c9a67c09337f62afc17d020e7827ddb9cdd844e3729,0036d300256c76a4f5896c9a67c09337f62afc17d020e7827ddb9cdd844e3729,3320.0000000000846,3322.0000000000846,0.0,0.0,0.0,0.0,80,40,32.0,False,0.0,0.0,computed_reduced_circuit_not_author_reproduction
1005,40.0,plasticity_disabled,B,carry_trace,d9af2a18444b7bbf413d616a,0036d300256c76a4f5896c9a67c09337f62afc17d020e7827ddb9cdd844e3729,0036d300256c76a4f5896c9a67c09337f62afc17d020e7827ddb9cdd844e3729,3320.0000000000846,3322.0000000000846,0.0,0.0,0.0,0.0,80,40,32.0,False,0.0,0.0,computed_reduced_circuit_not_author_reproduction
1005,40.0,plasticity_disabled,B,trace_reset_ablation,1b3121dc1e85b3ca4ad79db0,0036d300256c76a4f5896c9a67c09337f62afc17d020e7827ddb9cdd844e3729,0036d300256c76a4f5896c9a67c09337f62afc17d020e7827ddb9cdd844e3729,3320.0000000000846,3322.0000000000846,0.0,0.0,0.0,0.0,80,40,32.0,False,0.0,0.0,computed_reduced_circuit_not_author_reproduction
1006,2.0,paired,A,carry_trace,0b9402ed8c6d2cf11e38a8cc,0036d300256c76a4f5896c9a67c09337f62afc17d020e7827ddb9cdd844e3729,b99353c96ab5a9a3acfd0e50e574736004d814c47b1a7d53a7b167661bcff4f9,318.00000000001364,320.00000000001364,0.0,0.58465305290677,0.050093618248495786,0.5345594346582743,80,40,32.0,True,0.08284307774864674,0.58465305290677,computed_reduced_circuit_not_author_reproduction
1006,2.0,paired,A,trace_reset_ablation,d04e39d901aae0ef62be6d5d,0036d300256c76a4f5896c9a67c09337f62afc17d020e7827ddb9cdd844e3729,4cb7d45a864b984757225c95020afa050671a0e5587458ad94ff377b9bcd0a98,318.00000000001364,320.00000000001364,0.0,0.5750666727251268,0.0,0.5750666727251268,80,40,32.0,True,0.07930776100263937,0.5750666727251268,computed_reduced_circuit_not_author_reproduction
1006,2.0,paired,B,carry_trace,521ed8f16679144cb984b827,0036d300256c76a4f5896c9a67c09337f62afc17d020e7827ddb9cdd844e3729,7a6c8d8aead5ca50d72c0f0036c6bc96b49ccfc29a274269df16ef511b01b973,318.00000000001364,320.00000000001364,0.0,0.5941877788656302,0.04927101088803665,0.5449167679775936,80,40,32.0,True,0.07478203049720566,0.5941877788656302,computed_reduced_circuit_not_author_reproduction
1006,2.0,paired,B,trace_reset_ablation,58fcdbfe06c4ad23ca48f69f,0036d300256c76a4f5896c9a67c09337f62afc17d020e7827ddb9cdd844e3729,7dc348246e34672f36bc14852cc01c984886b4f3f0b1fb2015a2553a99b2dbc8,318.00000000001364,320.00000000001364,0.0,0.58586524025446,0.0,0.58586524025446,80,40,32.0,True,0.07194926109806499,0.58586524025446,computed_reduced_circuit_not_author_reproduction
1006,2.0,explicitly_unpaired,A,carry_trace,edcfa1b73961a40253ecfbe4,0036d300256c76a4f5896c9a67c09337f62afc17d020e7827ddb9cdd844e3729,0036d300256c76a4f5896c9a67c09337f62afc17d020e7827ddb9cdd844e3729,318.00000000001353,320.00000000001353,0.0,0.0,0.0,0.0,80,40,32.0,False,0.0,0.0,computed_reduced_circuit_not_author_reproduction
1006,2.0,explicitly_unpaired,A,trace_reset_ablation,ceb1a49eee17316ee6f5acd9,0036d300256c76a4f5896c9a67c09337f62afc17d020e7827ddb9cdd844e3729,0036d300256c76a4f5896c9a67c09337f62afc17d020e7827ddb9cdd844e3729,318.00000000001353,320.00000000001353,0.0,0.0,0.0,0.0,80,40,32.0,False,0.0,0.0,computed_reduced_circuit_not_author_reproduction
1006,2.0,explicitly_unpaired,B,carry_trace,a891078dcaec652c1fe681df,0036d300256c76a4f5896c9a67c09337f62afc17d020e7827ddb9cdd844e3729,0036d300256c76a4f5896c9a67c09337f62afc17d020e7827ddb9cdd844e3729,318.00000000001353,320.00000000001353,0.0,0.0,0.0,0.0,80,40,32.0,False,0.0,0.0,computed_reduced_circuit_not_author_reproduction
1006,2.0,explicitly_unpaired,B,trace_reset_ablation,ccb872ee84f7d6b3ddcbb917,0036d300256c76a4f5896c9a67c09337f62afc17d020e7827ddb9cdd844e3729,0036d300256c76a4f5896c9a67c09337f62afc17d020e7827ddb9cdd844e3729,318.00000000001353,320.00000000001353,0.0,0.0,0.0,0.0,80,40,32.0,False,0.0,0.0,computed_reduced_circuit_not_author_reproduction
1006,2.0,no_reward,A,carry_trace,bbb28f7dc6aa5e27475c06fd,0036d300256c76a4f5896c9a67c09337f62afc17d020e7827ddb9cdd844e3729,0036d300256c76a4f5896c9a67c09337f62afc17d020e7827ddb9cdd844e3729,318.00000000001364,320.00000000001364,0.0,0.0,0.0,0.0,80,0,0.0,False,0.0,0.0,computed_reduced_circuit_not_author_reproduction
1006,2.0,no_reward,A,trace_reset_ablation,295dd490e85090e0f644d34d,0036d300256c76a4f5896c9a67c09337f62afc17d020e7827ddb9cdd844e3729,0036d300256c76a4f5896c9a67c09337f62afc17d020e7827ddb9cdd844e3729,318.00000000001364,320.00000000001364,0.0,0.0,0.0,0.0,80,0,0.0,False,0.0,0.0,computed_reduced_circuit_not_author_reproduction
1006,2.0,no_reward,B,carry_trace,451bd5cb82cfa05d0dd1a56d,0036d300256c76a4f5896c9a67c09337f62afc17d020e7827ddb9cdd844e3729,0036d300256c76a4f5896c9a67c09337f62afc17d020e7827ddb9cdd844e3729,318.00000000001364,320.00000000001364,0.0,0.0,0.0,0.0,80,0,0.0,False,0.0,0.0,computed_reduced_circuit_not_author_reproduction
1006,2.0,no_reward,B,trace_reset_ablation,a3ebd429da9d99669bac8c75,0036d300256c76a4f5896c9a67c09337f62afc17d020e7827ddb9cdd844e3729,0036d300256c76a4f5896c9a67c09337f62afc17d020e7827ddb9cdd844e3729,318.00000000001364,320.00000000001364,0.0,0.0,0.0,0.0,80,0,0.0,False,0.0,0.0,computed_reduced_circuit_not_author_reproduction
1006,2.0,plasticity_disabled,A,carry_trace,9fed6e7b1aeab7854afa9850,0036d300256c76a4f5896c9a67c09337f62afc17d020e7827ddb9cdd844e3729,0036d300256c76a4f5896c9a67c09337f62afc17d020e7827ddb9cdd844e3729,318.00000000001364,320.00000000001364,0.0,0.0,0.0,0.0,80,40,32.0,False,0.0,0.0,computed_reduced_circuit_not_author_reproduction
1006,2.0,plasticity_disabled,A,trace_reset_ablation,496d991f1dc519891b259162,0036d300256c76a4f5896c9a67c09337f62afc17d020e7827ddb9cdd844e3729,0036d300256c76a4f5896c9a67c09337f62afc17d020e7827ddb9cdd844e3729,318.00000000001364,320.00000000001364,0.0,0.0,0.0,0.0,80,40,32.0,False,0.0,0.0,computed_reduced_circuit_not_author_reproduction
1006,2.0,plasticity_disabled,B,carry_trace,397a28d68f98a25a847d0a59,0036d300256c76a4f5896c9a67c09337f62afc17d020e7827ddb9cdd844e3729,0036d300256c76a4f5896c9a67c09337f62afc17d020e7827ddb9cdd844e3729,318.00000000001364,320.00000000001364,0.0,0.0,0.0,0.0,80,40,32.0,False,0.0,0.0,computed_reduced_circuit_not_author_reproduction
1006,2.0,plasticity_disabled,B,trace_reset_ablation,84e1c97a42eb889228b28223,0036d300256c76a4f5896c9a67c09337f62afc17d020e7827ddb9cdd844e3729,0036d300256c76a4f5896c9a67c09337f62afc17d020e7827ddb9cdd844e3729,318.00000000001364,320.00000000001364,0.0,0.0,0.0,0.0,80,40,32.0,False,0.0,0.0,computed_reduced_circuit_not_author_reproduction
1006,10.0,paired,A,carry_trace,06069cb3146ede190337bff3,0036d300256c76a4f5896c9a67c09337f62afc17d020e7827ddb9cdd844e3729,be62e31cb84db0dcc3010b4d622a5f1eb6cdf509ac67b95753cbfdfbeca81499,949.9999999999714,951.9999999999714,0.0,0.5753172917702049,0.000809966772889803,0.574507324997315,80,40,32.0,True,0.07935768175745272,0.5753172917702049,computed_reduced_circuit_not_author_reproduction
1006,10.0,paired,A,trace_reset_ablation,caf1e275269c69d36bb03aca,0036d300256c76a4f5896c9a67c09337f62afc17d020e7827ddb9cdd844e3729,4cb7d45a864b984757225c95020afa050671a0e5587458ad94ff377b9bcd0a98,949.9999999999714,951.9999999999714,0.0,0.5750666727251268,0.0,0.5750666727251268,80,40,32.0,True,0.07930776100263937,0.5750666727251268,computed_reduced_circuit_not_author_reproduction
1006,10.0,paired,B,carry_trace,79c307c5a5c273840b7d5776,0036d300256c76a4f5896c9a67c09337f62afc17d020e7827ddb9cdd844e3729,9de477a91803050c0545f88ecec7c59551320919fb44c3064157885af4e538bb,949.9999999999714,951.9999999999714,0.0,0.5860831937091399,0.0008160047473637633,0.5852671889617761,80,40,32.0,True,0.07198816760247073,0.5860831937091399,computed_reduced_circuit_not_author_reproduction
1006,10.0,paired,B,trace_reset_ablation,54e8f7b5236a947317ff5b86,0036d300256c76a4f5896c9a67c09337f62afc17d020e7827ddb9cdd844e3729,7dc348246e34672f36bc14852cc01c984886b4f3f0b1fb2015a2553a99b2dbc8,949.9999999999714,951.9999999999714,0.0,0.58586524025446,0.0,0.58586524025446,80,40,32.0,True,0.07194926109806499,0.58586524025446,computed_reduced_circuit_not_author_reproduction
1006,10.0,explicitly_unpaired,A,carry_trace,33564a15e109ba4dee0f34fd,0036d300256c76a4f5896c9a67c09337f62afc17d020e7827ddb9cdd844e3729,0036d300256c76a4f5896c9a67c09337f62afc17d020e7827ddb9cdd844e3729,949.9999999999711,951.9999999999711,0.0,0.0,0.0,0.0,80,40,32.0,False,0.0,0.0,computed_reduced_circuit_not_author_reproduction
1006,10.0,explicitly_unpaired,A,trace_reset_ablation,ba584305d2d5c22f04947815,0036d300256c76a4f5896c9a67c09337f62afc17d020e7827ddb9cdd844e3729,0036d300256c76a4f5896c9a67c09337f62afc17d020e7827ddb9cdd844e3729,949.9999999999711,951.9999999999711,0.0,0.0,0.0,0.0,80,40,32.0,False,0.0,0.0,computed_reduced_circuit_not_author_reproduction
1006,10.0,explicitly_unpaired,B,carry_trace,b34a9ea8ea1dfcbb87b5c0f9,0036d300256c76a4f5896c9a67c09337f62afc17d020e7827ddb9cdd844e3729,0036d300256c76a4f5896c9a67c09337f62afc17d020e7827ddb9cdd844e3729,949.9999999999711,951.9999999999711,0.0,0.0,0.0,0.0,80,40,32.0,False,0.0,0.0,computed_reduced_circuit_not_author_reproduction
1006,10.0,explicitly_unpaired,B,trace_reset_ablation,3f46e81989ea6545f555ce3d,0036d300256c76a4f5896c9a67c09337f62afc17d020e7827ddb9cdd844e3729,0036d300256c76a4f5896c9a67c09337f62afc17d020e7827ddb9cdd844e3729,949.9999999999711,951.9999999999711,0.0,0.0,0.0,0.0,80,40,32.0,False,0.0,0.0,computed_reduced_circuit_not_author_reproduction
1006,10.0,no_reward,A,carry_trace,628f0859f3e9d2007a4d5f5a,0036d300256c76a4f5896c9a67c09337f62afc17d020e7827ddb9cdd844e3729,0036d300256c76a4f5896c9a67c09337f62afc17d020e7827ddb9cdd844e3729,949.9999999999714,951.9999999999714,0.0,0.0,0.0,0.0,80,0,0.0,False,0.0,0.0,computed_reduced_circuit_not_author_reproduction
1006,10.0,no_reward,A,trace_reset_ablation,0dca7c0edde9451f84262b66,0036d300256c76a4f5896c9a67c09337f62afc17d020e7827ddb9cdd844e3729,0036d300256c76a4f5896c9a67c09337f62afc17d020e7827ddb9cdd844e3729,949.9999999999714,951.9999999999714,0.0,0.0,0.0,0.0,80,0,0.0,False,0.0,0.0,computed_reduced_circuit_not_author_reproduction
1006,10.0,no_reward,B,carry_trace,c1b1bf8e82ec623053500a73,0036d300256c76a4f5896c9a67c09337f62afc17d020e7827ddb9cdd844e3729,0036d300256c76a4f5896c9a67c09337f62afc17d020e7827ddb9cdd844e3729,949.9999999999714,951.9999999999714,0.0,0.0,0.0,0.0,80,0,0.0,False,0.0,0.0,computed_reduced_circuit_not_author_reproduction
1006,10.0,no_reward,B,trace_reset_ablation,64f7e27fd47e0c9650ce45c3,0036d300256c76a4f5896c9a67c09337f62afc17d020e7827ddb9cdd844e3729,0036d300256c76a4f5896c9a67c09337f62afc17d020e7827ddb9cdd844e3729,949.9999999999714,951.9999999999714,0.0,0.0,0.0,0.0,80,0,0.0,False,0.0,0.0,computed_reduced_circuit_not_author_reproduction
1006,10.0,plasticity_disabled,A,carry_trace,1b1c17935c2c0e9384a7d9df,0036d300256c76a4f5896c9a67c09337f62afc17d020e7827ddb9cdd844e3729,0036d300256c76a4f5896c9a67c09337f62afc17d020e7827ddb9cdd844e3729,949.9999999999714,951.9999999999714,0.0,0.0,0.0,0.0,80,40,32.0,False,0.0,0.0,computed_reduced_circuit_not_author_reproduction
1006,10.0,plasticity_disabled,A,trace_reset_ablation,6108f589f51929f7ac406fa5,0036d300256c76a4f5896c9a67c09337f62afc17d020e7827ddb9cdd844e3729,0036d300256c76a4f5896c9a67c09337f62afc17d020e7827ddb9cdd844e3729,949.9999999999714,951.9999999999714,0.0,0.0,0.0,0.0,80,40,32.0,False,0.0,0.0,computed_reduced_circuit_not_author_reproduction
1006,10.0,plasticity_disabled,B,carry_trace,7b76c3cf06fd938d2b14eeb3,0036d300256c76a4f5896c9a67c09337f62afc17d020e7827ddb9cdd844e3729,0036d300256c76a4f5896c9a67c09337f62afc17d020e7827ddb9cdd844e3729,949.9999999999714,951.9999999999714,0.0,0.0,0.0,0.0,80,40,32.0,False,0.0,0.0,computed_reduced_circuit_not_author_reproduction
1006,10.0,plasticity_disabled,B,trace_reset_ablation,14928af9561c7b7bb95625c0,0036d300256c76a4f5896c9a67c09337f62afc17d020e7827ddb9cdd844e3729,0036d300256c76a4f5896c9a67c09337f62afc17d020e7827ddb9cdd844e3729,949.9999999999714,951.9999999999714,0.0,0.0,0.0,0.0,80,40,32.0,False,0.0,0.0,computed_reduced_circuit_not_author_reproduction
1006,40.0,paired,A,carry_trace,33e9a6ef7577c66377251735,0036d300256c76a4f5896c9a67c09337f62afc17d020e7827ddb9cdd844e3729,7708e7c413337e12bae916fe9df46aa26181f5337c187d0961e2fbddc4a5c8cc,3320.0000000000846,3322.0000000000846,0.0,0.5750666728021641,2.4730262282446347e-10,0.5750666725548614,80,40,32.0,True,0.07930776101785086,0.5750666728021641,computed_reduced_circuit_not_author_reproduction
1006,40.0,paired,A,trace_reset_ablation,1e8b27d26f7e2ee147942b54,0036d300256c76a4f5896c9a67c09337f62afc17d020e7827ddb9cdd844e3729,4cb7d45a864b984757225c95020afa050671a0e5587458ad94ff377b9bcd0a98,3320.0000000000846,3322.0000000000846,0.0,0.5750666727251268,0.0,0.5750666727251268,80,40,32.0,True,0.07930776100263937,0.5750666727251268,computed_reduced_circuit_not_author_reproduction
1006,40.0,paired,B,carry_trace,d2e2a21b8df131cdbea24a84,0036d300256c76a4f5896c9a67c09337f62afc17d020e7827ddb9cdd844e3729,009c358aae4b4a1cd2ca77bb345479ef5b60e7358a304f914667ad3d9f2efd4f,3320.0000000000846,3322.0000000000846,0.0,0.5858652403214464,2.492606121506924e-10,0.5858652400721858,80,40,32.0,True,0.07194926110991084,0.5858652403214464,computed_reduced_circuit_not_author_reproduction
1006,40.0,paired,B,trace_reset_ablation,f5709d06b16c0c9dd76488b4,0036d300256c76a4f5896c9a67c09337f62afc17d020e7827ddb9cdd844e3729,7dc348246e34672f36bc14852cc01c984886b4f3f0b1fb2015a2553a99b2dbc8,3320.0000000000846,3322.0000000000846,0.0,0.58586524025446,0.0,0.58586524025446,80,40,32.0,True,0.07194926109806499,0.58586524025446,computed_reduced_circuit_not_author_reproduction
1006,40.0,explicitly_unpaired,A,carry_trace,a0988fb3502caa5010e3f67e,0036d300256c76a4f5896c9a67c09337f62afc17d020e7827ddb9cdd844e3729,0036d300256c76a4f5896c9a67c09337f62afc17d020e7827ddb9cdd844e3729,3320.0000000000846,3322.0000000000846,0.0,0.0,0.0,0.0,80,40,32.0,False,0.0,0.0,computed_reduced_circuit_not_author_reproduction
1006,40.0,explicitly_unpaired,A,trace_reset_ablation,1a0257b854d9536e1e7d4046,0036d300256c76a4f5896c9a67c09337f62afc17d020e7827ddb9cdd844e3729,0036d300256c76a4f5896c9a67c09337f62afc17d020e7827ddb9cdd844e3729,3320.0000000000846,3322.0000000000846,0.0,0.0,0.0,0.0,80,40,32.0,False,0.0,0.0,computed_reduced_circuit_not_author_reproduction
1006,40.0,explicitly_unpaired,B,carry_trace,b14d961e6ac88afb9e75e561,0036d300256c76a4f5896c9a67c09337f62afc17d020e7827ddb9cdd844e3729,0036d300256c76a4f5896c9a67c09337f62afc17d020e7827ddb9cdd844e3729,3320.0000000000846,3322.0000000000846,0.0,0.0,0.0,0.0,80,40,32.0,False,0.0,0.0,computed_reduced_circuit_not_author_reproduction
1006,40.0,explicitly_unpaired,B,trace_reset_ablation,4d86e55e5eac06b4ad4dbb46,0036d300256c76a4f5896c9a67c09337f62afc17d020e7827ddb9cdd844e3729,0036d300256c76a4f5896c9a67c09337f62afc17d020e7827ddb9cdd844e3729,3320.0000000000846,3322.0000000000846,0.0,0.0,0.0,0.0,80,40,32.0,False,0.0,0.0,computed_reduced_circuit_not_author_reproduction
1006,40.0,no_reward,A,carry_trace,5e2dccb2ada3d131a43bafba,0036d300256c76a4f5896c9a67c09337f62afc17d020e7827ddb9cdd844e3729,0036d300256c76a4f5896c9a67c09337f62afc17d020e7827ddb9cdd844e3729,3320.0000000000846,3322.0000000000846,0.0,0.0,0.0,0.0,80,0,0.0,False,0.0,0.0,computed_reduced_circuit_not_author_reproduction
1006,40.0,no_reward,A,trace_reset_ablation,adbbbbd30f6a769894073727,0036d300256c76a4f5896c9a67c09337f62afc17d020e7827ddb9cdd844e3729,0036d300256c76a4f5896c9a67c09337f62afc17d020e7827ddb9cdd844e3729,3320.0000000000846,3322.0000000000846,0.0,0.0,0.0,0.0,80,0,0.0,False,0.0,0.0,computed_reduced_circuit_not_author_reproduction
1006,40.0,no_reward,B,carry_trace,58accfb1e1f7baa869207279,0036d300256c76a4f5896c9a67c09337f62afc17d020e7827ddb9cdd844e3729,0036d300256c76a4f5896c9a67c09337f62afc17d020e7827ddb9cdd844e3729,3320.0000000000846,3322.0000000000846,0.0,0.0,0.0,0.0,80,0,0.0,False,0.0,0.0,computed_reduced_circuit_not_author_reproduction
1006,40.0,no_reward,B,trace_reset_ablation,ab51aaebfd786103e5b4c172,0036d300256c76a4f5896c9a67c09337f62afc17d020e7827ddb9cdd844e3729,0036d300256c76a4f5896c9a67c09337f62afc17d020e7827ddb9cdd844e3729,3320.0000000000846,3322.0000000000846,0.0,0.0,0.0,0.0,80,0,0.0,False,0.0,0.0,computed_reduced_circuit_not_author_reproduction
1006,40.0,plasticity_disabled,A,carry_trace,6968b348b1ba892307149987,0036d300256c76a4f5896c9a67c09337f62afc17d020e7827ddb9cdd844e3729,0036d300256c76a4f5896c9a67c09337f62afc17d020e7827ddb9cdd844e3729,3320.0000000000846,3322.0000000000846,0.0,0.0,0.0,0.0,80,40,32.0,False,0.0,0.0,computed_reduced_circuit_not_author_reproduction
1006,40.0,plasticity_disabled,A,trace_reset_ablation,eb0890d4b2548317727f80f1,0036d300256c76a4f5896c9a67c09337f62afc17d020e7827ddb9cdd844e3729,0036d300256c76a4f5896c9a67c09337f62afc17d020e7827ddb9cdd844e3729,3320.0000000000846,3322.0000000000846,0.0,0.0,0.0,0.0,80,40,32.0,False,0.0,0.0,computed_reduced_circuit_not_author_reproduction
1006,40.0,plasticity_disabled,B,carry_trace,7c0b2c2f582edb341748c1e1,0036d300256c76a4f5896c9a67c09337f62afc17d020e7827ddb9cdd844e3729,0036d300256c76a4f5896c9a67c09337f62afc17d020e7827ddb9cdd844e3729,3320.0000000000846,3322.0000000000846,0.0,0.0,0.0,0.0,80,40,32.0,False,0.0,0.0,computed_reduced_circuit_not_author_reproduction
1006,40.0,plasticity_disabled,B,trace_reset_ablation,f82362a00080dfa263ba17d2,0036d300256c76a4f5896c9a67c09337f62afc17d020e7827ddb9cdd844e3729,0036d300256c76a4f5896c9a67c09337f62afc17d020e7827ddb9cdd844e3729,3320.0000000000846,3322.0000000000846,0.0,0.0,0.0,0.0,80,40,32.0,False,0.0,0.0,computed_reduced_circuit_not_author_reproduction
1007,2.0,paired,A,carry_trace,f277841f2dde885c8ff346ae,0036d300256c76a4f5896c9a67c09337f62afc17d020e7827ddb9cdd844e3729,e1b2bbf85e48593d79a2a6cb03b93effea57ce3e3b6a617befd2b04cde85c462,318.00000000001364,320.00000000001364,0.0,0.5801975615442942,0.05335409780772993,0.5268434637365643,80,40,32.0,True,0.08412854638830874,0.5801975615442942,computed_reduced_circuit_not_author_reproduction
1007,2.0,paired,A,trace_reset_ablation,ac39da559f52c564f45f74e6,0036d300256c76a4f5896c9a67c09337f62afc17d020e7827ddb9cdd844e3729,409e3fa2ddc8c93ce6b5f2cf7eb6ad4beda7a8318e3fc4f546df3d68c333d4ef,318.00000000001364,320.00000000001364,0.0,0.5720600525768502,0.0,0.5720600525768502,80,40,32.0,True,0.08084009829601368,0.5720600525768502,computed_reduced_circuit_not_author_reproduction
1007,2.0,paired,B,carry_trace,79e64ba5f5f44c3afa7f4384,0036d300256c76a4f5896c9a67c09337f62afc17d020e7827ddb9cdd844e3729,2bd50d0fc5158e2d6b5d3f04ba2ce0bc6356aa8220c0a27d536e92a2624e4998,318.00000000001364,320.00000000001364,0.0,0.5956023746422716,0.05004011625911142,0.5455622583831602,80,40,32.0,True,0.07034021910480892,0.5956023746422716,computed_reduced_circuit_not_author_reproduction
1007,2.0,paired,B,trace_reset_ablation,a8debbc292106134d0b0c4d7,0036d300256c76a4f5896c9a67c09337f62afc17d020e7827ddb9cdd844e3729,ee6c7e1b81da0a14f2d93ccfac24564e9e9ec4f2b3914ca691cceb3fe06a8960,318.00000000001364,320.00000000001364,0.0,0.5880925650524838,0.0,0.5880925650524838,80,40,32.0,True,0.06772470445873335,0.5880925650524838,computed_reduced_circuit_not_author_reproduction
1007,2.0,explicitly_unpaired,A,carry_trace,fd8b652f4a22ebe47c875dbb,0036d300256c76a4f5896c9a67c09337f62afc17d020e7827ddb9cdd844e3729,0036d300256c76a4f5896c9a67c09337f62afc17d020e7827ddb9cdd844e3729,318.00000000001353,320.00000000001353,0.0,0.0,0.0,0.0,80,40,32.0,False,0.0,0.0,computed_reduced_circuit_not_author_reproduction
1007,2.0,explicitly_unpaired,A,trace_reset_ablation,61f662c91952d0e5dea07e8b,0036d300256c76a4f5896c9a67c09337f62afc17d020e7827ddb9cdd844e3729,0036d300256c76a4f5896c9a67c09337f62afc17d020e7827ddb9cdd844e3729,318.00000000001353,320.00000000001353,0.0,0.0,0.0,0.0,80,40,32.0,False,0.0,0.0,computed_reduced_circuit_not_author_reproduction
1007,2.0,explicitly_unpaired,B,carry_trace,255211e49da4cd9e214e7a71,0036d300256c76a4f5896c9a67c09337f62afc17d020e7827ddb9cdd844e3729,0036d300256c76a4f5896c9a67c09337f62afc17d020e7827ddb9cdd844e3729,318.00000000001353,320.00000000001353,0.0,0.0,0.0,0.0,80,40,32.0,False,0.0,0.0,computed_reduced_circuit_not_author_reproduction
1007,2.0,explicitly_unpaired,B,trace_reset_ablation,0cf2ce03aec95c84f6b9f4eb,0036d300256c76a4f5896c9a67c09337f62afc17d020e7827ddb9cdd844e3729,0036d300256c76a4f5896c9a67c09337f62afc17d020e7827ddb9cdd844e3729,318.00000000001353,320.00000000001353,0.0,0.0,0.0,0.0,80,40,32.0,False,0.0,0.0,computed_reduced_circuit_not_author_reproduction
1007,2.0,no_reward,A,carry_trace,d06c45c3a491adaf86a7a021,0036d300256c76a4f5896c9a67c09337f62afc17d020e7827ddb9cdd844e3729,0036d300256c76a4f5896c9a67c09337f62afc17d020e7827ddb9cdd844e3729,318.00000000001364,320.00000000001364,0.0,0.0,0.0,0.0,80,0,0.0,False,0.0,0.0,computed_reduced_circuit_not_author_reproduction
1007,2.0,no_reward,A,trace_reset_ablation,cce686fccab0f2e24c12f0b3,0036d300256c76a4f5896c9a67c09337f62afc17d020e7827ddb9cdd844e3729,0036d300256c76a4f5896c9a67c09337f62afc17d020e7827ddb9cdd844e3729,318.00000000001364,320.00000000001364,0.0,0.0,0.0,0.0,80,0,0.0,False,0.0,0.0,computed_reduced_circuit_not_author_reproduction
1007,2.0,no_reward,B,carry_trace,4919f51369adbfa4dbf18bf7,0036d300256c76a4f5896c9a67c09337f62afc17d020e7827ddb9cdd844e3729,0036d300256c76a4f5896c9a67c09337f62afc17d020e7827ddb9cdd844e3729,318.00000000001364,320.00000000001364,0.0,0.0,0.0,0.0,80,0,0.0,False,0.0,0.0,computed_reduced_circuit_not_author_reproduction
1007,2.0,no_reward,B,trace_reset_ablation,dde96cc8529bbebaed162f11,0036d300256c76a4f5896c9a67c09337f62afc17d020e7827ddb9cdd844e3729,0036d300256c76a4f5896c9a67c09337f62afc17d020e7827ddb9cdd844e3729,318.00000000001364,320.00000000001364,0.0,0.0,0.0,0.0,80,0,0.0,False,0.0,0.0,computed_reduced_circuit_not_author_reproduction
1007,2.0,plasticity_disabled,A,carry_trace,3254aad9a1194b6f63932126,0036d300256c76a4f5896c9a67c09337f62afc17d020e7827ddb9cdd844e3729,0036d300256c76a4f5896c9a67c09337f62afc17d020e7827ddb9cdd844e3729,318.00000000001364,320.00000000001364,0.0,0.0,0.0,0.0,80,40,32.0,False,0.0,0.0,computed_reduced_circuit_not_author_reproduction
1007,2.0,plasticity_disabled,A,trace_reset_ablation,69b6322da03979bb4e70164c,0036d300256c76a4f5896c9a67c09337f62afc17d020e7827ddb9cdd844e3729,0036d300256c76a4f5896c9a67c09337f62afc17d020e7827ddb9cdd844e3729,318.00000000001364,320.00000000001364,0.0,0.0,0.0,0.0,80,40,32.0,False,0.0,0.0,computed_reduced_circuit_not_author_reproduction
1007,2.0,plasticity_disabled,B,carry_trace,97e5c1ac619d6ac349e4c0e1,0036d300256c76a4f5896c9a67c09337f62afc17d020e7827ddb9cdd844e3729,0036d300256c76a4f5896c9a67c09337f62afc17d020e7827ddb9cdd844e3729,318.00000000001364,320.00000000001364,0.0,0.0,0.0,0.0,80,40,32.0,False,0.0,0.0,computed_reduced_circuit_not_author_reproduction
1007,2.0,plasticity_disabled,B,trace_reset_ablation,cf6b0f9139f59595f888f01f,0036d300256c76a4f5896c9a67c09337f62afc17d020e7827ddb9cdd844e3729,0036d300256c76a4f5896c9a67c09337f62afc17d020e7827ddb9cdd844e3729,318.00000000001364,320.00000000001364,0.0,0.0,0.0,0.0,80,40,32.0,False,0.0,0.0,computed_reduced_circuit_not_author_reproduction
1007,10.0,paired,A,carry_trace,7cf098db949b2c5723447cc6,0036d300256c76a4f5896c9a67c09337f62afc17d020e7827ddb9cdd844e3729,114c70f6bf9451cb13a55821b56b607970dd5426860b705c06bd0c5edcbd03a9,949.9999999999714,951.9999999999714,0.0,0.5722988952094669,0.000882845206000793,0.5714160500034661,80,40,32.0,True,0.0808887859334465,0.5722988952094669,computed_reduced_circuit_not_author_reproduction
1007,10.0,paired,A,trace_reset_ablation,d0207326aa5dc5a37b8e85f8,0036d300256c76a4f5896c9a67c09337f62afc17d020e7827ddb9cdd844e3729,409e3fa2ddc8c93ce6b5f2cf7eb6ad4beda7a8318e3fc4f546df3d68c333d4ef,949.9999999999714,951.9999999999714,0.0,0.5720600525768502,0.0,0.5720600525768502,80,40,32.0,True,0.08084009829601368,0.5720600525768502,computed_reduced_circuit_not_author_reproduction
1007,10.0,paired,B,carry_trace,7f6dbb8f4015b5f2a8c16f20,0036d300256c76a4f5896c9a67c09337f62afc17d020e7827ddb9cdd844e3729,88f02e26c4e3846b18152e3a0a21d90d917ff1daca2a8ec4dc2bc5aad167d3af,949.9999999999714,951.9999999999714,0.0,0.5883074992930817,0.0008397430214440726,0.5874677562716376,80,40,32.0,True,0.06776073899120671,0.5883074992930817,computed_reduced_circuit_not_author_reproduction
1007,10.0,paired,B,trace_reset_ablation,0625d595442eb77af06cb7ac,0036d300256c76a4f5896c9a67c09337f62afc17d020e7827ddb9cdd844e3729,ee6c7e1b81da0a14f2d93ccfac24564e9e9ec4f2b3914ca691cceb3fe06a8960,949.9999999999714,951.9999999999714,0.0,0.5880925650524838,0.0,0.5880925650524838,80,40,32.0,True,0.06772470445873335,0.5880925650524838,computed_reduced_circuit_not_author_reproduction
1007,10.0,explicitly_unpaired,A,carry_trace,2eb5cf0f3d340a0ceb51fc69,0036d300256c76a4f5896c9a67c09337f62afc17d020e7827ddb9cdd844e3729,0036d300256c76a4f5896c9a67c09337f62afc17d020e7827ddb9cdd844e3729,949.9999999999711,951.9999999999711,0.0,0.0,0.0,0.0,80,40,32.0,False,0.0,0.0,computed_reduced_circuit_not_author_reproduction
1007,10.0,explicitly_unpaired,A,trace_reset_ablation,ffdf70ff107a11b62bfea189,0036d300256c76a4f5896c9a67c09337f62afc17d020e7827ddb9cdd844e3729,0036d300256c76a4f5896c9a67c09337f62afc17d020e7827ddb9cdd844e3729,949.9999999999711,951.9999999999711,0.0,0.0,0.0,0.0,80,40,32.0,False,0.0,0.0,computed_reduced_circuit_not_author_reproduction
1007,10.0,explicitly_unpaired,B,carry_trace,b8b687b744faf6eaff067a0c,0036d300256c76a4f5896c9a67c09337f62afc17d020e7827ddb9cdd844e3729,0036d300256c76a4f5896c9a67c09337f62afc17d020e7827ddb9cdd844e3729,949.9999999999711,951.9999999999711,0.0,0.0,0.0,0.0,80,40,32.0,False,0.0,0.0,computed_reduced_circuit_not_author_reproduction
1007,10.0,explicitly_unpaired,B,trace_reset_ablation,a1f5d0bbed1ffee268dade00,0036d300256c76a4f5896c9a67c09337f62afc17d020e7827ddb9cdd844e3729,0036d300256c76a4f5896c9a67c09337f62afc17d020e7827ddb9cdd844e3729,949.9999999999711,951.9999999999711,0.0,0.0,0.0,0.0,80,40,32.0,False,0.0,0.0,computed_reduced_circuit_not_author_reproduction
1007,10.0,no_reward,A,carry_trace,da4ded998861bce5ecad8e64,0036d300256c76a4f5896c9a67c09337f62afc17d020e7827ddb9cdd844e3729,0036d300256c76a4f5896c9a67c09337f62afc17d020e7827ddb9cdd844e3729,949.9999999999714,951.9999999999714,0.0,0.0,0.0,0.0,80,0,0.0,False,0.0,0.0,computed_reduced_circuit_not_author_reproduction
1007,10.0,no_reward,A,trace_reset_ablation,98e8d704356898e413d22fe4,0036d300256c76a4f5896c9a67c09337f62afc17d020e7827ddb9cdd844e3729,0036d300256c76a4f5896c9a67c09337f62afc17d020e7827ddb9cdd844e3729,949.9999999999714,951.9999999999714,0.0,0.0,0.0,0.0,80,0,0.0,False,0.0,0.0,computed_reduced_circuit_not_author_reproduction
1007,10.0,no_reward,B,carry_trace,421267e96948626e086ea731,0036d300256c76a4f5896c9a67c09337f62afc17d020e7827ddb9cdd844e3729,0036d300256c76a4f5896c9a67c09337f62afc17d020e7827ddb9cdd844e3729,949.9999999999714,951.9999999999714,0.0,0.0,0.0,0.0,80,0,0.0,False,0.0,0.0,computed_reduced_circuit_not_author_reproduction
1007,10.0,no_reward,B,trace_reset_ablation,9dcc280ee5c5eff909f0f43f,0036d300256c76a4f5896c9a67c09337f62afc17d020e7827ddb9cdd844e3729,0036d300256c76a4f5896c9a67c09337f62afc17d020e7827ddb9cdd844e3729,949.9999999999714,951.9999999999714,0.0,0.0,0.0,0.0,80,0,0.0,False,0.0,0.0,computed_reduced_circuit_not_author_reproduction
1007,10.0,plasticity_disabled,A,carry_trace,0b7f4f3eda2396e0e30c94d5,0036d300256c76a4f5896c9a67c09337f62afc17d020e7827ddb9cdd844e3729,0036d300256c76a4f5896c9a67c09337f62afc17d020e7827ddb9cdd844e3729,949.9999999999714,951.9999999999714,0.0,0.0,0.0,0.0,80,40,32.0,False,0.0,0.0,computed_reduced_circuit_not_author_reproduction
1007,10.0,plasticity_disabled,A,trace_reset_ablation,aece429e9fe4cf8883856bcd,0036d300256c76a4f5896c9a67c09337f62afc17d020e7827ddb9cdd844e3729,0036d300256c76a4f5896c9a67c09337f62afc17d020e7827ddb9cdd844e3729,949.9999999999714,951.9999999999714,0.0,0.0,0.0,0.0,80,40,32.0,False,0.0,0.0,computed_reduced_circuit_not_author_reproduction
1007,10.0,plasticity_disabled,B,carry_trace,961b7ccaa2b8c7808dc36424,0036d300256c76a4f5896c9a67c09337f62afc17d020e7827ddb9cdd844e3729,0036d300256c76a4f5896c9a67c09337f62afc17d020e7827ddb9cdd844e3729,949.9999999999714,951.9999999999714,0.0,0.0,0.0,0.0,80,40,32.0,False,0.0,0.0,computed_reduced_circuit_not_author_reproduction
1007,10.0,plasticity_disabled,B,trace_reset_ablation,02a93956eff0e4f82d539963,0036d300256c76a4f5896c9a67c09337f62afc17d020e7827ddb9cdd844e3729,0036d300256c76a4f5896c9a67c09337f62afc17d020e7827ddb9cdd844e3729,949.9999999999714,951.9999999999714,0.0,0.0,0.0,0.0,80,40,32.0,False,0.0,0.0,computed_reduced_circuit_not_author_reproduction
1007,40.0,paired,A,carry_trace,778e948a7d0b245b76c78982,0036d300256c76a4f5896c9a67c09337f62afc17d020e7827ddb9cdd844e3729,4aa058319b7fcb61e01076e59e868541ab4278a9111f6068e951280bcd4e9714,3320.0000000000846,3322.0000000000846,0.0,0.572060052650383,2.6968050015341305e-10,0.5720600523807025,80,40,32.0,True,0.08084009831086403,0.572060052650383,computed_reduced_circuit_not_author_reproduction
1007,40.0,paired,A,trace_reset_ablation,79514785ba43278a2ffb7587,0036d300256c76a4f5896c9a67c09337f62afc17d020e7827ddb9cdd844e3729,409e3fa2ddc8c93ce6b5f2cf7eb6ad4beda7a8318e3fc4f546df3d68c333d4ef,3320.0000000000846,3322.0000000000846,0.0,0.5720600525768502,0.0,0.5720600525768502,80,40,32.0,True,0.08084009829601368,0.5720600525768502,computed_reduced_circuit_not_author_reproduction
1007,40.0,paired,B,carry_trace,cfd3542268d28c30b461ec58,0036d300256c76a4f5896c9a67c09337f62afc17d020e7827ddb9cdd844e3729,906a04c45c4a684578a67648a6202ccbc794ab5a66a0f2472259c1b78a51b295,3320.0000000000846,3322.0000000000846,0.0,0.5880925651186266,2.565929690945268e-10,0.5880925648620337,80,40,32.0,True,0.06772470446970702,0.5880925651186266,computed_reduced_circuit_not_author_reproduction
1007,40.0,paired,B,trace_reset_ablation,9343012cdb9ce08af2793e54,0036d300256c76a4f5896c9a67c09337f62afc17d020e7827ddb9cdd844e3729,ee6c7e1b81da0a14f2d93ccfac24564e9e9ec4f2b3914ca691cceb3fe06a8960,3320.0000000000846,3322.0000000000846,0.0,0.5880925650524838,0.0,0.5880925650524838,80,40,32.0,True,0.06772470445873335,0.5880925650524838,computed_reduced_circuit_not_author_reproduction
1007,40.0,explicitly_unpaired,A,carry_trace,14158a95460ba8442ca392c4,0036d300256c76a4f5896c9a67c09337f62afc17d020e7827ddb9cdd844e3729,0036d300256c76a4f5896c9a67c09337f62afc17d020e7827ddb9cdd844e3729,3320.0000000000846,3322.0000000000846,0.0,0.0,0.0,0.0,80,40,32.0,False,0.0,0.0,computed_reduced_circuit_not_author_reproduction
1007,40.0,explicitly_unpaired,A,trace_reset_ablation,e6586e43c0baff2a7425f438,0036d300256c76a4f5896c9a67c09337f62afc17d020e7827ddb9cdd844e3729,0036d300256c76a4f5896c9a67c09337f62afc17d020e7827ddb9cdd844e3729,3320.0000000000846,3322.0000000000846,0.0,0.0,0.0,0.0,80,40,32.0,False,0.0,0.0,computed_reduced_circuit_not_author_reproduction
1007,40.0,explicitly_unpaired,B,carry_trace,2fb0ffc92f1180f46b718097,0036d300256c76a4f5896c9a67c09337f62afc17d020e7827ddb9cdd844e3729,0036d300256c76a4f5896c9a67c09337f62afc17d020e7827ddb9cdd844e3729,3320.0000000000846,3322.0000000000846,0.0,0.0,0.0,0.0,80,40,32.0,False,0.0,0.0,computed_reduced_circuit_not_author_reproduction
1007,40.0,explicitly_unpaired,B,trace_reset_ablation,9d8ba047946476dcd6a534cc,0036d300256c76a4f5896c9a67c09337f62afc17d020e7827ddb9cdd844e3729,0036d300256c76a4f5896c9a67c09337f62afc17d020e7827ddb9cdd844e3729,3320.0000000000846,3322.0000000000846,0.0,0.0,0.0,0.0,80,40,32.0,False,0.0,0.0,computed_reduced_circuit_not_author_reproduction
1007,40.0,no_reward,A,carry_trace,129bb33bd035abdb5a019f14,0036d300256c76a4f5896c9a67c09337f62afc17d020e7827ddb9cdd844e3729,0036d300256c76a4f5896c9a67c09337f62afc17d020e7827ddb9cdd844e3729,3320.0000000000846,3322.0000000000846,0.0,0.0,0.0,0.0,80,0,0.0,False,0.0,0.0,computed_reduced_circuit_not_author_reproduction
1007,40.0,no_reward,A,trace_reset_ablation,e95cfa9dfa0f4d6e6b83c995,0036d300256c76a4f5896c9a67c09337f62afc17d020e7827ddb9cdd844e3729,0036d300256c76a4f5896c9a67c09337f62afc17d020e7827ddb9cdd844e3729,3320.0000000000846,3322.0000000000846,0.0,0.0,0.0,0.0,80,0,0.0,False,0.0,0.0,computed_reduced_circuit_not_author_reproduction
1007,40.0,no_reward,B,carry_trace,2c188a35ec192d50bcc5ba6c,0036d300256c76a4f5896c9a67c09337f62afc17d020e7827ddb9cdd844e3729,0036d300256c76a4f5896c9a67c09337f62afc17d020e7827ddb9cdd844e3729,3320.0000000000846,3322.0000000000846,0.0,0.0,0.0,0.0,80,0,0.0,False,0.0,0.0,computed_reduced_circuit_not_author_reproduction
1007,40.0,no_reward,B,trace_reset_ablation,d37973e8f4832b7c6f8a6aa2,0036d300256c76a4f5896c9a67c09337f62afc17d020e7827ddb9cdd844e3729,0036d300256c76a4f5896c9a67c09337f62afc17d020e7827ddb9cdd844e3729,3320.0000000000846,3322.0000000000846,0.0,0.0,0.0,0.0,80,0,0.0,False,0.0,0.0,computed_reduced_circuit_not_author_reproduction
1007,40.0,plasticity_disabled,A,carry_trace,ca14d4c47f91dfedb6500594,0036d300256c76a4f5896c9a67c09337f62afc17d020e7827ddb9cdd844e3729,0036d300256c76a4f5896c9a67c09337f62afc17d020e7827ddb9cdd844e3729,3320.0000000000846,3322.0000000000846,0.0,0.0,0.0,0.0,80,40,32.0,False,0.0,0.0,computed_reduced_circuit_not_author_reproduction
1007,40.0,plasticity_disabled,A,trace_reset_ablation,0b26ed5c38e27f9340b148aa,0036d300256c76a4f5896c9a67c09337f62afc17d020e7827ddb9cdd844e3729,0036d300256c76a4f5896c9a67c09337f62afc17d020e7827ddb9cdd844e3729,3320.0000000000846,3322.0000000000846,0.0,0.0,0.0,0.0,80,40,32.0,False,0.0,0.0,computed_reduced_circuit_not_author_reproduction
1007,40.0,plasticity_disabled,B,carry_trace,1e21e40a2201c1c8bcf7129d,0036d300256c76a4f5896c9a67c09337f62afc17d020e7827ddb9cdd844e3729,0036d300256c76a4f5896c9a67c09337f62afc17d020e7827ddb9cdd844e3729,3320.0000000000846,3322.0000000000846,0.0,0.0,0.0,0.0,80,40,32.0,False,0.0,0.0,computed_reduced_circuit_not_author_reproduction
1007,40.0,plasticity_disabled,B,trace_reset_ablation,c83e348fec7ad8cb88ec7d48,0036d300256c76a4f5896c9a67c09337f62afc17d020e7827ddb9cdd844e3729,0036d300256c76a4f5896c9a67c09337f62afc17d020e7827ddb9cdd844e3729,3320.0000000000846,3322.0000000000846,0.0,0.0,0.0,0.0,80,40,32.0,False,0.0,0.0,computed_reduced_circuit_not_author_reproduction
1008,2.0,paired,A,carry_trace,582f36d4245d0edeb421eed4,0036d300256c76a4f5896c9a67c09337f62afc17d020e7827ddb9cdd844e3729,75c1f330ba4d5e1cbbec17eb2116f151bb9f6af9733bb49a971172d403f16350,318.00000000001364,320.00000000001364,0.0,0.5910146349953465,0.04991852802392671,0.5410961069714197,80,40,32.0,True,0.07990596475125256,0.5910146349953465,computed_reduced_circuit_not_author_reproduction
1008,2.0,paired,A,trace_reset_ablation,5ec1ec9ae46c1635790122df,0036d300256c76a4f5896c9a67c09337f62afc17d020e7827ddb9cdd844e3729,0dd893e62be673a0aeeabba982b66d6c84d59d293a9db6777ec39f23831db00d,318.00000000001364,320.00000000001364,0.0,0.5818102251391689,0.0,0.5818102251391689,80,40,32.0,True,0.07651885998884489,0.5818102251391689,computed_reduced_circuit_not_author_reproduction
1008,2.0,paired,B,carry_trace,211325b5dd74ca1488658659,0036d300256c76a4f5896c9a67c09337f62afc17d020e7827ddb9cdd844e3729,983666b7ceecacc9f123e5f7f9cce795e1c76a6c9884e62f0afc2cba909f1265,318.00000000001364,320.00000000001364,0.0,0.5888681376075162,0.05167811487405116,0.5371900227334651,80,40,32.0,True,0.08154105378561083,0.5888681376075162,computed_reduced_circuit_not_author_reproduction
1008,2.0,paired,B,trace_reset_ablation,a8cffd7151fd1836ff4cf60a,0036d300256c76a4f5896c9a67c09337f62afc17d020e7827ddb9cdd844e3729,adcd01c74fc48066fe6fddee93e6efc322c47019771fbc3f0685f1e7090b95a3,318.00000000001364,320.00000000001364,0.0,0.5796301886472077,0.0,0.5796301886472077,80,40,32.0,True,0.07817056467271322,0.5796301886472077,computed_reduced_circuit_not_author_reproduction
1008,2.0,explicitly_unpaired,A,carry_trace,178b999fdb6f9f95a345c81a,0036d300256c76a4f5896c9a67c09337f62afc17d020e7827ddb9cdd844e3729,0036d300256c76a4f5896c9a67c09337f62afc17d020e7827ddb9cdd844e3729,318.00000000001353,320.00000000001353,0.0,0.0,0.0,0.0,80,40,32.0,False,0.0,0.0,computed_reduced_circuit_not_author_reproduction
1008,2.0,explicitly_unpaired,A,trace_reset_ablation,bb69336be5e826958f8a625f,0036d300256c76a4f5896c9a67c09337f62afc17d020e7827ddb9cdd844e3729,0036d300256c76a4f5896c9a67c09337f62afc17d020e7827ddb9cdd844e3729,318.00000000001353,320.00000000001353,0.0,0.0,0.0,0.0,80,40,32.0,False,0.0,0.0,computed_reduced_circuit_not_author_reproduction
1008,2.0,explicitly_unpaired,B,carry_trace,c5ec35fefe7f2e5a59f88329,0036d300256c76a4f5896c9a67c09337f62afc17d020e7827ddb9cdd844e3729,0036d300256c76a4f5896c9a67c09337f62afc17d020e7827ddb9cdd844e3729,318.00000000001353,320.00000000001353,0.0,0.0,0.0,0.0,80,40,32.0,False,0.0,0.0,computed_reduced_circuit_not_author_reproduction
1008,2.0,explicitly_unpaired,B,trace_reset_ablation,61bb6cc36350d32792eae6fd,0036d300256c76a4f5896c9a67c09337f62afc17d020e7827ddb9cdd844e3729,0036d300256c76a4f5896c9a67c09337f62afc17d020e7827ddb9cdd844e3729,318.00000000001353,320.00000000001353,0.0,0.0,0.0,0.0,80,40,32.0,False,0.0,0.0,computed_reduced_circuit_not_author_reproduction
1008,2.0,no_reward,A,carry_trace,530ab2ba40651b3cce401391,0036d300256c76a4f5896c9a67c09337f62afc17d020e7827ddb9cdd844e3729,0036d300256c76a4f5896c9a67c09337f62afc17d020e7827ddb9cdd844e3729,318.00000000001364,320.00000000001364,0.0,0.0,0.0,0.0,80,0,0.0,False,0.0,0.0,computed_reduced_circuit_not_author_reproduction
1008,2.0,no_reward,A,trace_reset_ablation,d87895913eb93c856251f676,0036d300256c76a4f5896c9a67c09337f62afc17d020e7827ddb9cdd844e3729,0036d300256c76a4f5896c9a67c09337f62afc17d020e7827ddb9cdd844e3729,318.00000000001364,320.00000000001364,0.0,0.0,0.0,0.0,80,0,0.0,False,0.0,0.0,computed_reduced_circuit_not_author_reproduction
1008,2.0,no_reward,B,carry_trace,1e6e76f819d35606727135e8,0036d300256c76a4f5896c9a67c09337f62afc17d020e7827ddb9cdd844e3729,0036d300256c76a4f5896c9a67c09337f62afc17d020e7827ddb9cdd844e3729,318.00000000001364,320.00000000001364,0.0,0.0,0.0,0.0,80,0,0.0,False,0.0,0.0,computed_reduced_circuit_not_author_reproduction
1008,2.0,no_reward,B,trace_reset_ablation,6121e8559911d137bbe2b64a,0036d300256c76a4f5896c9a67c09337f62afc17d020e7827ddb9cdd844e3729,0036d300256c76a4f5896c9a67c09337f62afc17d020e7827ddb9cdd844e3729,318.00000000001364,320.00000000001364,0.0,0.0,0.0,0.0,80,0,0.0,False,0.0,0.0,computed_reduced_circuit_not_author_reproduction
1008,2.0,plasticity_disabled,A,carry_trace,98d1d1cba41499bab9224d2c,0036d300256c76a4f5896c9a67c09337f62afc17d020e7827ddb9cdd844e3729,0036d300256c76a4f5896c9a67c09337f62afc17d020e7827ddb9cdd844e3729,318.00000000001364,320.00000000001364,0.0,0.0,0.0,0.0,80,40,32.0,False,0.0,0.0,computed_reduced_circuit_not_author_reproduction
1008,2.0,plasticity_disabled,A,trace_reset_ablation,de069c6e5601b45c9a5c1bad,0036d300256c76a4f5896c9a67c09337f62afc17d020e7827ddb9cdd844e3729,0036d300256c76a4f5896c9a67c09337f62afc17d020e7827ddb9cdd844e3729,318.00000000001364,320.00000000001364,0.0,0.0,0.0,0.0,80,40,32.0,False,0.0,0.0,computed_reduced_circuit_not_author_reproduction
1008,2.0,plasticity_disabled,B,carry_trace,f5c2a8e0f7fecc8bd48e2f0d,0036d300256c76a4f5896c9a67c09337f62afc17d020e7827ddb9cdd844e3729,0036d300256c76a4f5896c9a67c09337f62afc17d020e7827ddb9cdd844e3729,318.00000000001364,320.00000000001364,0.0,0.0,0.0,0.0,80,40,32.0,False,0.0,0.0,computed_reduced_circuit_not_author_reproduction
1008,2.0,plasticity_disabled,B,trace_reset_ablation,a65e48d4d9fe450f5b512fc9,0036d300256c76a4f5896c9a67c09337f62afc17d020e7827ddb9cdd844e3729,0036d300256c76a4f5896c9a67c09337f62afc17d020e7827ddb9cdd844e3729,318.00000000001364,320.00000000001364,0.0,0.0,0.0,0.0,80,40,32.0,False,0.0,0.0,computed_reduced_circuit_not_author_reproduction
1008,10.0,paired,A,carry_trace,bd35bcd53fd3442896701701,0036d300256c76a4f5896c9a67c09337f62afc17d020e7827ddb9cdd844e3729,02b15f9ca0e645fae72e17cb1af665ed4a188c0d754049d05623418857aa2238,949.9999999999714,951.9999999999714,0.0,0.5820555657653579,0.0008111609682078802,0.58124440479715,80,40,32.0,True,0.07656568365987204,0.5820555657653579,computed_reduced_circuit_not_author_reproduction
1008,10.0,paired,A,trace_reset_ablation,33d96b0c01ff994641ef9cc8,0036d300256c76a4f5896c9a67c09337f62afc17d020e7827ddb9cdd844e3729,0dd893e62be673a0aeeabba982b66d6c84d59d293a9db6777ec39f23831db00d,949.9999999999714,951.9999999999714,0.0,0.5818102251391689,0.0,0.5818102251391689,80,40,32.0,True,0.07651885998884489,0.5818102251391689,computed_reduced_circuit_not_author_reproduction
1008,10.0,paired,B,carry_trace,ffdffe34e66e3809bc5f8a1c,0036d300256c76a4f5896c9a67c09337f62afc17d020e7827ddb9cdd844e3729,504fc72d78d657803dbb04c2c189656f46ec76f93194c0ad218b2ac281f26344,949.9999999999714,951.9999999999714,0.0,0.5798720578971215,0.0008570009517470112,0.5790150569453745,80,40,32.0,True,0.07821782187492143,0.5798720578971215,computed_reduced_circuit_not_author_reproduction
1008,10.0,paired,B,trace_reset_ablation,4acfeb651ec12877b14bd888,0036d300256c76a4f5896c9a67c09337f62afc17d020e7827ddb9cdd844e3729,adcd01c74fc48066fe6fddee93e6efc322c47019771fbc3f0685f1e7090b95a3,949.9999999999714,951.9999999999714,0.0,0.5796301886472077,0.0,0.5796301886472077,80,40,32.0,True,0.07817056467271322,0.5796301886472077,computed_reduced_circuit_not_author_reproduction
1008,10.0,explicitly_unpaired,A,carry_trace,0e3a8b31624c3929436e03b1,0036d300256c76a4f5896c9a67c09337f62afc17d020e7827ddb9cdd844e3729,0036d300256c76a4f5896c9a67c09337f62afc17d020e7827ddb9cdd844e3729,949.9999999999711,951.9999999999711,0.0,0.0,0.0,0.0,80,40,32.0,False,0.0,0.0,computed_reduced_circuit_not_author_reproduction
1008,10.0,explicitly_unpaired,A,trace_reset_ablation,6eead24dcc8a28b5c9464dee,0036d300256c76a4f5896c9a67c09337f62afc17d020e7827ddb9cdd844e3729,0036d300256c76a4f5896c9a67c09337f62afc17d020e7827ddb9cdd844e3729,949.9999999999711,951.9999999999711,0.0,0.0,0.0,0.0,80,40,32.0,False,0.0,0.0,computed_reduced_circuit_not_author_reproduction
1008,10.0,explicitly_unpaired,B,carry_trace,2e654abc2498ac2008db5fb1,0036d300256c76a4f5896c9a67c09337f62afc17d020e7827ddb9cdd844e3729,0036d300256c76a4f5896c9a67c09337f62afc17d020e7827ddb9cdd844e3729,949.9999999999711,951.9999999999711,0.0,0.0,0.0,0.0,80,40,32.0,False,0.0,0.0,computed_reduced_circuit_not_author_reproduction
1008,10.0,explicitly_unpaired,B,trace_reset_ablation,50aacc6258de78e870051c78,0036d300256c76a4f5896c9a67c09337f62afc17d020e7827ddb9cdd844e3729,0036d300256c76a4f5896c9a67c09337f62afc17d020e7827ddb9cdd844e3729,949.9999999999711,951.9999999999711,0.0,0.0,0.0,0.0,80,40,32.0,False,0.0,0.0,computed_reduced_circuit_not_author_reproduction
1008,10.0,no_reward,A,carry_trace,40063a1d67b8c3b986043c35,0036d300256c76a4f5896c9a67c09337f62afc17d020e7827ddb9cdd844e3729,0036d300256c76a4f5896c9a67c09337f62afc17d020e7827ddb9cdd844e3729,949.9999999999714,951.9999999999714,0.0,0.0,0.0,0.0,80,0,0.0,False,0.0,0.0,computed_reduced_circuit_not_author_reproduction
1008,10.0,no_reward,A,trace_reset_ablation,380533c988e8fe073dd81ca8,0036d300256c76a4f5896c9a67c09337f62afc17d020e7827ddb9cdd844e3729,0036d300256c76a4f5896c9a67c09337f62afc17d020e7827ddb9cdd844e3729,949.9999999999714,951.9999999999714,0.0,0.0,0.0,0.0,80,0,0.0,False,0.0,0.0,computed_reduced_circuit_not_author_reproduction
1008,10.0,no_reward,B,carry_trace,2bc5b913c8b177c561fc91f7,0036d300256c76a4f5896c9a67c09337f62afc17d020e7827ddb9cdd844e3729,0036d300256c76a4f5896c9a67c09337f62afc17d020e7827ddb9cdd844e3729,949.9999999999714,951.9999999999714,0.0,0.0,0.0,0.0,80,0,0.0,False,0.0,0.0,computed_reduced_circuit_not_author_reproduction
1008,10.0,no_reward,B,trace_reset_ablation,04ba895b7c9a1593dbfcfd73,0036d300256c76a4f5896c9a67c09337f62afc17d020e7827ddb9cdd844e3729,0036d300256c76a4f5896c9a67c09337f62afc17d020e7827ddb9cdd844e3729,949.9999999999714,951.9999999999714,0.0,0.0,0.0,0.0,80,0,0.0,False,0.0,0.0,computed_reduced_circuit_not_author_reproduction
1008,10.0,plasticity_disabled,A,carry_trace,34d65294798d801c278530e7,0036d300256c76a4f5896c9a67c09337f62afc17d020e7827ddb9cdd844e3729,0036d300256c76a4f5896c9a67c09337f62afc17d020e7827ddb9cdd844e3729,949.9999999999714,951.9999999999714,0.0,0.0,0.0,0.0,80,40,32.0,False,0.0,0.0,computed_reduced_circuit_not_author_reproduction
1008,10.0,plasticity_disabled,A,trace_reset_ablation,7409d24d55ee54b1f8d51532,0036d300256c76a4f5896c9a67c09337f62afc17d020e7827ddb9cdd844e3729,0036d300256c76a4f5896c9a67c09337f62afc17d020e7827ddb9cdd844e3729,949.9999999999714,951.9999999999714,0.0,0.0,0.0,0.0,80,40,32.0,False,0.0,0.0,computed_reduced_circuit_not_author_reproduction
1008,10.0,plasticity_disabled,B,carry_trace,a114217c3bda0bb367c7d08e,0036d300256c76a4f5896c9a67c09337f62afc17d020e7827ddb9cdd844e3729,0036d300256c76a4f5896c9a67c09337f62afc17d020e7827ddb9cdd844e3729,949.9999999999714,951.9999999999714,0.0,0.0,0.0,0.0,80,40,32.0,False,0.0,0.0,computed_reduced_circuit_not_author_reproduction
1008,10.0,plasticity_disabled,B,trace_reset_ablation,63eedf8b9a1d1b1839acb38f,0036d300256c76a4f5896c9a67c09337f62afc17d020e7827ddb9cdd844e3729,0036d300256c76a4f5896c9a67c09337f62afc17d020e7827ddb9cdd844e3729,949.9999999999714,951.9999999999714,0.0,0.0,0.0,0.0,80,40,32.0,False,0.0,0.0,computed_reduced_circuit_not_author_reproduction
1008,40.0,paired,A,carry_trace,1dc858846a7ccc047022996d,0036d300256c76a4f5896c9a67c09337f62afc17d020e7827ddb9cdd844e3729,35ab4593d7ca4abf683d7e34a1e06d6c04affd4adc320c8b59119ad51fc1b9b4,3320.0000000000846,3322.0000000000846,0.0,0.5818102252146091,2.4769841733274234e-10,0.5818102249669107,80,40,32.0,True,0.07651886000310582,0.5818102252146091,computed_reduced_circuit_not_author_reproduction
1008,40.0,paired,A,trace_reset_ablation,1cfd49ea320c7f88093e7c36,0036d300256c76a4f5896c9a67c09337f62afc17d020e7827ddb9cdd844e3729,0dd893e62be673a0aeeabba982b66d6c84d59d293a9db6777ec39f23831db00d,3320.0000000000846,3322.0000000000846,0.0,0.5818102251391689,0.0,0.5818102251391689,80,40,32.0,True,0.07651885998884489,0.5818102251391689,computed_reduced_circuit_not_author_reproduction
1008,40.0,paired,B,carry_trace,d9bfe03f0224b3f3f4d7d6ed,0036d300256c76a4f5896c9a67c09337f62afc17d020e7827ddb9cdd844e3729,19321663472bb7a8a072709aa94bb0b52992fd9369d9608db8fe8757f15b25d4,3320.0000000000846,3322.0000000000846,0.0,0.579630188721552,2.617994709908089e-10,0.5796301884597526,80,40,32.0,True,0.07817056468710903,0.579630188721552,computed_reduced_circuit_not_author_reproduction
1008,40.0,paired,B,trace_reset_ablation,447bf2b50a0b8d1fda13842e,0036d300256c76a4f5896c9a67c09337f62afc17d020e7827ddb9cdd844e3729,adcd01c74fc48066fe6fddee93e6efc322c47019771fbc3f0685f1e7090b95a3,3320.0000000000846,3322.0000000000846,0.0,0.5796301886472077,0.0,0.5796301886472077,80,40,32.0,True,0.07817056467271322,0.5796301886472077,computed_reduced_circuit_not_author_reproduction
1008,40.0,explicitly_unpaired,A,carry_trace,329496910119b3c0763c7d73,0036d300256c76a4f5896c9a67c09337f62afc17d020e7827ddb9cdd844e3729,0036d300256c76a4f5896c9a67c09337f62afc17d020e7827ddb9cdd844e3729,3320.0000000000846,3322.0000000000846,0.0,0.0,0.0,0.0,80,40,32.0,False,0.0,0.0,computed_reduced_circuit_not_author_reproduction
1008,40.0,explicitly_unpaired,A,trace_reset_ablation,0c5040778bb6b7ed0001f398,0036d300256c76a4f5896c9a67c09337f62afc17d020e7827ddb9cdd844e3729,0036d300256c76a4f5896c9a67c09337f62afc17d020e7827ddb9cdd844e3729,3320.0000000000846,3322.0000000000846,0.0,0.0,0.0,0.0,80,40,32.0,False,0.0,0.0,computed_reduced_circuit_not_author_reproduction
1008,40.0,explicitly_unpaired,B,carry_trace,945e17d04cd072a2a4dcea5a,0036d300256c76a4f5896c9a67c09337f62afc17d020e7827ddb9cdd844e3729,0036d300256c76a4f5896c9a67c09337f62afc17d020e7827ddb9cdd844e3729,3320.0000000000846,3322.0000000000846,0.0,0.0,0.0,0.0,80,40,32.0,False,0.0,0.0,computed_reduced_circuit_not_author_reproduction
1008,40.0,explicitly_unpaired,B,trace_reset_ablation,4ed96676e7bf29bcfccd9d0a,0036d300256c76a4f5896c9a67c09337f62afc17d020e7827ddb9cdd844e3729,0036d300256c76a4f5896c9a67c09337f62afc17d020e7827ddb9cdd844e3729,3320.0000000000846,3322.0000000000846,0.0,0.0,0.0,0.0,80,40,32.0,False,0.0,0.0,computed_reduced_circuit_not_author_reproduction
1008,40.0,no_reward,A,carry_trace,8216585cbd89bfff161ba1ed,0036d300256c76a4f5896c9a67c09337f62afc17d020e7827ddb9cdd844e3729,0036d300256c76a4f5896c9a67c09337f62afc17d020e7827ddb9cdd844e3729,3320.0000000000846,3322.0000000000846,0.0,0.0,0.0,0.0,80,0,0.0,False,0.0,0.0,computed_reduced_circuit_not_author_reproduction
1008,40.0,no_reward,A,trace_reset_ablation,2cfdff59537d4b8d46a34941,0036d300256c76a4f5896c9a67c09337f62afc17d020e7827ddb9cdd844e3729,0036d300256c76a4f5896c9a67c09337f62afc17d020e7827ddb9cdd844e3729,3320.0000000000846,3322.0000000000846,0.0,0.0,0.0,0.0,80,0,0.0,False,0.0,0.0,computed_reduced_circuit_not_author_reproduction
1008,40.0,no_reward,B,carry_trace,2f4064e990f2426d11ee304c,0036d300256c76a4f5896c9a67c09337f62afc17d020e7827ddb9cdd844e3729,0036d300256c76a4f5896c9a67c09337f62afc17d020e7827ddb9cdd844e3729,3320.0000000000846,3322.0000000000846,0.0,0.0,0.0,0.0,80,0,0.0,False,0.0,0.0,computed_reduced_circuit_not_author_reproduction
1008,40.0,no_reward,B,trace_reset_ablation,52be16497fefbcf8b7f73551,0036d300256c76a4f5896c9a67c09337f62afc17d020e7827ddb9cdd844e3729,0036d300256c76a4f5896c9a67c09337f62afc17d020e7827ddb9cdd844e3729,3320.0000000000846,3322.0000000000846,0.0,0.0,0.0,0.0,80,0,0.0,False,0.0,0.0,computed_reduced_circuit_not_author_reproduction
1008,40.0,plasticity_disabled,A,carry_trace,3eaea8294d6c0dddc985e5ae,0036d300256c76a4f5896c9a67c09337f62afc17d020e7827ddb9cdd844e3729,0036d300256c76a4f5896c9a67c09337f62afc17d020e7827ddb9cdd844e3729,3320.0000000000846,3322.0000000000846,0.0,0.0,0.0,0.0,80,40,32.0,False,0.0,0.0,computed_reduced_circuit_not_author_reproduction
1008,40.0,plasticity_disabled,A,trace_reset_ablation,b33c2f0f82cbcfc26e58a9eb,0036d300256c76a4f5896c9a67c09337f62afc17d020e7827ddb9cdd844e3729,0036d300256c76a4f5896c9a67c09337f62afc17d020e7827ddb9cdd844e3729,3320.0000000000846,3322.0000000000846,0.0,0.0,0.0,0.0,80,40,32.0,False,0.0,0.0,computed_reduced_circuit_not_author_reproduction
1008,40.0,plasticity_disabled,B,carry_trace,e6d2875430716d594e0a1039,0036d300256c76a4f5896c9a67c09337f62afc17d020e7827ddb9cdd844e3729,0036d300256c76a4f5896c9a67c09337f62afc17d020e7827ddb9cdd844e3729,3320.0000000000846,3322.0000000000846,0.0,0.0,0.0,0.0,80,40,32.0,False,0.0,0.0,computed_reduced_circuit_not_author_reproduction
1008,40.0,plasticity_disabled,B,trace_reset_ablation,ecefb1ee088a4df8c71a724c,0036d300256c76a4f5896c9a67c09337f62afc17d020e7827ddb9cdd844e3729,0036d300256c76a4f5896c9a67c09337f62afc17d020e7827ddb9cdd844e3729,3320.0000000000846,3322.0000000000846,0.0,0.0,0.0,0.0,80,40,32.0,False,0.0,0.0,computed_reduced_circuit_not_author_reproduction
1009,2.0,paired,A,carry_trace,8219ce07483caa8753f3d93a,0036d300256c76a4f5896c9a67c09337f62afc17d020e7827ddb9cdd844e3729,677a26f731eed8193a336efed55831b21d7c9e07fa305de2125db0d8a4643f0f,318.00000000001364,320.00000000001364,0.0,0.5859995886797796,0.051043111668991004,0.5349564770107886,80,40,32.0,True,0.09289395855355098,0.5859995886797796,computed_reduced_circuit_not_author_reproduction
1009,2.0,paired,A,trace_reset_ablation,9f917edb3128cd389c8548d6,0036d300256c76a4f5896c9a67c09337f62afc17d020e7827ddb9cdd844e3729,eab6565180e42331b6f2e16c4faf6ee2aee484dcebffc6498f3ac6120deaf986,318.00000000001364,320.00000000001364,0.0,0.5761360806539312,0.0,0.5761360806539312,80,40,32.0,True,0.08888815558211072,0.5761360806539312,computed_reduced_circuit_not_author_reproduction
1009,2.0,paired,B,carry_trace,4dc843b8699e2483cb3ffc78,0036d300256c76a4f5896c9a67c09337f62afc17d020e7827ddb9cdd844e3729,a966d70e1f85e183364ef2761b1fb231af9c85bb4e1c850cd62ce8fc1c5cb867,318.00000000001364,320.00000000001364,0.0,0.5958436103002481,0.04989213325588027,0.5459514770443679,80,40,32.0,True,0.08325520791508123,0.5958436103002481,computed_reduced_circuit_not_author_reproduction
1009,2.0,paired,B,trace_reset_ablation,83fc7abe2892d1e14d81783e,0036d300256c76a4f5896c9a67c09337f62afc17d020e7827ddb9cdd844e3729,25c72288ce4774494db34af47d2f683104f64bfe1398a0d74b74f6db06e69d20,318.00000000001364,320.00000000001364,0.0,0.586194597564299,0.0,0.586194597564299,80,40,32.0,True,0.07973269285150919,0.586194597564299,computed_reduced_circuit_not_author_reproduction
1009,2.0,explicitly_unpaired,A,carry_trace,404dd3629610ee165a748b5e,0036d300256c76a4f5896c9a67c09337f62afc17d020e7827ddb9cdd844e3729,0036d300256c76a4f5896c9a67c09337f62afc17d020e7827ddb9cdd844e3729,318.00000000001353,320.00000000001353,0.0,0.0,0.0,0.0,80,40,32.0,False,0.0,0.0,computed_reduced_circuit_not_author_reproduction
1009,2.0,explicitly_unpaired,A,trace_reset_ablation,4c951f79e21f206deb753fe8,0036d300256c76a4f5896c9a67c09337f62afc17d020e7827ddb9cdd844e3729,0036d300256c76a4f5896c9a67c09337f62afc17d020e7827ddb9cdd844e3729,318.00000000001353,320.00000000001353,0.0,0.0,0.0,0.0,80,40,32.0,False,0.0,0.0,computed_reduced_circuit_not_author_reproduction
1009,2.0,explicitly_unpaired,B,carry_trace,f5f1bb951ec39808a5a1e689,0036d300256c76a4f5896c9a67c09337f62afc17d020e7827ddb9cdd844e3729,0036d300256c76a4f5896c9a67c09337f62afc17d020e7827ddb9cdd844e3729,318.00000000001353,320.00000000001353,0.0,0.0,0.0,0.0,80,40,32.0,False,0.0,0.0,computed_reduced_circuit_not_author_reproduction
1009,2.0,explicitly_unpaired,B,trace_reset_ablation,b226f5bee8bb322f559d6d9a,0036d300256c76a4f5896c9a67c09337f62afc17d020e7827ddb9cdd844e3729,0036d300256c76a4f5896c9a67c09337f62afc17d020e7827ddb9cdd844e3729,318.00000000001353,320.00000000001353,0.0,0.0,0.0,0.0,80,40,32.0,False,0.0,0.0,computed_reduced_circuit_not_author_reproduction
1009,2.0,no_reward,A,carry_trace,1881924f594554c5dceacff7,0036d300256c76a4f5896c9a67c09337f62afc17d020e7827ddb9cdd844e3729,0036d300256c76a4f5896c9a67c09337f62afc17d020e7827ddb9cdd844e3729,318.00000000001364,320.00000000001364,0.0,0.0,0.0,0.0,80,0,0.0,False,0.0,0.0,computed_reduced_circuit_not_author_reproduction
1009,2.0,no_reward,A,trace_reset_ablation,056c4b09e0acf1224d160528,0036d300256c76a4f5896c9a67c09337f62afc17d020e7827ddb9cdd844e3729,0036d300256c76a4f5896c9a67c09337f62afc17d020e7827ddb9cdd844e3729,318.00000000001364,320.00000000001364,0.0,0.0,0.0,0.0,80,0,0.0,False,0.0,0.0,computed_reduced_circuit_not_author_reproduction
1009,2.0,no_reward,B,carry_trace,6696d51444adc1e227e8bbef,0036d300256c76a4f5896c9a67c09337f62afc17d020e7827ddb9cdd844e3729,0036d300256c76a4f5896c9a67c09337f62afc17d020e7827ddb9cdd844e3729,318.00000000001364,320.00000000001364,0.0,0.0,0.0,0.0,80,0,0.0,False,0.0,0.0,computed_reduced_circuit_not_author_reproduction
1009,2.0,no_reward,B,trace_reset_ablation,8f39b7d4c986a5ef1de8faaf,0036d300256c76a4f5896c9a67c09337f62afc17d020e7827ddb9cdd844e3729,0036d300256c76a4f5896c9a67c09337f62afc17d020e7827ddb9cdd844e3729,318.00000000001364,320.00000000001364,0.0,0.0,0.0,0.0,80,0,0.0,False,0.0,0.0,computed_reduced_circuit_not_author_reproduction
1009,2.0,plasticity_disabled,A,carry_trace,2875bbe906c57baf857e9da4,0036d300256c76a4f5896c9a67c09337f62afc17d020e7827ddb9cdd844e3729,0036d300256c76a4f5896c9a67c09337f62afc17d020e7827ddb9cdd844e3729,318.00000000001364,320.00000000001364,0.0,0.0,0.0,0.0,80,40,32.0,False,0.0,0.0,computed_reduced_circuit_not_author_reproduction
1009,2.0,plasticity_disabled,A,trace_reset_ablation,1814878dfcf596d004ca1dfc,0036d300256c76a4f5896c9a67c09337f62afc17d020e7827ddb9cdd844e3729,0036d300256c76a4f5896c9a67c09337f62afc17d020e7827ddb9cdd844e3729,318.00000000001364,320.00000000001364,0.0,0.0,0.0,0.0,80,40,32.0,False,0.0,0.0,computed_reduced_circuit_not_author_reproduction
1009,2.0,plasticity_disabled,B,carry_trace,018995ce4517b52a0e6fdd12,0036d300256c76a4f5896c9a67c09337f62afc17d020e7827ddb9cdd844e3729,0036d300256c76a4f5896c9a67c09337f62afc17d020e7827ddb9cdd844e3729,318.00000000001364,320.00000000001364,0.0,0.0,0.0,0.0,80,40,32.0,False,0.0,0.0,computed_reduced_circuit_not_author_reproduction
1009,2.0,plasticity_disabled,B,trace_reset_ablation,654550b0510e2038de49818d,0036d300256c76a4f5896c9a67c09337f62afc17d020e7827ddb9cdd844e3729,0036d300256c76a4f5896c9a67c09337f62afc17d020e7827ddb9cdd844e3729,318.00000000001364,320.00000000001364,0.0,0.0,0.0,0.0,80,40,32.0,False,0.0,0.0,computed_reduced_circuit_not_author_reproduction
1009,10.0,paired,A,carry_trace,a9dfec5ba3eabbdf08f0951e,0036d300256c76a4f5896c9a67c09337f62afc17d020e7827ddb9cdd844e3729,7dc275ccc5e45b4fa588ca6c11d8ffc18c2644b40676c84987a17e67fa079bb9,949.9999999999714,951.9999999999714,0.0,0.5763923733365586,0.0008237091231493299,0.5755686642134092,80,40,32.0,True,0.08894536577986734,0.5763923733365586,computed_reduced_circuit_not_author_reproduction
1009,10.0,paired,A,trace_reset_ablation,e92b0b7553518def1a6a4e57,0036d300256c76a4f5896c9a67c09337f62afc17d020e7827ddb9cdd844e3729,eab6565180e42331b6f2e16c4faf6ee2aee484dcebffc6498f3ac6120deaf986,949.9999999999714,951.9999999999714,0.0,0.5761360806539312,0.0,0.5761360806539312,80,40,32.0,True,0.08888815558211072,0.5761360806539312,computed_reduced_circuit_not_author_reproduction
1009,10.0,paired,B,carry_trace,242564f1751510b66802f2c3,0036d300256c76a4f5896c9a67c09337f62afc17d020e7827ddb9cdd844e3729,aa65a783067850abc8db3291ef4dd7f3bd8a097d43ea37cfe805c41d1f939b34,949.9999999999714,951.9999999999714,0.0,0.5864336143060906,0.0008186692247397209,0.5856149450813509,80,40,32.0,True,0.0797800084807403,0.5864336143060906,computed_reduced_circuit_not_author_reproduction
1009,10.0,paired,B,trace_reset_ablation,3aa71c83ca3197768d89914e,0036d300256c76a4f5896c9a67c09337f62afc17d020e7827ddb9cdd844e3729,25c72288ce4774494db34af47d2f683104f64bfe1398a0d74b74f6db06e69d20,949.9999999999714,951.9999999999714,0.0,0.586194597564299,0.0,0.586194597564299,80,40,32.0,True,0.07973269285150919,0.586194597564299,computed_reduced_circuit_not_author_reproduction
1009,10.0,explicitly_unpaired,A,carry_trace,97ccdf2fc701bf5acb32a87c,0036d300256c76a4f5896c9a67c09337f62afc17d020e7827ddb9cdd844e3729,0036d300256c76a4f5896c9a67c09337f62afc17d020e7827ddb9cdd844e3729,949.9999999999711,951.9999999999711,0.0,0.0,0.0,0.0,80,40,32.0,False,0.0,0.0,computed_reduced_circuit_not_author_reproduction
1009,10.0,explicitly_unpaired,A,trace_reset_ablation,36bf4e07dbb28b18d8469562,0036d300256c76a4f5896c9a67c09337f62afc17d020e7827ddb9cdd844e3729,0036d300256c76a4f5896c9a67c09337f62afc17d020e7827ddb9cdd844e3729,949.9999999999711,951.9999999999711,0.0,0.0,0.0,0.0,80,40,32.0,False,0.0,0.0,computed_reduced_circuit_not_author_reproduction
1009,10.0,explicitly_unpaired,B,carry_trace,0b4f4e0ec647ebb7799a9889,0036d300256c76a4f5896c9a67c09337f62afc17d020e7827ddb9cdd844e3729,0036d300256c76a4f5896c9a67c09337f62afc17d020e7827ddb9cdd844e3729,949.9999999999711,951.9999999999711,0.0,0.0,0.0,0.0,80,40,32.0,False,0.0,0.0,computed_reduced_circuit_not_author_reproduction
1009,10.0,explicitly_unpaired,B,trace_reset_ablation,a1024e46e5ecd9d9bfd5313c,0036d300256c76a4f5896c9a67c09337f62afc17d020e7827ddb9cdd844e3729,0036d300256c76a4f5896c9a67c09337f62afc17d020e7827ddb9cdd844e3729,949.9999999999711,951.9999999999711,0.0,0.0,0.0,0.0,80,40,32.0,False,0.0,0.0,computed_reduced_circuit_not_author_reproduction
1009,10.0,no_reward,A,carry_trace,fe7d089cddd8791a1545690c,0036d300256c76a4f5896c9a67c09337f62afc17d020e7827ddb9cdd844e3729,0036d300256c76a4f5896c9a67c09337f62afc17d020e7827ddb9cdd844e3729,949.9999999999714,951.9999999999714,0.0,0.0,0.0,0.0,80,0,0.0,False,0.0,0.0,computed_reduced_circuit_not_author_reproduction
1009,10.0,no_reward,A,trace_reset_ablation,ac10b270cb16af457a9d2f97,0036d300256c76a4f5896c9a67c09337f62afc17d020e7827ddb9cdd844e3729,0036d300256c76a4f5896c9a67c09337f62afc17d020e7827ddb9cdd844e3729,949.9999999999714,951.9999999999714,0.0,0.0,0.0,0.0,80,0,0.0,False,0.0,0.0,computed_reduced_circuit_not_author_reproduction
1009,10.0,no_reward,B,carry_trace,aa071231342fb1c728a43829,0036d300256c76a4f5896c9a67c09337f62afc17d020e7827ddb9cdd844e3729,0036d300256c76a4f5896c9a67c09337f62afc17d020e7827ddb9cdd844e3729,949.9999999999714,951.9999999999714,0.0,0.0,0.0,0.0,80,0,0.0,False,0.0,0.0,computed_reduced_circuit_not_author_reproduction
1009,10.0,no_reward,B,trace_reset_ablation,de6ae86ed190125ffc875848,0036d300256c76a4f5896c9a67c09337f62afc17d020e7827ddb9cdd844e3729,0036d300256c76a4f5896c9a67c09337f62afc17d020e7827ddb9cdd844e3729,949.9999999999714,951.9999999999714,0.0,0.0,0.0,0.0,80,0,0.0,False,0.0,0.0,computed_reduced_circuit_not_author_reproduction
1009,10.0,plasticity_disabled,A,carry_trace,2eec1d171acd5939a7db1731,0036d300256c76a4f5896c9a67c09337f62afc17d020e7827ddb9cdd844e3729,0036d300256c76a4f5896c9a67c09337f62afc17d020e7827ddb9cdd844e3729,949.9999999999714,951.9999999999714,0.0,0.0,0.0,0.0,80,40,32.0,False,0.0,0.0,computed_reduced_circuit_not_author_reproduction
1009,10.0,plasticity_disabled,A,trace_reset_ablation,fcbd0380d4fc76469c87b13e,0036d300256c76a4f5896c9a67c09337f62afc17d020e7827ddb9cdd844e3729,0036d300256c76a4f5896c9a67c09337f62afc17d020e7827ddb9cdd844e3729,949.9999999999714,951.9999999999714,0.0,0.0,0.0,0.0,80,40,32.0,False,0.0,0.0,computed_reduced_circuit_not_author_reproduction
1009,10.0,plasticity_disabled,B,carry_trace,3bcc39fb58f4c3dd8a083bb5,0036d300256c76a4f5896c9a67c09337f62afc17d020e7827ddb9cdd844e3729,0036d300256c76a4f5896c9a67c09337f62afc17d020e7827ddb9cdd844e3729,949.9999999999714,951.9999999999714,0.0,0.0,0.0,0.0,80,40,32.0,False,0.0,0.0,computed_reduced_circuit_not_author_reproduction
1009,10.0,plasticity_disabled,B,trace_reset_ablation,98a8bc9d7465e8b73d619332,0036d300256c76a4f5896c9a67c09337f62afc17d020e7827ddb9cdd844e3729,0036d300256c76a4f5896c9a67c09337f62afc17d020e7827ddb9cdd844e3729,949.9999999999714,951.9999999999714,0.0,0.0,0.0,0.0,80,40,32.0,False,0.0,0.0,computed_reduced_circuit_not_author_reproduction
1009,40.0,paired,A,carry_trace,b527cc77b17555de690307a4,0036d300256c76a4f5896c9a67c09337f62afc17d020e7827ddb9cdd844e3729,b4074e51d203ea44d830e97123322c54a72622289bb27c6daea3bd24bbbb4890,3320.0000000000846,3322.0000000000846,0.0,0.5761360807327025,2.5148505500283136e-10,0.5761360804812174,80,40,32.0,True,0.0888881555995426,0.5761360807327025,computed_reduced_circuit_not_author_reproduction
1009,40.0,paired,A,trace_reset_ablation,2f90c2d592d75007c5ae0dbf,0036d300256c76a4f5896c9a67c09337f62afc17d020e7827ddb9cdd844e3729,eab6565180e42331b6f2e16c4faf6ee2aee484dcebffc6498f3ac6120deaf986,3320.0000000000846,3322.0000000000846,0.0,0.5761360806539312,0.0,0.5761360806539312,80,40,32.0,True,0.08888815558211072,0.5761360806539312,computed_reduced_circuit_not_author_reproduction
1009,40.0,paired,B,carry_trace,b9f3265d18b3df17ad99b1d9,0036d300256c76a4f5896c9a67c09337f62afc17d020e7827ddb9cdd844e3729,66e82a8f6161d74c026cdc359663f61c65c55953d82c16ba233a25fecf656ed1,3320.0000000000846,3322.0000000000846,0.0,0.5861945976377093,2.5003787929023247e-10,0.5861945973876714,80,40,32.0,True,0.07973269286590856,0.5861945976377093,computed_reduced_circuit_not_author_reproduction
1009,40.0,paired,B,trace_reset_ablation,b0cda63832748841931ae149,0036d300256c76a4f5896c9a67c09337f62afc17d020e7827ddb9cdd844e3729,25c72288ce4774494db34af47d2f683104f64bfe1398a0d74b74f6db06e69d20,3320.0000000000846,3322.0000000000846,0.0,0.586194597564299,0.0,0.586194597564299,80,40,32.0,True,0.07973269285150919,0.586194597564299,computed_reduced_circuit_not_author_reproduction
1009,40.0,explicitly_unpaired,A,carry_trace,3a852ecd18909c0ab1353ad0,0036d300256c76a4f5896c9a67c09337f62afc17d020e7827ddb9cdd844e3729,0036d300256c76a4f5896c9a67c09337f62afc17d020e7827ddb9cdd844e3729,3320.0000000000846,3322.0000000000846,0.0,0.0,0.0,0.0,80,40,32.0,False,0.0,0.0,computed_reduced_circuit_not_author_reproduction
1009,40.0,explicitly_unpaired,A,trace_reset_ablation,51223062822be624488fb9b4,0036d300256c76a4f5896c9a67c09337f62afc17d020e7827ddb9cdd844e3729,0036d300256c76a4f5896c9a67c09337f62afc17d020e7827ddb9cdd844e3729,3320.0000000000846,3322.0000000000846,0.0,0.0,0.0,0.0,80,40,32.0,False,0.0,0.0,computed_reduced_circuit_not_author_reproduction
1009,40.0,explicitly_unpaired,B,carry_trace,1840b33b120b5120b2d4af03,0036d300256c76a4f5896c9a67c09337f62afc17d020e7827ddb9cdd844e3729,0036d300256c76a4f5896c9a67c09337f62afc17d020e7827ddb9cdd844e3729,3320.0000000000846,3322.0000000000846,0.0,0.0,0.0,0.0,80,40,32.0,False,0.0,0.0,computed_reduced_circuit_not_author_reproduction
1009,40.0,explicitly_unpaired,B,trace_reset_ablation,4e5567bd34c52ca43e74174b,0036d300256c76a4f5896c9a67c09337f62afc17d020e7827ddb9cdd844e3729,0036d300256c76a4f5896c9a67c09337f62afc17d020e7827ddb9cdd844e3729,3320.0000000000846,3322.0000000000846,0.0,0.0,0.0,0.0,80,40,32.0,False,0.0,0.0,computed_reduced_circuit_not_author_reproduction
1009,40.0,no_reward,A,carry_trace,f255dfcc587499b33c9992fe,0036d300256c76a4f5896c9a67c09337f62afc17d020e7827ddb9cdd844e3729,0036d300256c76a4f5896c9a67c09337f62afc17d020e7827ddb9cdd844e3729,3320.0000000000846,3322.0000000000846,0.0,0.0,0.0,0.0,80,0,0.0,False,0.0,0.0,computed_reduced_circuit_not_author_reproduction
1009,40.0,no_reward,A,trace_reset_ablation,065fda812e9251dcc8fd26fb,0036d300256c76a4f5896c9a67c09337f62afc17d020e7827ddb9cdd844e3729,0036d300256c76a4f5896c9a67c09337f62afc17d020e7827ddb9cdd844e3729,3320.0000000000846,3322.0000000000846,0.0,0.0,0.0,0.0,80,0,0.0,False,0.0,0.0,computed_reduced_circuit_not_author_reproduction
1009,40.0,no_reward,B,carry_trace,20e6c6c296a538c6adb3d16f,0036d300256c76a4f5896c9a67c09337f62afc17d020e7827ddb9cdd844e3729,0036d300256c76a4f5896c9a67c09337f62afc17d020e7827ddb9cdd844e3729,3320.0000000000846,3322.0000000000846,0.0,0.0,0.0,0.0,80,0,0.0,False,0.0,0.0,computed_reduced_circuit_not_author_reproduction
1009,40.0,no_reward,B,trace_reset_ablation,db7e430fe8e76d1bcd9ac903,0036d300256c76a4f5896c9a67c09337f62afc17d020e7827ddb9cdd844e3729,0036d300256c76a4f5896c9a67c09337f62afc17d020e7827ddb9cdd844e3729,3320.0000000000846,3322.0000000000846,0.0,0.0,0.0,0.0,80,0,0.0,False,0.0,0.0,computed_reduced_circuit_not_author_reproduction
1009,40.0,plasticity_disabled,A,carry_trace,bb03893566972b40b158db85,0036d300256c76a4f5896c9a67c09337f62afc17d020e7827ddb9cdd844e3729,0036d300256c76a4f5896c9a67c09337f62afc17d020e7827ddb9cdd844e3729,3320.0000000000846,3322.0000000000846,0.0,0.0,0.0,0.0,80,40,32.0,False,0.0,0.0,computed_reduced_circuit_not_author_reproduction
1009,40.0,plasticity_disabled,A,trace_reset_ablation,5d26497a1a16f16516710d95,0036d300256c76a4f5896c9a67c09337f62afc17d020e7827ddb9cdd844e3729,0036d300256c76a4f5896c9a67c09337f62afc17d020e7827ddb9cdd844e3729,3320.0000000000846,3322.0000000000846,0.0,0.0,0.0,0.0,80,40,32.0,False,0.0,0.0,computed_reduced_circuit_not_author_reproduction
1009,40.0,plasticity_disabled,B,carry_trace,4d2c981ba5801ea09fe28bfd,0036d300256c76a4f5896c9a67c09337f62afc17d020e7827ddb9cdd844e3729,0036d300256c76a4f5896c9a67c09337f62afc17d020e7827ddb9cdd844e3729,3320.0000000000846,3322.0000000000846,0.0,0.0,0.0,0.0,80,40,32.0,False,0.0,0.0,computed_reduced_circuit_not_author_reproduction
1009,40.0,plasticity_disabled,B,trace_reset_ablation,651d352a53444792a20c18f1,0036d300256c76a4f5896c9a67c09337f62afc17d020e7827ddb9cdd844e3729,0036d300256c76a4f5896c9a67c09337f62afc17d020e7827ddb9cdd844e3729,3320.0000000000846,3322.0000000000846,0.0,0.0,0.0,0.0,80,40,32.0,False,0.0,0.0,computed_reduced_circuit_not_author_reproduction
1010,2.0,paired,A,carry_trace,4ccb00cca6c1b8e67b229655,0036d300256c76a4f5896c9a67c09337f62afc17d020e7827ddb9cdd844e3729,d5b013137c3b4a8ceeaf643061eaa26df5457bdae40e9f8c5011487eb523676b,318.00000000001364,320.00000000001364,0.0,0.5932114753783264,0.04432528467300434,0.5488861907053221,80,40,32.0,True,0.07436526155862655,0.5932114753783264,computed_reduced_circuit_not_author_reproduction
1010,2.0,paired,A,trace_reset_ablation,f29a666a695b0fcf25af427d,0036d300256c76a4f5896c9a67c09337f62afc17d020e7827ddb9cdd844e3729,9f2e696eb69147430eb6aad9ff1eb3f93038e5eafa2c37b2da940996876b0e19,318.00000000001364,320.00000000001364,0.0,0.5847834695770926,0.0,0.5847834695770926,80,40,32.0,True,0.07158862170031643,0.5847834695770926,computed_reduced_circuit_not_author_reproduction
1010,2.0,paired,B,carry_trace,2d25b3835d60990a4db730e8,0036d300256c76a4f5896c9a67c09337f62afc17d020e7827ddb9cdd844e3729,35319314a4f56fd656128f06ce8d19a69ef5cd0f3bed4ccd7035d8f6aa3d1edd,318.00000000001364,320.00000000001364,0.0,0.5862648679112613,0.04865405297444969,0.5376108149368116,80,40,32.0,True,0.08112281700182877,0.5862648679112613,computed_reduced_circuit_not_author_reproduction
1010,2.0,paired,B,trace_reset_ablation,0d76b789c4f8ad0ca8166a82,0036d300256c76a4f5896c9a67c09337f62afc17d020e7827ddb9cdd844e3729,8ff8858d1e5b21ac47e0d1e864314d5c81c845f0fabc2730d8042eea0b988c22,318.00000000001364,320.00000000001364,0.0,0.5759749161775536,0.0,0.5759749161775536,80,40,32.0,True,0.07767617144657601,0.5759749161775536,computed_reduced_circuit_not_author_reproduction
1010,2.0,explicitly_unpaired,A,carry_trace,9b78e87e8b7c82ebb3d1a675,0036d300256c76a4f5896c9a67c09337f62afc17d020e7827ddb9cdd844e3729,0036d300256c76a4f5896c9a67c09337f62afc17d020e7827ddb9cdd844e3729,318.00000000001353,320.00000000001353,0.0,0.0,0.0,0.0,80,40,32.0,False,0.0,0.0,computed_reduced_circuit_not_author_reproduction
1010,2.0,explicitly_unpaired,A,trace_reset_ablation,bf9f0ca30c8186589c216908,0036d300256c76a4f5896c9a67c09337f62afc17d020e7827ddb9cdd844e3729,0036d300256c76a4f5896c9a67c09337f62afc17d020e7827ddb9cdd844e3729,318.00000000001353,320.00000000001353,0.0,0.0,0.0,0.0,80,40,32.0,False,0.0,0.0,computed_reduced_circuit_not_author_reproduction
1010,2.0,explicitly_unpaired,B,carry_trace,e204bd5fcd487890f3920448,0036d300256c76a4f5896c9a67c09337f62afc17d020e7827ddb9cdd844e3729,0036d300256c76a4f5896c9a67c09337f62afc17d020e7827ddb9cdd844e3729,318.00000000001353,320.00000000001353,0.0,0.0,0.0,0.0,80,40,32.0,False,0.0,0.0,computed_reduced_circuit_not_author_reproduction
1010,2.0,explicitly_unpaired,B,trace_reset_ablation,58ccab0fdc233aba6aebc069,0036d300256c76a4f5896c9a67c09337f62afc17d020e7827ddb9cdd844e3729,0036d300256c76a4f5896c9a67c09337f62afc17d020e7827ddb9cdd844e3729,318.00000000001353,320.00000000001353,0.0,0.0,0.0,0.0,80,40,32.0,False,0.0,0.0,computed_reduced_circuit_not_author_reproduction
1010,2.0,no_reward,A,carry_trace,6a20c63d6d26873437794045,0036d300256c76a4f5896c9a67c09337f62afc17d020e7827ddb9cdd844e3729,0036d300256c76a4f5896c9a67c09337f62afc17d020e7827ddb9cdd844e3729,318.00000000001364,320.00000000001364,0.0,0.0,0.0,0.0,80,0,0.0,False,0.0,0.0,computed_reduced_circuit_not_author_reproduction
1010,2.0,no_reward,A,trace_reset_ablation,ef842349e58359ecf88b2b36,0036d300256c76a4f5896c9a67c09337f62afc17d020e7827ddb9cdd844e3729,0036d300256c76a4f5896c9a67c09337f62afc17d020e7827ddb9cdd844e3729,318.00000000001364,320.00000000001364,0.0,0.0,0.0,0.0,80,0,0.0,False,0.0,0.0,computed_reduced_circuit_not_author_reproduction
1010,2.0,no_reward,B,carry_trace,cb08bc4cca369cc07d5b33de,0036d300256c76a4f5896c9a67c09337f62afc17d020e7827ddb9cdd844e3729,0036d300256c76a4f5896c9a67c09337f62afc17d020e7827ddb9cdd844e3729,318.00000000001364,320.00000000001364,0.0,0.0,0.0,0.0,80,0,0.0,False,0.0,0.0,computed_reduced_circuit_not_author_reproduction
1010,2.0,no_reward,B,trace_reset_ablation,adbdefb0aebabadb55c3fc86,0036d300256c76a4f5896c9a67c09337f62afc17d020e7827ddb9cdd844e3729,0036d300256c76a4f5896c9a67c09337f62afc17d020e7827ddb9cdd844e3729,318.00000000001364,320.00000000001364,0.0,0.0,0.0,0.0,80,0,0.0,False,0.0,0.0,computed_reduced_circuit_not_author_reproduction
1010,2.0,plasticity_disabled,A,carry_trace,570bc399190180cb116fec22,0036d300256c76a4f5896c9a67c09337f62afc17d020e7827ddb9cdd844e3729,0036d300256c76a4f5896c9a67c09337f62afc17d020e7827ddb9cdd844e3729,318.00000000001364,320.00000000001364,0.0,0.0,0.0,0.0,80,40,32.0,False,0.0,0.0,computed_reduced_circuit_not_author_reproduction
1010,2.0,plasticity_disabled,A,trace_reset_ablation,f3f5b42e375abb5a84e4bea7,0036d300256c76a4f5896c9a67c09337f62afc17d020e7827ddb9cdd844e3729,0036d300256c76a4f5896c9a67c09337f62afc17d020e7827ddb9cdd844e3729,318.00000000001364,320.00000000001364,0.0,0.0,0.0,0.0,80,40,32.0,False,0.0,0.0,computed_reduced_circuit_not_author_reproduction
1010,2.0,plasticity_disabled,B,carry_trace,35603b6b0c2598bdad91a1b1,0036d300256c76a4f5896c9a67c09337f62afc17d020e7827ddb9cdd844e3729,0036d300256c76a4f5896c9a67c09337f62afc17d020e7827ddb9cdd844e3729,318.00000000001364,320.00000000001364,0.0,0.0,0.0,0.0,80,40,32.0,False,0.0,0.0,computed_reduced_circuit_not_author_reproduction
1010,2.0,plasticity_disabled,B,trace_reset_ablation,bc247acaec06b6dc2ec61558,0036d300256c76a4f5896c9a67c09337f62afc17d020e7827ddb9cdd844e3729,0036d300256c76a4f5896c9a67c09337f62afc17d020e7827ddb9cdd844e3729,318.00000000001364,320.00000000001364,0.0,0.0,0.0,0.0,80,40,32.0,False,0.0,0.0,computed_reduced_circuit_not_author_reproduction
1010,10.0,paired,A,carry_trace,83b58e8e419678ec6239327f,0036d300256c76a4f5896c9a67c09337f62afc17d020e7827ddb9cdd844e3729,f8fab8972412857cf82be2855f5b8aaca2d8ba4a18bd58efb6038b5cc578a210,949.9999999999714,951.9999999999714,0.0,0.5849974603351447,0.0006998971566446466,0.5842975631785,80,40,32.0,True,0.07162665423369563,0.5849974603351447,computed_reduced_circuit_not_author_reproduction
1010,10.0,paired,A,trace_reset_ablation,11b3fc9c94d92b498aaff72a,0036d300256c76a4f5896c9a67c09337f62afc17d020e7827ddb9cdd844e3729,9f2e696eb69147430eb6aad9ff1eb3f93038e5eafa2c37b2da940996876b0e19,949.9999999999714,951.9999999999714,0.0,0.5847834695770926,0.0,0.5847834695770926,80,40,32.0,True,0.07158862170031643,0.5847834695770926,computed_reduced_circuit_not_author_reproduction
1010,10.0,paired,B,carry_trace,eba9724e666d1a516cbd12ff,0036d300256c76a4f5896c9a67c09337f62afc17d020e7827ddb9cdd844e3729,50d4019487b127728b06335a0c762ce40804159f9c3ddfafc5837ae0d7f68f7c,949.9999999999714,951.9999999999714,0.0,0.5762134390101533,0.0007812569550857962,0.5754321820550675,80,40,32.0,True,0.07772261464704555,0.5762134390101533,computed_reduced_circuit_not_author_reproduction
1010,10.0,paired,B,trace_reset_ablation,81b61567547c3fc29ecb8513,0036d300256c76a4f5896c9a67c09337f62afc17d020e7827ddb9cdd844e3729,8ff8858d1e5b21ac47e0d1e864314d5c81c845f0fabc2730d8042eea0b988c22,949.9999999999714,951.9999999999714,0.0,0.5759749161775536,0.0,0.5759749161775536,80,40,32.0,True,0.07767617144657601,0.5759749161775536,computed_reduced_circuit_not_author_reproduction
1010,10.0,explicitly_unpaired,A,carry_trace,7bfebaaaa36d9f9357187284,0036d300256c76a4f5896c9a67c09337f62afc17d020e7827ddb9cdd844e3729,0036d300256c76a4f5896c9a67c09337f62afc17d020e7827ddb9cdd844e3729,949.9999999999711,951.9999999999711,0.0,0.0,0.0,0.0,80,40,32.0,False,0.0,0.0,computed_reduced_circuit_not_author_reproduction
1010,10.0,explicitly_unpaired,A,trace_reset_ablation,e5fa137ad97455bb1ebeefac,0036d300256c76a4f5896c9a67c09337f62afc17d020e7827ddb9cdd844e3729,0036d300256c76a4f5896c9a67c09337f62afc17d020e7827ddb9cdd844e3729,949.9999999999711,951.9999999999711,0.0,0.0,0.0,0.0,80,40,32.0,False,0.0,0.0,computed_reduced_circuit_not_author_reproduction
1010,10.0,explicitly_unpaired,B,carry_trace,94132a6d793c3424a3878b40,0036d300256c76a4f5896c9a67c09337f62afc17d020e7827ddb9cdd844e3729,0036d300256c76a4f5896c9a67c09337f62afc17d020e7827ddb9cdd844e3729,949.9999999999711,951.9999999999711,0.0,0.0,0.0,0.0,80,40,32.0,False,0.0,0.0,computed_reduced_circuit_not_author_reproduction
1010,10.0,explicitly_unpaired,B,trace_reset_ablation,5839f10aa47bccb7fc9d39d6,0036d300256c76a4f5896c9a67c09337f62afc17d020e7827ddb9cdd844e3729,0036d300256c76a4f5896c9a67c09337f62afc17d020e7827ddb9cdd844e3729,949.9999999999711,951.9999999999711,0.0,0.0,0.0,0.0,80,40,32.0,False,0.0,0.0,computed_reduced_circuit_not_author_reproduction
1010,10.0,no_reward,A,carry_trace,547dc8300459b8a55ca8a016,0036d300256c76a4f5896c9a67c09337f62afc17d020e7827ddb9cdd844e3729,0036d300256c76a4f5896c9a67c09337f62afc17d020e7827ddb9cdd844e3729,949.9999999999714,951.9999999999714,0.0,0.0,0.0,0.0,80,0,0.0,False,0.0,0.0,computed_reduced_circuit_not_author_reproduction
1010,10.0,no_reward,A,trace_reset_ablation,e04360372f788e3e4e151c9a,0036d300256c76a4f5896c9a67c09337f62afc17d020e7827ddb9cdd844e3729,0036d300256c76a4f5896c9a67c09337f62afc17d020e7827ddb9cdd844e3729,949.9999999999714,951.9999999999714,0.0,0.0,0.0,0.0,80,0,0.0,False,0.0,0.0,computed_reduced_circuit_not_author_reproduction
1010,10.0,no_reward,B,carry_trace,8bb859076749b731435c953a,0036d300256c76a4f5896c9a67c09337f62afc17d020e7827ddb9cdd844e3729,0036d300256c76a4f5896c9a67c09337f62afc17d020e7827ddb9cdd844e3729,949.9999999999714,951.9999999999714,0.0,0.0,0.0,0.0,80,0,0.0,False,0.0,0.0,computed_reduced_circuit_not_author_reproduction
1010,10.0,no_reward,B,trace_reset_ablation,076d94ae658dc54a1554c18b,0036d300256c76a4f5896c9a67c09337f62afc17d020e7827ddb9cdd844e3729,0036d300256c76a4f5896c9a67c09337f62afc17d020e7827ddb9cdd844e3729,949.9999999999714,951.9999999999714,0.0,0.0,0.0,0.0,80,0,0.0,False,0.0,0.0,computed_reduced_circuit_not_author_reproduction
1010,10.0,plasticity_disabled,A,carry_trace,e30d0efa78c26a69c5c91436,0036d300256c76a4f5896c9a67c09337f62afc17d020e7827ddb9cdd844e3729,0036d300256c76a4f5896c9a67c09337f62afc17d020e7827ddb9cdd844e3729,949.9999999999714,951.9999999999714,0.0,0.0,0.0,0.0,80,40,32.0,False,0.0,0.0,computed_reduced_circuit_not_author_reproduction
1010,10.0,plasticity_disabled,A,trace_reset_ablation,a9a80762a7ae968d6855bd30,0036d300256c76a4f5896c9a67c09337f62afc17d020e7827ddb9cdd844e3729,0036d300256c76a4f5896c9a67c09337f62afc17d020e7827ddb9cdd844e3729,949.9999999999714,951.9999999999714,0.0,0.0,0.0,0.0,80,40,32.0,False,0.0,0.0,computed_reduced_circuit_not_author_reproduction
1010,10.0,plasticity_disabled,B,carry_trace,dcb1f8758de9266432eb1811,0036d300256c76a4f5896c9a67c09337f62afc17d020e7827ddb9cdd844e3729,0036d300256c76a4f5896c9a67c09337f62afc17d020e7827ddb9cdd844e3729,949.9999999999714,951.9999999999714,0.0,0.0,0.0,0.0,80,40,32.0,False,0.0,0.0,computed_reduced_circuit_not_author_reproduction
1010,10.0,plasticity_disabled,B,trace_reset_ablation,a425f4ff2e098dd7bab75e2e,0036d300256c76a4f5896c9a67c09337f62afc17d020e7827ddb9cdd844e3729,0036d300256c76a4f5896c9a67c09337f62afc17d020e7827ddb9cdd844e3729,949.9999999999714,951.9999999999714,0.0,0.0,0.0,0.0,80,40,32.0,False,0.0,0.0,computed_reduced_circuit_not_author_reproduction
1010,40.0,paired,A,carry_trace,791c05d7b61d70e0d985d329,0036d300256c76a4f5896c9a67c09337f62afc17d020e7827ddb9cdd844e3729,faf5af0b5ddea749840a9b819333988e122282a5f98a4248a9438bee37843d73,3320.0000000000846,3322.0000000000846,0.0,0.5847834696428253,2.13576156760098e-10,0.5847834694292492,80,40,32.0,True,0.07158862171189373,0.5847834696428253,computed_reduced_circuit_not_author_reproduction
1010,40.0,paired,A,trace_reset_ablation,6323f7fd02bc4c824b743319,0036d300256c76a4f5896c9a67c09337f62afc17d020e7827ddb9cdd844e3729,9f2e696eb69147430eb6aad9ff1eb3f93038e5eafa2c37b2da940996876b0e19,3320.0000000000846,3322.0000000000846,0.0,0.5847834695770926,0.0,0.5847834695770926,80,40,32.0,True,0.07158862170031643,0.5847834695770926,computed_reduced_circuit_not_author_reproduction
1010,40.0,paired,B,carry_trace,f393dc4a21daa21e2a1f4949,0036d300256c76a4f5896c9a67c09337f62afc17d020e7827ddb9cdd844e3729,720778bdec23c5f8494503b1afb371ff57ed72f4abb8d9d6408f60e09e3c56e5,3320.0000000000846,3322.0000000000846,0.0,0.5759749162507329,2.3849544561471703e-10,0.5759749160122375,80,40,32.0,True,0.07767617146071004,0.5759749162507329,computed_reduced_circuit_not_author_reproduction
1010,40.0,paired,B,trace_reset_ablation,7c1b40250b9791004b5649fd,0036d300256c76a4f5896c9a67c09337f62afc17d020e7827ddb9cdd844e3729,8ff8858d1e5b21ac47e0d1e864314d5c81c845f0fabc2730d8042eea0b988c22,3320.0000000000846,3322.0000000000846,0.0,0.5759749161775536,0.0,0.5759749161775536,80,40,32.0,True,0.07767617144657601,0.5759749161775536,computed_reduced_circuit_not_author_reproduction
1010,40.0,explicitly_unpaired,A,carry_trace,b9cbb59b144a68eb898e3e56,0036d300256c76a4f5896c9a67c09337f62afc17d020e7827ddb9cdd844e3729,0036d300256c76a4f5896c9a67c09337f62afc17d020e7827ddb9cdd844e3729,3320.0000000000846,3322.0000000000846,0.0,0.0,0.0,0.0,80,40,32.0,False,0.0,0.0,computed_reduced_circuit_not_author_reproduction
1010,40.0,explicitly_unpaired,A,trace_reset_ablation,6c68d26f0cfc55a3355fce85,0036d300256c76a4f5896c9a67c09337f62afc17d020e7827ddb9cdd844e3729,0036d300256c76a4f5896c9a67c09337f62afc17d020e7827ddb9cdd844e3729,3320.0000000000846,3322.0000000000846,0.0,0.0,0.0,0.0,80,40,32.0,False,0.0,0.0,computed_reduced_circuit_not_author_reproduction
1010,40.0,explicitly_unpaired,B,carry_trace,0174a54ad103c48b7b73bc87,0036d300256c76a4f5896c9a67c09337f62afc17d020e7827ddb9cdd844e3729,0036d300256c76a4f5896c9a67c09337f62afc17d020e7827ddb9cdd844e3729,3320.0000000000846,3322.0000000000846,0.0,0.0,0.0,0.0,80,40,32.0,False,0.0,0.0,computed_reduced_circuit_not_author_reproduction
1010,40.0,explicitly_unpaired,B,trace_reset_ablation,537d1e69a2e39451c72bd003,0036d300256c76a4f5896c9a67c09337f62afc17d020e7827ddb9cdd844e3729,0036d300256c76a4f5896c9a67c09337f62afc17d020e7827ddb9cdd844e3729,3320.0000000000846,3322.0000000000846,0.0,0.0,0.0,0.0,80,40,32.0,False,0.0,0.0,computed_reduced_circuit_not_author_reproduction
1010,40.0,no_reward,A,carry_trace,89d1932878cb0a557d70f896,0036d300256c76a4f5896c9a67c09337f62afc17d020e7827ddb9cdd844e3729,0036d300256c76a4f5896c9a67c09337f62afc17d020e7827ddb9cdd844e3729,3320.0000000000846,3322.0000000000846,0.0,0.0,0.0,0.0,80,0,0.0,False,0.0,0.0,computed_reduced_circuit_not_author_reproduction
1010,40.0,no_reward,A,trace_reset_ablation,f7d29bf8ca6b7a06cb03df61,0036d300256c76a4f5896c9a67c09337f62afc17d020e7827ddb9cdd844e3729,0036d300256c76a4f5896c9a67c09337f62afc17d020e7827ddb9cdd844e3729,3320.0000000000846,3322.0000000000846,0.0,0.0,0.0,0.0,80,0,0.0,False,0.0,0.0,computed_reduced_circuit_not_author_reproduction
1010,40.0,no_reward,B,carry_trace,b289902a2ba29bf502ab9871,0036d300256c76a4f5896c9a67c09337f62afc17d020e7827ddb9cdd844e3729,0036d300256c76a4f5896c9a67c09337f62afc17d020e7827ddb9cdd844e3729,3320.0000000000846,3322.0000000000846,0.0,0.0,0.0,0.0,80,0,0.0,False,0.0,0.0,computed_reduced_circuit_not_author_reproduction
1010,40.0,no_reward,B,trace_reset_ablation,7fef44c2cb6d75d911c2055c,0036d300256c76a4f5896c9a67c09337f62afc17d020e7827ddb9cdd844e3729,0036d300256c76a4f5896c9a67c09337f62afc17d020e7827ddb9cdd844e3729,3320.0000000000846,3322.0000000000846,0.0,0.0,0.0,0.0,80,0,0.0,False,0.0,0.0,computed_reduced_circuit_not_author_reproduction
1010,40.0,plasticity_disabled,A,carry_trace,a6fa0edfe0dd8c377ab09663,0036d300256c76a4f5896c9a67c09337f62afc17d020e7827ddb9cdd844e3729,0036d300256c76a4f5896c9a67c09337f62afc17d020e7827ddb9cdd844e3729,3320.0000000000846,3322.0000000000846,0.0,0.0,0.0,0.0,80,40,32.0,False,0.0,0.0,computed_reduced_circuit_not_author_reproduction
1010,40.0,plasticity_disabled,A,trace_reset_ablation,52aa063c4a71f150b8a6ea4c,0036d300256c76a4f5896c9a67c09337f62afc17d020e7827ddb9cdd844e3729,0036d300256c76a4f5896c9a67c09337f62afc17d020e7827ddb9cdd844e3729,3320.0000000000846,3322.0000000000846,0.0,0.0,0.0,0.0,80,40,32.0,False,0.0,0.0,computed_reduced_circuit_not_author_reproduction
1010,40.0,plasticity_disabled,B,carry_trace,a9be45b6a5427bbf671614e4,0036d300256c76a4f5896c9a67c09337f62afc17d020e7827ddb9cdd844e3729,0036d300256c76a4f5896c9a67c09337f62afc17d020e7827ddb9cdd844e3729,3320.0000000000846,3322.0000000000846,0.0,0.0,0.0,0.0,80,40,32.0,False,0.0,0.0,computed_reduced_circuit_not_author_reproduction
1010,40.0,plasticity_disabled,B,trace_reset_ablation,5abb9a05f4a802aa923bf072,0036d300256c76a4f5896c9a67c09337f62afc17d020e7827ddb9cdd844e3729,0036d300256c76a4f5896c9a67c09337f62afc17d020e7827ddb9cdd844e3729,3320.0000000000846,3322.0000000000846,0.0,0.0,0.0,0.0,80,40,32.0,False,0.0,0.0,computed_reduced_circuit_not_author_reproduction
1011,2.0,paired,A,carry_trace,462dc850b0590bb02d96c8cd,0036d300256c76a4f5896c9a67c09337f62afc17d020e7827ddb9cdd844e3729,f31dd208f902cbffce67cf3d7465a3c1fd116a6bb31a1b91dd931c1e3206696c,318.00000000001364,320.00000000001364,0.0,0.5914332704223699,0.05237832117131902,0.5390549492510509,80,40,32.0,True,0.0841156586887401,0.5914332704223699,computed_reduced_circuit_not_author_reproduction
1011,2.0,paired,A,trace_reset_ablation,1067d439b76da813300a3969,0036d300256c76a4f5896c9a67c09337f62afc17d020e7827ddb9cdd844e3729,aa61f36b67669aea4b050e2b8d49dcc9df95ae912b8025cede5d58714a17bfb2,318.00000000001364,320.00000000001364,0.0,0.5829707791341499,0.0,0.5829707791341499,80,40,32.0,True,0.08077162569058227,0.5829707791341499,computed_reduced_circuit_not_author_reproduction
1011,2.0,paired,B,carry_trace,c3084fae4a5b438afeb7f64d,0036d300256c76a4f5896c9a67c09337f62afc17d020e7827ddb9cdd844e3729,213bcee6abbe645d0475419f87990270f763b190129146f0c917eea3658c518a,318.00000000001364,320.00000000001364,0.0,0.5872576172249278,0.05230948706560279,0.534948130159325,80,40,32.0,True,0.08845542566284847,0.5872576172249278,computed_reduced_circuit_not_author_reproduction
1011,2.0,paired,B,trace_reset_ablation,51770893ade3f50e0ec68c85,0036d300256c76a4f5896c9a67c09337f62afc17d020e7827ddb9cdd844e3729,6268cc65d5eea9188227d077954f73403dccb0648db65940dc61895f60fb7350,318.00000000001364,320.00000000001364,0.0,0.579339175582286,0.0,0.579339175582286,80,40,32.0,True,0.08506177453927288,0.579339175582286,computed_reduced_circuit_not_author_reproduction
1011,2.0,explicitly_unpaired,A,carry_trace,f688e56cb8d7ecf5c7d04e94,0036d300256c76a4f5896c9a67c09337f62afc17d020e7827ddb9cdd844e3729,0036d300256c76a4f5896c9a67c09337f62afc17d020e7827ddb9cdd844e3729,318.00000000001353,320.00000000001353,0.0,0.0,0.0,0.0,80,40,32.0,False,0.0,0.0,computed_reduced_circuit_not_author_reproduction
1011,2.0,explicitly_unpaired,A,trace_reset_ablation,763dc2b03d18f747c34b5546,0036d300256c76a4f5896c9a67c09337f62afc17d020e7827ddb9cdd844e3729,0036d300256c76a4f5896c9a67c09337f62afc17d020e7827ddb9cdd844e3729,318.00000000001353,320.00000000001353,0.0,0.0,0.0,0.0,80,40,32.0,False,0.0,0.0,computed_reduced_circuit_not_author_reproduction
1011,2.0,explicitly_unpaired,B,carry_trace,9159eb08a713777d6f4129fe,0036d300256c76a4f5896c9a67c09337f62afc17d020e7827ddb9cdd844e3729,0036d300256c76a4f5896c9a67c09337f62afc17d020e7827ddb9cdd844e3729,318.00000000001353,320.00000000001353,0.0,0.0,0.0,0.0,80,40,32.0,False,0.0,0.0,computed_reduced_circuit_not_author_reproduction
1011,2.0,explicitly_unpaired,B,trace_reset_ablation,766a0663c1c5ace8025955b2,0036d300256c76a4f5896c9a67c09337f62afc17d020e7827ddb9cdd844e3729,0036d300256c76a4f5896c9a67c09337f62afc17d020e7827ddb9cdd844e3729,318.00000000001353,320.00000000001353,0.0,0.0,0.0,0.0,80,40,32.0,False,0.0,0.0,computed_reduced_circuit_not_author_reproduction
1011,2.0,no_reward,A,carry_trace,d9698496acc1e1e67a191524,0036d300256c76a4f5896c9a67c09337f62afc17d020e7827ddb9cdd844e3729,0036d300256c76a4f5896c9a67c09337f62afc17d020e7827ddb9cdd844e3729,318.00000000001364,320.00000000001364,0.0,0.0,0.0,0.0,80,0,0.0,False,0.0,0.0,computed_reduced_circuit_not_author_reproduction
1011,2.0,no_reward,A,trace_reset_ablation,a38cb5aa27b32547dd22c62b,0036d300256c76a4f5896c9a67c09337f62afc17d020e7827ddb9cdd844e3729,0036d300256c76a4f5896c9a67c09337f62afc17d020e7827ddb9cdd844e3729,318.00000000001364,320.00000000001364,0.0,0.0,0.0,0.0,80,0,0.0,False,0.0,0.0,computed_reduced_circuit_not_author_reproduction
1011,2.0,no_reward,B,carry_trace,2a049d7b9cd04c0192c9bbab,0036d300256c76a4f5896c9a67c09337f62afc17d020e7827ddb9cdd844e3729,0036d300256c76a4f5896c9a67c09337f62afc17d020e7827ddb9cdd844e3729,318.00000000001364,320.00000000001364,0.0,0.0,0.0,0.0,80,0,0.0,False,0.0,0.0,computed_reduced_circuit_not_author_reproduction
1011,2.0,no_reward,B,trace_reset_ablation,fe70166d996f5a4274c7e7f2,0036d300256c76a4f5896c9a67c09337f62afc17d020e7827ddb9cdd844e3729,0036d300256c76a4f5896c9a67c09337f62afc17d020e7827ddb9cdd844e3729,318.00000000001364,320.00000000001364,0.0,0.0,0.0,0.0,80,0,0.0,False,0.0,0.0,computed_reduced_circuit_not_author_reproduction
1011,2.0,plasticity_disabled,A,carry_trace,ec49df7c63c12bfa584c7d9a,0036d300256c76a4f5896c9a67c09337f62afc17d020e7827ddb9cdd844e3729,0036d300256c76a4f5896c9a67c09337f62afc17d020e7827ddb9cdd844e3729,318.00000000001364,320.00000000001364,0.0,0.0,0.0,0.0,80,40,32.0,False,0.0,0.0,computed_reduced_circuit_not_author_reproduction
1011,2.0,plasticity_disabled,A,trace_reset_ablation,9e3eb8687f4204c432f7b244,0036d300256c76a4f5896c9a67c09337f62afc17d020e7827ddb9cdd844e3729,0036d300256c76a4f5896c9a67c09337f62afc17d020e7827ddb9cdd844e3729,318.00000000001364,320.00000000001364,0.0,0.0,0.0,0.0,80,40,32.0,False,0.0,0.0,computed_reduced_circuit_not_author_reproduction
1011,2.0,plasticity_disabled,B,carry_trace,d54e5eff323102bef2551100,0036d300256c76a4f5896c9a67c09337f62afc17d020e7827ddb9cdd844e3729,0036d300256c76a4f5896c9a67c09337f62afc17d020e7827ddb9cdd844e3729,318.00000000001364,320.00000000001364,0.0,0.0,0.0,0.0,80,40,32.0,False,0.0,0.0,computed_reduced_circuit_not_author_reproduction
1011,2.0,plasticity_disabled,B,trace_reset_ablation,ecee60d6edf9bbf3a5f0ab7f,0036d300256c76a4f5896c9a67c09337f62afc17d020e7827ddb9cdd844e3729,0036d300256c76a4f5896c9a67c09337f62afc17d020e7827ddb9cdd844e3729,318.00000000001364,320.00000000001364,0.0,0.0,0.0,0.0,80,40,32.0,False,0.0,0.0,computed_reduced_circuit_not_author_reproduction
1011,10.0,paired,A,carry_trace,eb4b635599754fbce2aa8ef3,0036d300256c76a4f5896c9a67c09337f62afc17d020e7827ddb9cdd844e3729,f350d5edcd0c6b7ba290443c1945fe0fe61b3ebe01d4d5f6e6827a2a998231df,949.9999999999714,951.9999999999714,0.0,0.583206301303713,0.000874653902839917,0.5823316474008731,80,40,32.0,True,0.08081903907925325,0.583206301303713,computed_reduced_circuit_not_author_reproduction
1011,10.0,paired,A,trace_reset_ablation,c0740b28f14cd47466d80bb9,0036d300256c76a4f5896c9a67c09337f62afc17d020e7827ddb9cdd844e3729,aa61f36b67669aea4b050e2b8d49dcc9df95ae912b8025cede5d58714a17bfb2,949.9999999999714,951.9999999999714,0.0,0.5829707791341499,0.0,0.5829707791341499,80,40,32.0,True,0.08077162569058227,0.5829707791341499,computed_reduced_circuit_not_author_reproduction
1011,10.0,paired,B,carry_trace,f2e5e85a5724ba0c133494fd,0036d300256c76a4f5896c9a67c09337f62afc17d020e7827ddb9cdd844e3729,6086dd947a6dfca2edeeee24adb84e6cf7d5619db5b95b738a7bf53ac6a8c2e2,949.9999999999714,951.9999999999714,0.0,0.5795742968478255,0.0008624436540116687,0.5787118531938138,80,40,32.0,True,0.08511184587152892,0.5795742968478255,computed_reduced_circuit_not_author_reproduction
1011,10.0,paired,B,trace_reset_ablation,34d8b4b99a2c18bec51a6105,0036d300256c76a4f5896c9a67c09337f62afc17d020e7827ddb9cdd844e3729,6268cc65d5eea9188227d077954f73403dccb0648db65940dc61895f60fb7350,949.9999999999714,951.9999999999714,0.0,0.579339175582286,0.0,0.579339175582286,80,40,32.0,True,0.08506177453927288,0.579339175582286,computed_reduced_circuit_not_author_reproduction
1011,10.0,explicitly_unpaired,A,carry_trace,d08c77f9f00e35786fa783c7,0036d300256c76a4f5896c9a67c09337f62afc17d020e7827ddb9cdd844e3729,0036d300256c76a4f5896c9a67c09337f62afc17d020e7827ddb9cdd844e3729,949.9999999999711,951.9999999999711,0.0,0.0,0.0,0.0,80,40,32.0,False,0.0,0.0,computed_reduced_circuit_not_author_reproduction
1011,10.0,explicitly_unpaired,A,trace_reset_ablation,73240213fd849f1c8a1fe212,0036d300256c76a4f5896c9a67c09337f62afc17d020e7827ddb9cdd844e3729,0036d300256c76a4f5896c9a67c09337f62afc17d020e7827ddb9cdd844e3729,949.9999999999711,951.9999999999711,0.0,0.0,0.0,0.0,80,40,32.0,False,0.0,0.0,computed_reduced_circuit_not_author_reproduction
1011,10.0,explicitly_unpaired,B,carry_trace,5c2622f5140f6a167cf98871,0036d300256c76a4f5896c9a67c09337f62afc17d020e7827ddb9cdd844e3729,0036d300256c76a4f5896c9a67c09337f62afc17d020e7827ddb9cdd844e3729,949.9999999999711,951.9999999999711,0.0,0.0,0.0,0.0,80,40,32.0,False,0.0,0.0,computed_reduced_circuit_not_author_reproduction
1011,10.0,explicitly_unpaired,B,trace_reset_ablation,ce30878d7b43665fd90820f9,0036d300256c76a4f5896c9a67c09337f62afc17d020e7827ddb9cdd844e3729,0036d300256c76a4f5896c9a67c09337f62afc17d020e7827ddb9cdd844e3729,949.9999999999711,951.9999999999711,0.0,0.0,0.0,0.0,80,40,32.0,False,0.0,0.0,computed_reduced_circuit_not_author_reproduction
1011,10.0,no_reward,A,carry_trace,7c90aae2aa80c0c9e692f3ae,0036d300256c76a4f5896c9a67c09337f62afc17d020e7827ddb9cdd844e3729,0036d300256c76a4f5896c9a67c09337f62afc17d020e7827ddb9cdd844e3729,949.9999999999714,951.9999999999714,0.0,0.0,0.0,0.0,80,0,0.0,False,0.0,0.0,computed_reduced_circuit_not_author_reproduction
1011,10.0,no_reward,A,trace_reset_ablation,dbdfd7ff701e9c1fce32d7b7,0036d300256c76a4f5896c9a67c09337f62afc17d020e7827ddb9cdd844e3729,0036d300256c76a4f5896c9a67c09337f62afc17d020e7827ddb9cdd844e3729,949.9999999999714,951.9999999999714,0.0,0.0,0.0,0.0,80,0,0.0,False,0.0,0.0,computed_reduced_circuit_not_author_reproduction
1011,10.0,no_reward,B,carry_trace,cd0db7d41e1c3aa3e542c7c4,0036d300256c76a4f5896c9a67c09337f62afc17d020e7827ddb9cdd844e3729,0036d300256c76a4f5896c9a67c09337f62afc17d020e7827ddb9cdd844e3729,949.9999999999714,951.9999999999714,0.0,0.0,0.0,0.0,80,0,0.0,False,0.0,0.0,computed_reduced_circuit_not_author_reproduction
1011,10.0,no_reward,B,trace_reset_ablation,ca232906f937e4d62234781f,0036d300256c76a4f5896c9a67c09337f62afc17d020e7827ddb9cdd844e3729,0036d300256c76a4f5896c9a67c09337f62afc17d020e7827ddb9cdd844e3729,949.9999999999714,951.9999999999714,0.0,0.0,0.0,0.0,80,0,0.0,False,0.0,0.0,computed_reduced_circuit_not_author_reproduction
1011,10.0,plasticity_disabled,A,carry_trace,9628e2950643baeb8e0b414f,0036d300256c76a4f5896c9a67c09337f62afc17d020e7827ddb9cdd844e3729,0036d300256c76a4f5896c9a67c09337f62afc17d020e7827ddb9cdd844e3729,949.9999999999714,951.9999999999714,0.0,0.0,0.0,0.0,80,40,32.0,False,0.0,0.0,computed_reduced_circuit_not_author_reproduction
1011,10.0,plasticity_disabled,A,trace_reset_ablation,1975114cf31abb3a4eba6557,0036d300256c76a4f5896c9a67c09337f62afc17d020e7827ddb9cdd844e3729,0036d300256c76a4f5896c9a67c09337f62afc17d020e7827ddb9cdd844e3729,949.9999999999714,951.9999999999714,0.0,0.0,0.0,0.0,80,40,32.0,False,0.0,0.0,computed_reduced_circuit_not_author_reproduction
1011,10.0,plasticity_disabled,B,carry_trace,75cf7de34726b2b4c85c12c9,0036d300256c76a4f5896c9a67c09337f62afc17d020e7827ddb9cdd844e3729,0036d300256c76a4f5896c9a67c09337f62afc17d020e7827ddb9cdd844e3729,949.9999999999714,951.9999999999714,0.0,0.0,0.0,0.0,80,40,32.0,False,0.0,0.0,computed_reduced_circuit_not_author_reproduction
1011,10.0,plasticity_disabled,B,trace_reset_ablation,9a6e069ae369c8b898877689,0036d300256c76a4f5896c9a67c09337f62afc17d020e7827ddb9cdd844e3729,0036d300256c76a4f5896c9a67c09337f62afc17d020e7827ddb9cdd844e3729,949.9999999999714,951.9999999999714,0.0,0.0,0.0,0.0,80,40,32.0,False,0.0,0.0,computed_reduced_circuit_not_author_reproduction
1011,40.0,paired,A,carry_trace,02ba8baa33dddd2aef1eaa8c,0036d300256c76a4f5896c9a67c09337f62afc17d020e7827ddb9cdd844e3729,239ce2bd5ec71512aa60918dff505ecae81eb24152721065e65107adc96446e8,3320.0000000000846,3322.0000000000846,0.0,0.5829707792066047,2.6723667723160816e-10,0.582970778939368,80,40,32.0,True,0.08077162570502927,0.5829707792066047,computed_reduced_circuit_not_author_reproduction
1011,40.0,paired,A,trace_reset_ablation,e08b0b9623fadfe84768d31c,0036d300256c76a4f5896c9a67c09337f62afc17d020e7827ddb9cdd844e3729,aa61f36b67669aea4b050e2b8d49dcc9df95ae912b8025cede5d58714a17bfb2,3320.0000000000846,3322.0000000000846,0.0,0.5829707791341499,0.0,0.5829707791341499,80,40,32.0,True,0.08077162569058227,0.5829707791341499,computed_reduced_circuit_not_author_reproduction
1011,40.0,paired,B,carry_trace,e26022066a40d531ae6986dd,0036d300256c76a4f5896c9a67c09337f62afc17d020e7827ddb9cdd844e3729,96bfc3ef3f8b79bec59ff73cb7e3374617660aa63c24bcd1cb23c72fa2c1f6cc,3320.0000000000846,3322.0000000000846,0.0,0.5793391756546805,2.634314988370079e-10,0.579339175391249,80,40,32.0,True,0.08506177455454467,0.5793391756546805,computed_reduced_circuit_not_author_reproduction
1011,40.0,paired,B,trace_reset_ablation,7bf423c787dd9733b8125ae4,0036d300256c76a4f5896c9a67c09337f62afc17d020e7827ddb9cdd844e3729,6268cc65d5eea9188227d077954f73403dccb0648db65940dc61895f60fb7350,3320.0000000000846,3322.0000000000846,0.0,0.579339175582286,0.0,0.579339175582286,80,40,32.0,True,0.08506177453927288,0.579339175582286,computed_reduced_circuit_not_author_reproduction
1011,40.0,explicitly_unpaired,A,carry_trace,ead419c4c245c6e78a48de65,0036d300256c76a4f5896c9a67c09337f62afc17d020e7827ddb9cdd844e3729,0036d300256c76a4f5896c9a67c09337f62afc17d020e7827ddb9cdd844e3729,3320.0000000000846,3322.0000000000846,0.0,0.0,0.0,0.0,80,40,32.0,False,0.0,0.0,computed_reduced_circuit_not_author_reproduction
1011,40.0,explicitly_unpaired,A,trace_reset_ablation,a4d8bb847530eddc6d213d91,0036d300256c76a4f5896c9a67c09337f62afc17d020e7827ddb9cdd844e3729,0036d300256c76a4f5896c9a67c09337f62afc17d020e7827ddb9cdd844e3729,3320.0000000000846,3322.0000000000846,0.0,0.0,0.0,0.0,80,40,32.0,False,0.0,0.0,computed_reduced_circuit_not_author_reproduction
1011,40.0,explicitly_unpaired,B,carry_trace,071251e72c0a74c4320b38ce,0036d300256c76a4f5896c9a67c09337f62afc17d020e7827ddb9cdd844e3729,0036d300256c76a4f5896c9a67c09337f62afc17d020e7827ddb9cdd844e3729,3320.0000000000846,3322.0000000000846,0.0,0.0,0.0,0.0,80,40,32.0,False,0.0,0.0,computed_reduced_circuit_not_author_reproduction
1011,40.0,explicitly_unpaired,B,trace_reset_ablation,f519b6f31793904cd8f0f54a,0036d300256c76a4f5896c9a67c09337f62afc17d020e7827ddb9cdd844e3729,0036d300256c76a4f5896c9a67c09337f62afc17d020e7827ddb9cdd844e3729,3320.0000000000846,3322.0000000000846,0.0,0.0,0.0,0.0,80,40,32.0,False,0.0,0.0,computed_reduced_circuit_not_author_reproduction
1011,40.0,no_reward,A,carry_trace,d13dea3e28cb0517f7986330,0036d300256c76a4f5896c9a67c09337f62afc17d020e7827ddb9cdd844e3729,0036d300256c76a4f5896c9a67c09337f62afc17d020e7827ddb9cdd844e3729,3320.0000000000846,3322.0000000000846,0.0,0.0,0.0,0.0,80,0,0.0,False,0.0,0.0,computed_reduced_circuit_not_author_reproduction
1011,40.0,no_reward,A,trace_reset_ablation,0b4897d23f77b345cf3900b2,0036d300256c76a4f5896c9a67c09337f62afc17d020e7827ddb9cdd844e3729,0036d300256c76a4f5896c9a67c09337f62afc17d020e7827ddb9cdd844e3729,3320.0000000000846,3322.0000000000846,0.0,0.0,0.0,0.0,80,0,0.0,False,0.0,0.0,computed_reduced_circuit_not_author_reproduction
1011,40.0,no_reward,B,carry_trace,c6d9055781754cf486c34e73,0036d300256c76a4f5896c9a67c09337f62afc17d020e7827ddb9cdd844e3729,0036d300256c76a4f5896c9a67c09337f62afc17d020e7827ddb9cdd844e3729,3320.0000000000846,3322.0000000000846,0.0,0.0,0.0,0.0,80,0,0.0,False,0.0,0.0,computed_reduced_circuit_not_author_reproduction
1011,40.0,no_reward,B,trace_reset_ablation,a67ce0037b0f7c3ce7ec59b5,0036d300256c76a4f5896c9a67c09337f62afc17d020e7827ddb9cdd844e3729,0036d300256c76a4f5896c9a67c09337f62afc17d020e7827ddb9cdd844e3729,3320.0000000000846,3322.0000000000846,0.0,0.0,0.0,0.0,80,0,0.0,False,0.0,0.0,computed_reduced_circuit_not_author_reproduction
1011,40.0,plasticity_disabled,A,carry_trace,7810d5cd57390ecc752ddcdf,0036d300256c76a4f5896c9a67c09337f62afc17d020e7827ddb9cdd844e3729,0036d300256c76a4f5896c9a67c09337f62afc17d020e7827ddb9cdd844e3729,3320.0000000000846,3322.0000000000846,0.0,0.0,0.0,0.0,80,40,32.0,False,0.0,0.0,computed_reduced_circuit_not_author_reproduction
1011,40.0,plasticity_disabled,A,trace_reset_ablation,a86d19aeafb8234de57d071a,0036d300256c76a4f5896c9a67c09337f62afc17d020e7827ddb9cdd844e3729,0036d300256c76a4f5896c9a67c09337f62afc17d020e7827ddb9cdd844e3729,3320.0000000000846,3322.0000000000846,0.0,0.0,0.0,0.0,80,40,32.0,False,0.0,0.0,computed_reduced_circuit_not_author_reproduction
1011,40.0,plasticity_disabled,B,carry_trace,6b8d6597b969f4d8385212dd,0036d300256c76a4f5896c9a67c09337f62afc17d020e7827ddb9cdd844e3729,0036d300256c76a4f5896c9a67c09337f62afc17d020e7827ddb9cdd844e3729,3320.0000000000846,3322.0000000000846,0.0,0.0,0.0,0.0,80,40,32.0,False,0.0,0.0,computed_reduced_circuit_not_author_reproduction
1011,40.0,plasticity_disabled,B,trace_reset_ablation,dc29ba298450eb52ad644bb5,0036d300256c76a4f5896c9a67c09337f62afc17d020e7827ddb9cdd844e3729,0036d300256c76a4f5896c9a67c09337f62afc17d020e7827ddb9cdd844e3729,3320.0000000000846,3322.0000000000846,0.0,0.0,0.0,0.0,80,40,32.0,False,0.0,0.0,computed_reduced_circuit_not_author_reproduction
1012,2.0,paired,A,carry_trace,44a6fda42aa19a3d1ce2248d,0036d300256c76a4f5896c9a67c09337f62afc17d020e7827ddb9cdd844e3729,4963ea03a557ed5417256e7b27cbed0f4dd4306c38da8a93aaf1df5d559f6e33,318.00000000001364,320.00000000001364,0.0,0.5900637057543929,0.05215059675589673,0.5379131089984962,80,40,32.0,True,0.07462734122367276,0.5900637057543929,computed_reduced_circuit_not_author_reproduction
1012,2.0,paired,A,trace_reset_ablation,cbf047cfa93d4743bce26b7c,0036d300256c76a4f5896c9a67c09337f62afc17d020e7827ddb9cdd844e3729,bfe57f2147c0e1e314b02b9c0ec5deddfb9a541a2a5c4ac2d2415f0eb3f51ca0,318.00000000001364,320.00000000001364,0.0,0.5818079733726859,0.0,0.5818079733726859,80,40,32.0,True,0.07165830385728411,0.5818079733726859,computed_reduced_circuit_not_author_reproduction
1012,2.0,paired,B,carry_trace,047da2ca3f6975372dbd9556,0036d300256c76a4f5896c9a67c09337f62afc17d020e7827ddb9cdd844e3729,82c466a8087f2e3f9bd995ae4b810792abd78691f6269dcbbd91ddfad31d4e1e,318.00000000001364,320.00000000001364,0.0,0.5878034142042724,0.054483078660419126,0.5333203355438533,80,40,32.0,True,0.08055226493196654,0.5878034142042724,computed_reduced_circuit_not_author_reproduction
1012,2.0,paired,B,trace_reset_ablation,bbed167ed24d65f8c1af1529,0036d300256c76a4f5896c9a67c09337f62afc17d020e7827ddb9cdd844e3729,f8570bc42a61488508e7fcd428aa52b7ad8f9d2f01aa8cc66c60d63d0d0fe247,318.00000000001364,320.00000000001364,0.0,0.5789845855185485,0.0,0.5789845855185485,80,40,32.0,True,0.07713034615714875,0.5789845855185485,computed_reduced_circuit_not_author_reproduction
1012,2.0,explicitly_unpaired,A,carry_trace,7461d9c62adf66038a282e41,0036d300256c76a4f5896c9a67c09337f62afc17d020e7827ddb9cdd844e3729,0036d300256c76a4f5896c9a67c09337f62afc17d020e7827ddb9cdd844e3729,318.00000000001353,320.00000000001353,0.0,0.0,0.0,0.0,80,40,32.0,False,0.0,0.0,computed_reduced_circuit_not_author_reproduction
1012,2.0,explicitly_unpaired,A,trace_reset_ablation,6e60703650c74af6da60620a,0036d300256c76a4f5896c9a67c09337f62afc17d020e7827ddb9cdd844e3729,0036d300256c76a4f5896c9a67c09337f62afc17d020e7827ddb9cdd844e3729,318.00000000001353,320.00000000001353,0.0,0.0,0.0,0.0,80,40,32.0,False,0.0,0.0,computed_reduced_circuit_not_author_reproduction
1012,2.0,explicitly_unpaired,B,carry_trace,26ef224d6574770913af4f48,0036d300256c76a4f5896c9a67c09337f62afc17d020e7827ddb9cdd844e3729,0036d300256c76a4f5896c9a67c09337f62afc17d020e7827ddb9cdd844e3729,318.00000000001353,320.00000000001353,0.0,0.0,0.0,0.0,80,40,32.0,False,0.0,0.0,computed_reduced_circuit_not_author_reproduction
1012,2.0,explicitly_unpaired,B,trace_reset_ablation,fa5a6f2c0bf770fb04f7b5be,0036d300256c76a4f5896c9a67c09337f62afc17d020e7827ddb9cdd844e3729,0036d300256c76a4f5896c9a67c09337f62afc17d020e7827ddb9cdd844e3729,318.00000000001353,320.00000000001353,0.0,0.0,0.0,0.0,80,40,32.0,False,0.0,0.0,computed_reduced_circuit_not_author_reproduction
1012,2.0,no_reward,A,carry_trace,e00f3782fbdb873a1ba80144,0036d300256c76a4f5896c9a67c09337f62afc17d020e7827ddb9cdd844e3729,0036d300256c76a4f5896c9a67c09337f62afc17d020e7827ddb9cdd844e3729,318.00000000001364,320.00000000001364,0.0,0.0,0.0,0.0,80,0,0.0,False,0.0,0.0,computed_reduced_circuit_not_author_reproduction
1012,2.0,no_reward,A,trace_reset_ablation,d430d7432dbd409c98ddc52f,0036d300256c76a4f5896c9a67c09337f62afc17d020e7827ddb9cdd844e3729,0036d300256c76a4f5896c9a67c09337f62afc17d020e7827ddb9cdd844e3729,318.00000000001364,320.00000000001364,0.0,0.0,0.0,0.0,80,0,0.0,False,0.0,0.0,computed_reduced_circuit_not_author_reproduction
1012,2.0,no_reward,B,carry_trace,17aa1857d34f31ef3b411a21,0036d300256c76a4f5896c9a67c09337f62afc17d020e7827ddb9cdd844e3729,0036d300256c76a4f5896c9a67c09337f62afc17d020e7827ddb9cdd844e3729,318.00000000001364,320.00000000001364,0.0,0.0,0.0,0.0,80,0,0.0,False,0.0,0.0,computed_reduced_circuit_not_author_reproduction
1012,2.0,no_reward,B,trace_reset_ablation,72acc7ffeb33a449c5b042d1,0036d300256c76a4f5896c9a67c09337f62afc17d020e7827ddb9cdd844e3729,0036d300256c76a4f5896c9a67c09337f62afc17d020e7827ddb9cdd844e3729,318.00000000001364,320.00000000001364,0.0,0.0,0.0,0.0,80,0,0.0,False,0.0,0.0,computed_reduced_circuit_not_author_reproduction
1012,2.0,plasticity_disabled,A,carry_trace,45f21b5fae9f73f023c5eb9e,0036d300256c76a4f5896c9a67c09337f62afc17d020e7827ddb9cdd844e3729,0036d300256c76a4f5896c9a67c09337f62afc17d020e7827ddb9cdd844e3729,318.00000000001364,320.00000000001364,0.0,0.0,0.0,0.0,80,40,32.0,False,0.0,0.0,computed_reduced_circuit_not_author_reproduction
1012,2.0,plasticity_disabled,A,trace_reset_ablation,7a12889dbd2cfb66ad6e5375,0036d300256c76a4f5896c9a67c09337f62afc17d020e7827ddb9cdd844e3729,0036d300256c76a4f5896c9a67c09337f62afc17d020e7827ddb9cdd844e3729,318.00000000001364,320.00000000001364,0.0,0.0,0.0,0.0,80,40,32.0,False,0.0,0.0,computed_reduced_circuit_not_author_reproduction
1012,2.0,plasticity_disabled,B,carry_trace,5b6d2bc2b5c9336001946d70,0036d300256c76a4f5896c9a67c09337f62afc17d020e7827ddb9cdd844e3729,0036d300256c76a4f5896c9a67c09337f62afc17d020e7827ddb9cdd844e3729,318.00000000001364,320.00000000001364,0.0,0.0,0.0,0.0,80,40,32.0,False,0.0,0.0,computed_reduced_circuit_not_author_reproduction
1012,2.0,plasticity_disabled,B,trace_reset_ablation,9d14031f7797b27040623142,0036d300256c76a4f5896c9a67c09337f62afc17d020e7827ddb9cdd844e3729,0036d300256c76a4f5896c9a67c09337f62afc17d020e7827ddb9cdd844e3729,318.00000000001364,320.00000000001364,0.0,0.0,0.0,0.0,80,40,32.0,False,0.0,0.0,computed_reduced_circuit_not_author_reproduction
1012,10.0,paired,A,carry_trace,5e3141950e40f1ce9ed7078d,0036d300256c76a4f5896c9a67c09337f62afc17d020e7827ddb9cdd844e3729,63f118a7ff613240951cf3a11a5d9639ec3d63084c32af5995bd5caf3a32ac98,949.9999999999714,951.9999999999714,0.0,0.5820461504381256,0.0008847937594911315,0.5811613566786344,80,40,32.0,True,0.07170084974290647,0.5820461504381256,computed_reduced_circuit_not_author_reproduction
1012,10.0,paired,A,trace_reset_ablation,a75e0c641fe01c726761a2bb,0036d300256c76a4f5896c9a67c09337f62afc17d020e7827ddb9cdd844e3729,bfe57f2147c0e1e314b02b9c0ec5deddfb9a541a2a5c4ac2d2415f0eb3f51ca0,949.9999999999714,951.9999999999714,0.0,0.5818079733726859,0.0,0.5818079733726859,80,40,32.0,True,0.07165830385728411,0.5818079733726859,computed_reduced_circuit_not_author_reproduction
1012,10.0,paired,B,carry_trace,78d4f82401e46d8c431a306d,0036d300256c76a4f5896c9a67c09337f62afc17d020e7827ddb9cdd844e3729,3c6752305fee6bd2bac1314fa1d209a3b61a68cc5223cf494ca6850abe792066,949.9999999999714,951.9999999999714,0.0,0.5792358969954753,0.000906907375896937,0.5783289896195783,80,40,32.0,True,0.07717886174693,0.5792358969954753,computed_reduced_circuit_not_author_reproduction
1012,10.0,paired,B,trace_reset_ablation,1f2ab71468d3801edaa0f7b5,0036d300256c76a4f5896c9a67c09337f62afc17d020e7827ddb9cdd844e3729,f8570bc42a61488508e7fcd428aa52b7ad8f9d2f01aa8cc66c60d63d0d0fe247,949.9999999999714,951.9999999999714,0.0,0.5789845855185485,0.0,0.5789845855185485,80,40,32.0,True,0.07713034615714875,0.5789845855185485,computed_reduced_circuit_not_author_reproduction
1012,10.0,explicitly_unpaired,A,carry_trace,ee4ff3098c95deb292ebfcda,0036d300256c76a4f5896c9a67c09337f62afc17d020e7827ddb9cdd844e3729,0036d300256c76a4f5896c9a67c09337f62afc17d020e7827ddb9cdd844e3729,949.9999999999711,951.9999999999711,0.0,0.0,0.0,0.0,80,40,32.0,False,0.0,0.0,computed_reduced_circuit_not_author_reproduction
1012,10.0,explicitly_unpaired,A,trace_reset_ablation,eb82e2d4444edc0f51be46d0,0036d300256c76a4f5896c9a67c09337f62afc17d020e7827ddb9cdd844e3729,0036d300256c76a4f5896c9a67c09337f62afc17d020e7827ddb9cdd844e3729,949.9999999999711,951.9999999999711,0.0,0.0,0.0,0.0,80,40,32.0,False,0.0,0.0,computed_reduced_circuit_not_author_reproduction
1012,10.0,explicitly_unpaired,B,carry_trace,95b6eb130ee5b27b253e93b7,0036d300256c76a4f5896c9a67c09337f62afc17d020e7827ddb9cdd844e3729,0036d300256c76a4f5896c9a67c09337f62afc17d020e7827ddb9cdd844e3729,949.9999999999711,951.9999999999711,0.0,0.0,0.0,0.0,80,40,32.0,False,0.0,0.0,computed_reduced_circuit_not_author_reproduction
1012,10.0,explicitly_unpaired,B,trace_reset_ablation,52f93c907252445b99040b1f,0036d300256c76a4f5896c9a67c09337f62afc17d020e7827ddb9cdd844e3729,0036d300256c76a4f5896c9a67c09337f62afc17d020e7827ddb9cdd844e3729,949.9999999999711,951.9999999999711,0.0,0.0,0.0,0.0,80,40,32.0,False,0.0,0.0,computed_reduced_circuit_not_author_reproduction
1012,10.0,no_reward,A,carry_trace,bd837644697ab1e8c4fb4c5b,0036d300256c76a4f5896c9a67c09337f62afc17d020e7827ddb9cdd844e3729,0036d300256c76a4f5896c9a67c09337f62afc17d020e7827ddb9cdd844e3729,949.9999999999714,951.9999999999714,0.0,0.0,0.0,0.0,80,0,0.0,False,0.0,0.0,computed_reduced_circuit_not_author_reproduction
1012,10.0,no_reward,A,trace_reset_ablation,d4ee5538f4f1cb8c09fffa65,0036d300256c76a4f5896c9a67c09337f62afc17d020e7827ddb9cdd844e3729,0036d300256c76a4f5896c9a67c09337f62afc17d020e7827ddb9cdd844e3729,949.9999999999714,951.9999999999714,0.0,0.0,0.0,0.0,80,0,0.0,False,0.0,0.0,computed_reduced_circuit_not_author_reproduction
1012,10.0,no_reward,B,carry_trace,e5164a69d3440a9e65e802b7,0036d300256c76a4f5896c9a67c09337f62afc17d020e7827ddb9cdd844e3729,0036d300256c76a4f5896c9a67c09337f62afc17d020e7827ddb9cdd844e3729,949.9999999999714,951.9999999999714,0.0,0.0,0.0,0.0,80,0,0.0,False,0.0,0.0,computed_reduced_circuit_not_author_reproduction
1012,10.0,no_reward,B,trace_reset_ablation,e35014f3ed5b627b0f3511ef,0036d300256c76a4f5896c9a67c09337f62afc17d020e7827ddb9cdd844e3729,0036d300256c76a4f5896c9a67c09337f62afc17d020e7827ddb9cdd844e3729,949.9999999999714,951.9999999999714,0.0,0.0,0.0,0.0,80,0,0.0,False,0.0,0.0,computed_reduced_circuit_not_author_reproduction
1012,10.0,plasticity_disabled,A,carry_trace,f8710b4760a4a37e4c987ab8,0036d300256c76a4f5896c9a67c09337f62afc17d020e7827ddb9cdd844e3729,0036d300256c76a4f5896c9a67c09337f62afc17d020e7827ddb9cdd844e3729,949.9999999999714,951.9999999999714,0.0,0.0,0.0,0.0,80,40,32.0,False,0.0,0.0,computed_reduced_circuit_not_author_reproduction
1012,10.0,plasticity_disabled,A,trace_reset_ablation,79148ebe5008141d3315f353,0036d300256c76a4f5896c9a67c09337f62afc17d020e7827ddb9cdd844e3729,0036d300256c76a4f5896c9a67c09337f62afc17d020e7827ddb9cdd844e3729,949.9999999999714,951.9999999999714,0.0,0.0,0.0,0.0,80,40,32.0,False,0.0,0.0,computed_reduced_circuit_not_author_reproduction
1012,10.0,plasticity_disabled,B,carry_trace,f2ebfc73cc8f27a055bb0f34,0036d300256c76a4f5896c9a67c09337f62afc17d020e7827ddb9cdd844e3729,0036d300256c76a4f5896c9a67c09337f62afc17d020e7827ddb9cdd844e3729,949.9999999999714,951.9999999999714,0.0,0.0,0.0,0.0,80,40,32.0,False,0.0,0.0,computed_reduced_circuit_not_author_reproduction
1012,10.0,plasticity_disabled,B,trace_reset_ablation,25a087f702a5cd37e3d1ff4b,0036d300256c76a4f5896c9a67c09337f62afc17d020e7827ddb9cdd844e3729,0036d300256c76a4f5896c9a67c09337f62afc17d020e7827ddb9cdd844e3729,949.9999999999714,951.9999999999714,0.0,0.0,0.0,0.0,80,40,32.0,False,0.0,0.0,computed_reduced_circuit_not_author_reproduction
1012,40.0,paired,A,carry_trace,b906bebdc323eaf7ca80b77c,0036d300256c76a4f5896c9a67c09337f62afc17d020e7827ddb9cdd844e3729,fddf68a5c371f7af5e763435544310bab3a56543b5ac8efb8ac7beaec9ff57ec,3320.0000000000846,3322.0000000000846,0.0,0.5818079734459929,2.704170221079494e-10,0.5818079731755759,80,40,32.0,True,0.0716583038702513,0.5818079734459929,computed_reduced_circuit_not_author_reproduction
1012,40.0,paired,A,trace_reset_ablation,55a5549d17b0808428903a3f,0036d300256c76a4f5896c9a67c09337f62afc17d020e7827ddb9cdd844e3729,bfe57f2147c0e1e314b02b9c0ec5deddfb9a541a2a5c4ac2d2415f0eb3f51ca0,3320.0000000000846,3322.0000000000846,0.0,0.5818079733726859,0.0,0.5818079733726859,80,40,32.0,True,0.07165830385728411,0.5818079733726859,computed_reduced_circuit_not_author_reproduction
1012,40.0,paired,B,carry_trace,1ebfa5fffb7121d69a0f88ca,0036d300256c76a4f5896c9a67c09337f62afc17d020e7827ddb9cdd844e3729,a69608442d961afc12ff89ee264c6fcf7f41e6e729100518772596d66bc8812e,3320.0000000000846,3322.0000000000846,0.0,0.5789845855959097,2.7707258709597227e-10,0.5789845853188371,80,40,32.0,True,0.07713034617193837,0.5789845855959097,computed_reduced_circuit_not_author_reproduction
1012,40.0,paired,B,trace_reset_ablation,678d7641a37f5a824dc80455,0036d300256c76a4f5896c9a67c09337f62afc17d020e7827ddb9cdd844e3729,f8570bc42a61488508e7fcd428aa52b7ad8f9d2f01aa8cc66c60d63d0d0fe247,3320.0000000000846,3322.0000000000846,0.0,0.5789845855185485,0.0,0.5789845855185485,80,40,32.0,True,0.07713034615714875,0.5789845855185485,computed_reduced_circuit_not_author_reproduction
1012,40.0,explicitly_unpaired,A,carry_trace,a89f73e1e31540fce35a4fd5,0036d300256c76a4f5896c9a67c09337f62afc17d020e7827ddb9cdd844e3729,0036d300256c76a4f5896c9a67c09337f62afc17d020e7827ddb9cdd844e3729,3320.0000000000846,3322.0000000000846,0.0,0.0,0.0,0.0,80,40,32.0,False,0.0,0.0,computed_reduced_circuit_not_author_reproduction
1012,40.0,explicitly_unpaired,A,trace_reset_ablation,f77d525897153575e087aac8,0036d300256c76a4f5896c9a67c09337f62afc17d020e7827ddb9cdd844e3729,0036d300256c76a4f5896c9a67c09337f62afc17d020e7827ddb9cdd844e3729,3320.0000000000846,3322.0000000000846,0.0,0.0,0.0,0.0,80,40,32.0,False,0.0,0.0,computed_reduced_circuit_not_author_reproduction
1012,40.0,explicitly_unpaired,B,carry_trace,d893b2f803ecf67273067ee5,0036d300256c76a4f5896c9a67c09337f62afc17d020e7827ddb9cdd844e3729,0036d300256c76a4f5896c9a67c09337f62afc17d020e7827ddb9cdd844e3729,3320.0000000000846,3322.0000000000846,0.0,0.0,0.0,0.0,80,40,32.0,False,0.0,0.0,computed_reduced_circuit_not_author_reproduction
1012,40.0,explicitly_unpaired,B,trace_reset_ablation,64704534101857205eb2e64f,0036d300256c76a4f5896c9a67c09337f62afc17d020e7827ddb9cdd844e3729,0036d300256c76a4f5896c9a67c09337f62afc17d020e7827ddb9cdd844e3729,3320.0000000000846,3322.0000000000846,0.0,0.0,0.0,0.0,80,40,32.0,False,0.0,0.0,computed_reduced_circuit_not_author_reproduction
1012,40.0,no_reward,A,carry_trace,ce72489fbbd543910785c515,0036d300256c76a4f5896c9a67c09337f62afc17d020e7827ddb9cdd844e3729,0036d300256c76a4f5896c9a67c09337f62afc17d020e7827ddb9cdd844e3729,3320.0000000000846,3322.0000000000846,0.0,0.0,0.0,0.0,80,0,0.0,False,0.0,0.0,computed_reduced_circuit_not_author_reproduction
1012,40.0,no_reward,A,trace_reset_ablation,8e4938f9062a3c09214f9bd7,0036d300256c76a4f5896c9a67c09337f62afc17d020e7827ddb9cdd844e3729,0036d300256c76a4f5896c9a67c09337f62afc17d020e7827ddb9cdd844e3729,3320.0000000000846,3322.0000000000846,0.0,0.0,0.0,0.0,80,0,0.0,False,0.0,0.0,computed_reduced_circuit_not_author_reproduction
1012,40.0,no_reward,B,carry_trace,fde3a76c089cfc97e7890d77,0036d300256c76a4f5896c9a67c09337f62afc17d020e7827ddb9cdd844e3729,0036d300256c76a4f5896c9a67c09337f62afc17d020e7827ddb9cdd844e3729,3320.0000000000846,3322.0000000000846,0.0,0.0,0.0,0.0,80,0,0.0,False,0.0,0.0,computed_reduced_circuit_not_author_reproduction
1012,40.0,no_reward,B,trace_reset_ablation,8811a29d4f1712dacd38889b,0036d300256c76a4f5896c9a67c09337f62afc17d020e7827ddb9cdd844e3729,0036d300256c76a4f5896c9a67c09337f62afc17d020e7827ddb9cdd844e3729,3320.0000000000846,3322.0000000000846,0.0,0.0,0.0,0.0,80,0,0.0,False,0.0,0.0,computed_reduced_circuit_not_author_reproduction
1012,40.0,plasticity_disabled,A,carry_trace,bd7b1f8c6b3a900c711ddc1b,0036d300256c76a4f5896c9a67c09337f62afc17d020e7827ddb9cdd844e3729,0036d300256c76a4f5896c9a67c09337f62afc17d020e7827ddb9cdd844e3729,3320.0000000000846,3322.0000000000846,0.0,0.0,0.0,0.0,80,40,32.0,False,0.0,0.0,computed_reduced_circuit_not_author_reproduction
1012,40.0,plasticity_disabled,A,trace_reset_ablation,eb76158861f8310b96dc4b0a,0036d300256c76a4f5896c9a67c09337f62afc17d020e7827ddb9cdd844e3729,0036d300256c76a4f5896c9a67c09337f62afc17d020e7827ddb9cdd844e3729,3320.0000000000846,3322.0000000000846,0.0,0.0,0.0,0.0,80,40,32.0,False,0.0,0.0,computed_reduced_circuit_not_author_reproduction
1012,40.0,plasticity_disabled,B,carry_trace,19f9a1ee5abbc19844be10e9,0036d300256c76a4f5896c9a67c09337f62afc17d020e7827ddb9cdd844e3729,0036d300256c76a4f5896c9a67c09337f62afc17d020e7827ddb9cdd844e3729,3320.0000000000846,3322.0000000000846,0.0,0.0,0.0,0.0,80,40,32.0,False,0.0,0.0,computed_reduced_circuit_not_author_reproduction
1012,40.0,plasticity_disabled,B,trace_reset_ablation,4129abb555447b384b27d33c,0036d300256c76a4f5896c9a67c09337f62afc17d020e7827ddb9cdd844e3729,0036d300256c76a4f5896c9a67c09337f62afc17d020e7827ddb9cdd844e3729,3320.0000000000846,3322.0000000000846,0.0,0.0,0.0,0.0,80,40,32.0,False,0.0,0.0,computed_reduced_circuit_not_author_reproduction
1013,2.0,paired,A,carry_trace,589f948b6babb27653815cb6,0036d300256c76a4f5896c9a67c09337f62afc17d020e7827ddb9cdd844e3729,9ee644f102262afb7e0bf03a6e92a998a943c8b98bd5134943d727ddab75aa34,318.00000000001364,320.00000000001364,0.0,0.5864115310616704,0.0562675843472672,0.5301439467144032,80,40,32.0,True,0.07696187183411674,0.5864115310616704,computed_reduced_circuit_not_author_reproduction
1013,2.0,paired,A,trace_reset_ablation,bc2e5a917d692806f52c831c,0036d300256c76a4f5896c9a67c09337f62afc17d020e7827ddb9cdd844e3729,60ab2d0c5ac11dd9345bc37da59b4a668b98479b1b8d693420b8078f9268327c,318.00000000001364,320.00000000001364,0.0,0.5772927034220314,0.0,0.5772927034220314,80,40,32.0,True,0.07363173572399229,0.5772927034220314,computed_reduced_circuit_not_author_reproduction
1013,2.0,paired,B,carry_trace,2bff4de0f1d6c4001ef41fc5,0036d300256c76a4f5896c9a67c09337f62afc17d020e7827ddb9cdd844e3729,c3857ac58403a823396c7f70344e5e2ec76ebb4648dbffbdb3983878d9c0848c,318.00000000001364,320.00000000001364,0.0,0.5900049396503866,0.04991908364315012,0.5400858560072365,80,40,32.0,True,0.06977300955755883,0.5900049396503866,computed_reduced_circuit_not_author_reproduction
1013,2.0,paired,B,trace_reset_ablation,a78933243c5bb5ad5664f18f,0036d300256c76a4f5896c9a67c09337f62afc17d020e7827ddb9cdd844e3729,20a694e27d2d275f75d9c5d1417bdd036782081ec1303f9b5fcee314ce6a2b25,318.00000000001364,320.00000000001364,0.0,0.5825348963579543,0.0,0.5825348963579543,80,40,32.0,True,0.06705701848273693,0.5825348963579543,computed_reduced_circuit_not_author_reproduction
1013,2.0,explicitly_unpaired,A,carry_trace,585cfc9df2e0a2b47cd9cb81,0036d300256c76a4f5896c9a67c09337f62afc17d020e7827ddb9cdd844e3729,0036d300256c76a4f5896c9a67c09337f62afc17d020e7827ddb9cdd844e3729,318.00000000001353,320.00000000001353,0.0,0.0,0.0,0.0,80,40,32.0,False,0.0,0.0,computed_reduced_circuit_not_author_reproduction
1013,2.0,explicitly_unpaired,A,trace_reset_ablation,23777f8100c8b7d1a22bbee9,0036d300256c76a4f5896c9a67c09337f62afc17d020e7827ddb9cdd844e3729,0036d300256c76a4f5896c9a67c09337f62afc17d020e7827ddb9cdd844e3729,318.00000000001353,320.00000000001353,0.0,0.0,0.0,0.0,80,40,32.0,False,0.0,0.0,computed_reduced_circuit_not_author_reproduction
1013,2.0,explicitly_unpaired,B,carry_trace,b356343c4b6dab0039339195,0036d300256c76a4f5896c9a67c09337f62afc17d020e7827ddb9cdd844e3729,0036d300256c76a4f5896c9a67c09337f62afc17d020e7827ddb9cdd844e3729,318.00000000001353,320.00000000001353,0.0,0.0,0.0,0.0,80,40,32.0,False,0.0,0.0,computed_reduced_circuit_not_author_reproduction
1013,2.0,explicitly_unpaired,B,trace_reset_ablation,82a4ef4b285ad67dbac4296c,0036d300256c76a4f5896c9a67c09337f62afc17d020e7827ddb9cdd844e3729,0036d300256c76a4f5896c9a67c09337f62afc17d020e7827ddb9cdd844e3729,318.00000000001353,320.00000000001353,0.0,0.0,0.0,0.0,80,40,32.0,False,0.0,0.0,computed_reduced_circuit_not_author_reproduction
1013,2.0,no_reward,A,carry_trace,d6757ec14daa97c50a633f1f,0036d300256c76a4f5896c9a67c09337f62afc17d020e7827ddb9cdd844e3729,0036d300256c76a4f5896c9a67c09337f62afc17d020e7827ddb9cdd844e3729,318.00000000001364,320.00000000001364,0.0,0.0,0.0,0.0,80,0,0.0,False,0.0,0.0,computed_reduced_circuit_not_author_reproduction
1013,2.0,no_reward,A,trace_reset_ablation,f9bcab5b1a5727799bf79bd6,0036d300256c76a4f5896c9a67c09337f62afc17d020e7827ddb9cdd844e3729,0036d300256c76a4f5896c9a67c09337f62afc17d020e7827ddb9cdd844e3729,318.00000000001364,320.00000000001364,0.0,0.0,0.0,0.0,80,0,0.0,False,0.0,0.0,computed_reduced_circuit_not_author_reproduction
1013,2.0,no_reward,B,carry_trace,60034708c4146d3618767b0f,0036d300256c76a4f5896c9a67c09337f62afc17d020e7827ddb9cdd844e3729,0036d300256c76a4f5896c9a67c09337f62afc17d020e7827ddb9cdd844e3729,318.00000000001364,320.00000000001364,0.0,0.0,0.0,0.0,80,0,0.0,False,0.0,0.0,computed_reduced_circuit_not_author_reproduction
1013,2.0,no_reward,B,trace_reset_ablation,b0cb6c45b1ced75f621be7d1,0036d300256c76a4f5896c9a67c09337f62afc17d020e7827ddb9cdd844e3729,0036d300256c76a4f5896c9a67c09337f62afc17d020e7827ddb9cdd844e3729,318.00000000001364,320.00000000001364,0.0,0.0,0.0,0.0,80,0,0.0,False,0.0,0.0,computed_reduced_circuit_not_author_reproduction
1013,2.0,plasticity_disabled,A,carry_trace,cbabee10726704f20b901387,0036d300256c76a4f5896c9a67c09337f62afc17d020e7827ddb9cdd844e3729,0036d300256c76a4f5896c9a67c09337f62afc17d020e7827ddb9cdd844e3729,318.00000000001364,320.00000000001364,0.0,0.0,0.0,0.0,80,40,32.0,False,0.0,0.0,computed_reduced_circuit_not_author_reproduction
1013,2.0,plasticity_disabled,A,trace_reset_ablation,377ef8a30c1ded207e1764f3,0036d300256c76a4f5896c9a67c09337f62afc17d020e7827ddb9cdd844e3729,0036d300256c76a4f5896c9a67c09337f62afc17d020e7827ddb9cdd844e3729,318.00000000001364,320.00000000001364,0.0,0.0,0.0,0.0,80,40,32.0,False,0.0,0.0,computed_reduced_circuit_not_author_reproduction
1013,2.0,plasticity_disabled,B,carry_trace,05d9dedb1eed8e0cc704483d,0036d300256c76a4f5896c9a67c09337f62afc17d020e7827ddb9cdd844e3729,0036d300256c76a4f5896c9a67c09337f62afc17d020e7827ddb9cdd844e3729,318.00000000001364,320.00000000001364,0.0,0.0,0.0,0.0,80,40,32.0,False,0.0,0.0,computed_reduced_circuit_not_author_reproduction
1013,2.0,plasticity_disabled,B,trace_reset_ablation,51e5f8d2d48d81f6349e6394,0036d300256c76a4f5896c9a67c09337f62afc17d020e7827ddb9cdd844e3729,0036d300256c76a4f5896c9a67c09337f62afc17d020e7827ddb9cdd844e3729,318.00000000001364,320.00000000001364,0.0,0.0,0.0,0.0,80,40,32.0,False,0.0,0.0,computed_reduced_circuit_not_author_reproduction
1013,10.0,paired,A,carry_trace,5923733f4c876375adef9beb,0036d300256c76a4f5896c9a67c09337f62afc17d020e7827ddb9cdd844e3729,7d44270e0e4a96117faa11bf46d1d9958d52814221ecf03e434e49641ffe851f,949.9999999999714,951.9999999999714,0.0,0.5775439672091679,0.0009495775857530919,0.5765943896234148,80,40,32.0,True,0.07367810236717431,0.5775439672091679,computed_reduced_circuit_not_author_reproduction
1013,10.0,paired,A,trace_reset_ablation,419957f6c1a0360ff6c2bb32,0036d300256c76a4f5896c9a67c09337f62afc17d020e7827ddb9cdd844e3729,60ab2d0c5ac11dd9345bc37da59b4a668b98479b1b8d693420b8078f9268327c,949.9999999999714,951.9999999999714,0.0,0.5772927034220314,0.0,0.5772927034220314,80,40,32.0,True,0.07363173572399229,0.5772927034220314,computed_reduced_circuit_not_author_reproduction
1013,10.0,paired,B,carry_trace,683607919aff809b789fc3ec,0036d300256c76a4f5896c9a67c09337f62afc17d020e7827ddb9cdd844e3729,8a74c18b546f9956e91a7d1c0b74ceaeffae61282d151363210d68ecd33d30b0,949.9999999999714,951.9999999999714,0.0,0.5827692065365154,0.0008314404799425468,0.5819377660565729,80,40,32.0,True,0.06709615671803792,0.5827692065365154,computed_reduced_circuit_not_author_reproduction
1013,10.0,paired,B,trace_reset_ablation,065c3518c7784fcb652e65c4,0036d300256c76a4f5896c9a67c09337f62afc17d020e7827ddb9cdd844e3729,20a694e27d2d275f75d9c5d1417bdd036782081ec1303f9b5fcee314ce6a2b25,949.9999999999714,951.9999999999714,0.0,0.5825348963579543,0.0,0.5825348963579543,80,40,32.0,True,0.06705701848273693,0.5825348963579543,computed_reduced_circuit_not_author_reproduction
1013,10.0,explicitly_unpaired,A,carry_trace,879e7c41be5e762ca192dbf9,0036d300256c76a4f5896c9a67c09337f62afc17d020e7827ddb9cdd844e3729,0036d300256c76a4f5896c9a67c09337f62afc17d020e7827ddb9cdd844e3729,949.9999999999711,951.9999999999711,0.0,0.0,0.0,0.0,80,40,32.0,False,0.0,0.0,computed_reduced_circuit_not_author_reproduction
1013,10.0,explicitly_unpaired,A,trace_reset_ablation,30aa4b876cee4a35bf93f02a,0036d300256c76a4f5896c9a67c09337f62afc17d020e7827ddb9cdd844e3729,0036d300256c76a4f5896c9a67c09337f62afc17d020e7827ddb9cdd844e3729,949.9999999999711,951.9999999999711,0.0,0.0,0.0,0.0,80,40,32.0,False,0.0,0.0,computed_reduced_circuit_not_author_reproduction
1013,10.0,explicitly_unpaired,B,carry_trace,1aed52b94fc5fa9428738f2a,0036d300256c76a4f5896c9a67c09337f62afc17d020e7827ddb9cdd844e3729,0036d300256c76a4f5896c9a67c09337f62afc17d020e7827ddb9cdd844e3729,949.9999999999711,951.9999999999711,0.0,0.0,0.0,0.0,80,40,32.0,False,0.0,0.0,computed_reduced_circuit_not_author_reproduction
1013,10.0,explicitly_unpaired,B,trace_reset_ablation,02034d25a32b9bc4561d3f3d,0036d300256c76a4f5896c9a67c09337f62afc17d020e7827ddb9cdd844e3729,0036d300256c76a4f5896c9a67c09337f62afc17d020e7827ddb9cdd844e3729,949.9999999999711,951.9999999999711,0.0,0.0,0.0,0.0,80,40,32.0,False,0.0,0.0,computed_reduced_circuit_not_author_reproduction
1013,10.0,no_reward,A,carry_trace,f67f8608c68ddfaa74f0e79d,0036d300256c76a4f5896c9a67c09337f62afc17d020e7827ddb9cdd844e3729,0036d300256c76a4f5896c9a67c09337f62afc17d020e7827ddb9cdd844e3729,949.9999999999714,951.9999999999714,0.0,0.0,0.0,0.0,80,0,0.0,False,0.0,0.0,computed_reduced_circuit_not_author_reproduction
1013,10.0,no_reward,A,trace_reset_ablation,66196536f3e70752093ef433,0036d300256c76a4f5896c9a67c09337f62afc17d020e7827ddb9cdd844e3729,0036d300256c76a4f5896c9a67c09337f62afc17d020e7827ddb9cdd844e3729,949.9999999999714,951.9999999999714,0.0,0.0,0.0,0.0,80,0,0.0,False,0.0,0.0,computed_reduced_circuit_not_author_reproduction
1013,10.0,no_reward,B,carry_trace,108c87c164f04ea90f0800ed,0036d300256c76a4f5896c9a67c09337f62afc17d020e7827ddb9cdd844e3729,0036d300256c76a4f5896c9a67c09337f62afc17d020e7827ddb9cdd844e3729,949.9999999999714,951.9999999999714,0.0,0.0,0.0,0.0,80,0,0.0,False,0.0,0.0,computed_reduced_circuit_not_author_reproduction
1013,10.0,no_reward,B,trace_reset_ablation,2469debc7b446f6647406636,0036d300256c76a4f5896c9a67c09337f62afc17d020e7827ddb9cdd844e3729,0036d300256c76a4f5896c9a67c09337f62afc17d020e7827ddb9cdd844e3729,949.9999999999714,951.9999999999714,0.0,0.0,0.0,0.0,80,0,0.0,False,0.0,0.0,computed_reduced_circuit_not_author_reproduction
1013,10.0,plasticity_disabled,A,carry_trace,01bd1191a4b847aba11cfacf,0036d300256c76a4f5896c9a67c09337f62afc17d020e7827ddb9cdd844e3729,0036d300256c76a4f5896c9a67c09337f62afc17d020e7827ddb9cdd844e3729,949.9999999999714,951.9999999999714,0.0,0.0,0.0,0.0,80,40,32.0,False,0.0,0.0,computed_reduced_circuit_not_author_reproduction
1013,10.0,plasticity_disabled,A,trace_reset_ablation,10de9423b6540c0ce5793079,0036d300256c76a4f5896c9a67c09337f62afc17d020e7827ddb9cdd844e3729,0036d300256c76a4f5896c9a67c09337f62afc17d020e7827ddb9cdd844e3729,949.9999999999714,951.9999999999714,0.0,0.0,0.0,0.0,80,40,32.0,False,0.0,0.0,computed_reduced_circuit_not_author_reproduction
1013,10.0,plasticity_disabled,B,carry_trace,d1bc1690fcb4028f19842779,0036d300256c76a4f5896c9a67c09337f62afc17d020e7827ddb9cdd844e3729,0036d300256c76a4f5896c9a67c09337f62afc17d020e7827ddb9cdd844e3729,949.9999999999714,951.9999999999714,0.0,0.0,0.0,0.0,80,40,32.0,False,0.0,0.0,computed_reduced_circuit_not_author_reproduction
1013,10.0,plasticity_disabled,B,trace_reset_ablation,3cc106ebaaa5bec3c0c80b03,0036d300256c76a4f5896c9a67c09337f62afc17d020e7827ddb9cdd844e3729,0036d300256c76a4f5896c9a67c09337f62afc17d020e7827ddb9cdd844e3729,949.9999999999714,951.9999999999714,0.0,0.0,0.0,0.0,80,40,32.0,False,0.0,0.0,computed_reduced_circuit_not_author_reproduction
1013,40.0,paired,A,carry_trace,085c48b60a73c2a6b340444e,0036d300256c76a4f5896c9a67c09337f62afc17d020e7827ddb9cdd844e3729,7601212668f101b88a9dc40a58b67ae8e9de8eae7e32b02db73c20b08c43c4cb,3320.0000000000846,3322.0000000000846,0.0,0.577292703499342,2.9019742164848594e-10,0.5772927032091446,80,40,32.0,True,0.07363173573811821,0.577292703499342,computed_reduced_circuit_not_author_reproduction
1013,40.0,paired,A,trace_reset_ablation,e4c3a45bc5697226d395e89d,0036d300256c76a4f5896c9a67c09337f62afc17d020e7827ddb9cdd844e3729,60ab2d0c5ac11dd9345bc37da59b4a668b98479b1b8d693420b8078f9268327c,3320.0000000000846,3322.0000000000846,0.0,0.5772927034220314,0.0,0.5772927034220314,80,40,32.0,True,0.07363173572399229,0.5772927034220314,computed_reduced_circuit_not_author_reproduction
1013,40.0,paired,B,carry_trace,98ec69c57efff1f35ab6092b,0036d300256c76a4f5896c9a67c09337f62afc17d020e7827ddb9cdd844e3729,50da169d920082607eed1c9929907b16bf53eacddff3140b808fdb959a500319,3320.0000000000846,3322.0000000000846,0.0,0.5825348964301521,2.540234689263343e-10,0.5825348961761286,80,40,32.0,True,0.06705701849466739,0.5825348964301521,computed_reduced_circuit_not_author_reproduction
1013,40.0,paired,B,trace_reset_ablation,9dac827d9e90954ad9d240ad,0036d300256c76a4f5896c9a67c09337f62afc17d020e7827ddb9cdd844e3729,20a694e27d2d275f75d9c5d1417bdd036782081ec1303f9b5fcee314ce6a2b25,3320.0000000000846,3322.0000000000846,0.0,0.5825348963579543,0.0,0.5825348963579543,80,40,32.0,True,0.06705701848273693,0.5825348963579543,computed_reduced_circuit_not_author_reproduction
1013,40.0,explicitly_unpaired,A,carry_trace,c6a2255f22f5ce61fa3c4a7c,0036d300256c76a4f5896c9a67c09337f62afc17d020e7827ddb9cdd844e3729,0036d300256c76a4f5896c9a67c09337f62afc17d020e7827ddb9cdd844e3729,3320.0000000000846,3322.0000000000846,0.0,0.0,0.0,0.0,80,40,32.0,False,0.0,0.0,computed_reduced_circuit_not_author_reproduction
1013,40.0,explicitly_unpaired,A,trace_reset_ablation,86174ad7257513dc7e1cf65a,0036d300256c76a4f5896c9a67c09337f62afc17d020e7827ddb9cdd844e3729,0036d300256c76a4f5896c9a67c09337f62afc17d020e7827ddb9cdd844e3729,3320.0000000000846,3322.0000000000846,0.0,0.0,0.0,0.0,80,40,32.0,False,0.0,0.0,computed_reduced_circuit_not_author_reproduction
1013,40.0,explicitly_unpaired,B,carry_trace,d3b28132f5f3f8ccdef136b8,0036d300256c76a4f5896c9a67c09337f62afc17d020e7827ddb9cdd844e3729,0036d300256c76a4f5896c9a67c09337f62afc17d020e7827ddb9cdd844e3729,3320.0000000000846,3322.0000000000846,0.0,0.0,0.0,0.0,80,40,32.0,False,0.0,0.0,computed_reduced_circuit_not_author_reproduction
1013,40.0,explicitly_unpaired,B,trace_reset_ablation,4bec420b827cc3ec546308d4,0036d300256c76a4f5896c9a67c09337f62afc17d020e7827ddb9cdd844e3729,0036d300256c76a4f5896c9a67c09337f62afc17d020e7827ddb9cdd844e3729,3320.0000000000846,3322.0000000000846,0.0,0.0,0.0,0.0,80,40,32.0,False,0.0,0.0,computed_reduced_circuit_not_author_reproduction
1013,40.0,no_reward,A,carry_trace,fe95537651eea2a2b8fc68ef,0036d300256c76a4f5896c9a67c09337f62afc17d020e7827ddb9cdd844e3729,0036d300256c76a4f5896c9a67c09337f62afc17d020e7827ddb9cdd844e3729,3320.0000000000846,3322.0000000000846,0.0,0.0,0.0,0.0,80,0,0.0,False,0.0,0.0,computed_reduced_circuit_not_author_reproduction
1013,40.0,no_reward,A,trace_reset_ablation,0b10c0289be1803a47058271,0036d300256c76a4f5896c9a67c09337f62afc17d020e7827ddb9cdd844e3729,0036d300256c76a4f5896c9a67c09337f62afc17d020e7827ddb9cdd844e3729,3320.0000000000846,3322.0000000000846,0.0,0.0,0.0,0.0,80,0,0.0,False,0.0,0.0,computed_reduced_circuit_not_author_reproduction
1013,40.0,no_reward,B,carry_trace,1b97d8a9ee369419a11b1fa6,0036d300256c76a4f5896c9a67c09337f62afc17d020e7827ddb9cdd844e3729,0036d300256c76a4f5896c9a67c09337f62afc17d020e7827ddb9cdd844e3729,3320.0000000000846,3322.0000000000846,0.0,0.0,0.0,0.0,80,0,0.0,False,0.0,0.0,computed_reduced_circuit_not_author_reproduction
1013,40.0,no_reward,B,trace_reset_ablation,2e1820071e02b2441c1d4f86,0036d300256c76a4f5896c9a67c09337f62afc17d020e7827ddb9cdd844e3729,0036d300256c76a4f5896c9a67c09337f62afc17d020e7827ddb9cdd844e3729,3320.0000000000846,3322.0000000000846,0.0,0.0,0.0,0.0,80,0,0.0,False,0.0,0.0,computed_reduced_circuit_not_author_reproduction
1013,40.0,plasticity_disabled,A,carry_trace,07e5701ac67e95b2d3089e1e,0036d300256c76a4f5896c9a67c09337f62afc17d020e7827ddb9cdd844e3729,0036d300256c76a4f5896c9a67c09337f62afc17d020e7827ddb9cdd844e3729,3320.0000000000846,3322.0000000000846,0.0,0.0,0.0,0.0,80,40,32.0,False,0.0,0.0,computed_reduced_circuit_not_author_reproduction
1013,40.0,plasticity_disabled,A,trace_reset_ablation,69131eeba40561292dd8b717,0036d300256c76a4f5896c9a67c09337f62afc17d020e7827ddb9cdd844e3729,0036d300256c76a4f5896c9a67c09337f62afc17d020e7827ddb9cdd844e3729,3320.0000000000846,3322.0000000000846,0.0,0.0,0.0,0.0,80,40,32.0,False,0.0,0.0,computed_reduced_circuit_not_author_reproduction
1013,40.0,plasticity_disabled,B,carry_trace,748b67158149272a5d71f909,0036d300256c76a4f5896c9a67c09337f62afc17d020e7827ddb9cdd844e3729,0036d300256c76a4f5896c9a67c09337f62afc17d020e7827ddb9cdd844e3729,3320.0000000000846,3322.0000000000846,0.0,0.0,0.0,0.0,80,40,32.0,False,0.0,0.0,computed_reduced_circuit_not_author_reproduction
1013,40.0,plasticity_disabled,B,trace_reset_ablation,5b6afafa14ad98c96f050bae,0036d300256c76a4f5896c9a67c09337f62afc17d020e7827ddb9cdd844e3729,0036d300256c76a4f5896c9a67c09337f62afc17d020e7827ddb9cdd844e3729,3320.0000000000846,3322.0000000000846,0.0,0.0,0.0,0.0,80,40,32.0,False,0.0,0.0,computed_reduced_circuit_not_author_reproduction
1014,2.0,paired,A,carry_trace,53cd2c27e244a669f219143a,0036d300256c76a4f5896c9a67c09337f62afc17d020e7827ddb9cdd844e3729,2a91425721b52fafc954c83c2e0250d577ec1606676b8f4825c8aefc39810512,318.00000000001364,320.00000000001364,0.0,0.5887768894094304,0.04720908487812525,0.5415678045313052,80,40,32.0,True,0.07034729483354663,0.5887768894094304,computed_reduced_circuit_not_author_reproduction
1014,2.0,paired,A,trace_reset_ablation,dcfddb3f22bf42c47083ee3f,0036d300256c76a4f5896c9a67c09337f62afc17d020e7827ddb9cdd844e3729,988c64ca5f798a6749f69589cfed9ddd7a29e809aecd191c59bfd7ef5eba6012,318.00000000001364,320.00000000001364,0.0,0.5819815746957322,0.0,0.5819815746957322,80,40,32.0,True,0.06791979777195523,0.5819815746957322,computed_reduced_circuit_not_author_reproduction
1014,2.0,paired,B,carry_trace,2e62f74dcb0e2709a4747081,0036d300256c76a4f5896c9a67c09337f62afc17d020e7827ddb9cdd844e3729,2f269f80ea250e79407f015640b8b8284b345452d15f99c78b8741a309b590c3,318.00000000001364,320.00000000001364,0.0,0.5863997353718622,0.05361224354214722,0.532787491829715,80,40,32.0,True,0.07702062566955392,0.5863997353718622,computed_reduced_circuit_not_author_reproduction
1014,2.0,paired,B,trace_reset_ablation,aa8cad38e704382cfb764361,0036d300256c76a4f5896c9a67c09337f62afc17d020e7827ddb9cdd844e3729,eec3eb86cf9fe822303087a53d95250b90515d80ab024e09c13994edbc1b60b0,318.00000000001364,320.00000000001364,0.0,0.5780258590010383,0.0,0.5780258590010383,80,40,32.0,True,0.07403957737362299,0.5780258590010383,computed_reduced_circuit_not_author_reproduction
1014,2.0,explicitly_unpaired,A,carry_trace,0c2eeff3efb5d108ac443f4e,0036d300256c76a4f5896c9a67c09337f62afc17d020e7827ddb9cdd844e3729,0036d300256c76a4f5896c9a67c09337f62afc17d020e7827ddb9cdd844e3729,318.00000000001353,320.00000000001353,0.0,0.0,0.0,0.0,80,40,32.0,False,0.0,0.0,computed_reduced_circuit_not_author_reproduction
1014,2.0,explicitly_unpaired,A,trace_reset_ablation,e0b29b62e5f168d5d162e484,0036d300256c76a4f5896c9a67c09337f62afc17d020e7827ddb9cdd844e3729,0036d300256c76a4f5896c9a67c09337f62afc17d020e7827ddb9cdd844e3729,318.00000000001353,320.00000000001353,0.0,0.0,0.0,0.0,80,40,32.0,False,0.0,0.0,computed_reduced_circuit_not_author_reproduction
1014,2.0,explicitly_unpaired,B,carry_trace,10ff0a135668ff33f9c077e7,0036d300256c76a4f5896c9a67c09337f62afc17d020e7827ddb9cdd844e3729,0036d300256c76a4f5896c9a67c09337f62afc17d020e7827ddb9cdd844e3729,318.00000000001353,320.00000000001353,0.0,0.0,0.0,0.0,80,40,32.0,False,0.0,0.0,computed_reduced_circuit_not_author_reproduction
1014,2.0,explicitly_unpaired,B,trace_reset_ablation,f18d35c666012d812e0b87ea,0036d300256c76a4f5896c9a67c09337f62afc17d020e7827ddb9cdd844e3729,0036d300256c76a4f5896c9a67c09337f62afc17d020e7827ddb9cdd844e3729,318.00000000001353,320.00000000001353,0.0,0.0,0.0,0.0,80,40,32.0,False,0.0,0.0,computed_reduced_circuit_not_author_reproduction
1014,2.0,no_reward,A,carry_trace,28ff69c31a95cc47298cbe27,0036d300256c76a4f5896c9a67c09337f62afc17d020e7827ddb9cdd844e3729,0036d300256c76a4f5896c9a67c09337f62afc17d020e7827ddb9cdd844e3729,318.00000000001364,320.00000000001364,0.0,0.0,0.0,0.0,80,0,0.0,False,0.0,0.0,computed_reduced_circuit_not_author_reproduction
1014,2.0,no_reward,A,trace_reset_ablation,79f811e5550b0ffd7a65ee76,0036d300256c76a4f5896c9a67c09337f62afc17d020e7827ddb9cdd844e3729,0036d300256c76a4f5896c9a67c09337f62afc17d020e7827ddb9cdd844e3729,318.00000000001364,320.00000000001364,0.0,0.0,0.0,0.0,80,0,0.0,False,0.0,0.0,computed_reduced_circuit_not_author_reproduction
1014,2.0,no_reward,B,carry_trace,ad18a3db67572f5c921ff770,0036d300256c76a4f5896c9a67c09337f62afc17d020e7827ddb9cdd844e3729,0036d300256c76a4f5896c9a67c09337f62afc17d020e7827ddb9cdd844e3729,318.00000000001364,320.00000000001364,0.0,0.0,0.0,0.0,80,0,0.0,False,0.0,0.0,computed_reduced_circuit_not_author_reproduction
1014,2.0,no_reward,B,trace_reset_ablation,5b66ac347902dc347a8becb1,0036d300256c76a4f5896c9a67c09337f62afc17d020e7827ddb9cdd844e3729,0036d300256c76a4f5896c9a67c09337f62afc17d020e7827ddb9cdd844e3729,318.00000000001364,320.00000000001364,0.0,0.0,0.0,0.0,80,0,0.0,False,0.0,0.0,computed_reduced_circuit_not_author_reproduction
1014,2.0,plasticity_disabled,A,carry_trace,a949965d626bfc0106ce0e26,0036d300256c76a4f5896c9a67c09337f62afc17d020e7827ddb9cdd844e3729,0036d300256c76a4f5896c9a67c09337f62afc17d020e7827ddb9cdd844e3729,318.00000000001364,320.00000000001364,0.0,0.0,0.0,0.0,80,40,32.0,False,0.0,0.0,computed_reduced_circuit_not_author_reproduction
1014,2.0,plasticity_disabled,A,trace_reset_ablation,cb24749fbb37ae1be3021599,0036d300256c76a4f5896c9a67c09337f62afc17d020e7827ddb9cdd844e3729,0036d300256c76a4f5896c9a67c09337f62afc17d020e7827ddb9cdd844e3729,318.00000000001364,320.00000000001364,0.0,0.0,0.0,0.0,80,40,32.0,False,0.0,0.0,computed_reduced_circuit_not_author_reproduction
1014,2.0,plasticity_disabled,B,carry_trace,d2ba75aa20b841da6ad1e76d,0036d300256c76a4f5896c9a67c09337f62afc17d020e7827ddb9cdd844e3729,0036d300256c76a4f5896c9a67c09337f62afc17d020e7827ddb9cdd844e3729,318.00000000001364,320.00000000001364,0.0,0.0,0.0,0.0,80,40,32.0,False,0.0,0.0,computed_reduced_circuit_not_author_reproduction
1014,2.0,plasticity_disabled,B,trace_reset_ablation,bf1566dd754c1744f2ee40f2,0036d300256c76a4f5896c9a67c09337f62afc17d020e7827ddb9cdd844e3729,0036d300256c76a4f5896c9a67c09337f62afc17d020e7827ddb9cdd844e3729,318.00000000001364,320.00000000001364,0.0,0.0,0.0,0.0,80,40,32.0,False,0.0,0.0,computed_reduced_circuit_not_author_reproduction
1014,10.0,paired,A,carry_trace,2f72cfb92f7f03c6a804586a,0036d300256c76a4f5896c9a67c09337f62afc17d020e7827ddb9cdd844e3729,45ca2bab1583155a243ab4514ca1676b9dba6ac6f0075168bc9e932107cd1edb,949.9999999999714,951.9999999999714,0.0,0.5821901616865044,0.0007778233538857648,0.5814123383326186,80,40,32.0,True,0.06795508660123417,0.5821901616865044,computed_reduced_circuit_not_author_reproduction
1014,10.0,paired,A,trace_reset_ablation,274093138c6981126f44a10b,0036d300256c76a4f5896c9a67c09337f62afc17d020e7827ddb9cdd844e3729,988c64ca5f798a6749f69589cfed9ddd7a29e809aecd191c59bfd7ef5eba6012,949.9999999999714,951.9999999999714,0.0,0.5819815746957322,0.0,0.5819815746957322,80,40,32.0,True,0.06791979777195523,0.5819815746957322,computed_reduced_circuit_not_author_reproduction
1014,10.0,paired,B,carry_trace,2d5e52a483a29513639f3cf1,0036d300256c76a4f5896c9a67c09337f62afc17d020e7827ddb9cdd844e3729,66265cfb18e66e7b24abb919e8e1a71267d68dedffadca5136bc830c0124cab1,949.9999999999714,951.9999999999714,0.0,0.5782496180537574,0.0008976732420771238,0.5773519448116803,80,40,32.0,True,0.0740810394653747,0.5782496180537574,computed_reduced_circuit_not_author_reproduction
1014,10.0,paired,B,trace_reset_ablation,56ff464de1b1cd90b6190ec6,0036d300256c76a4f5896c9a67c09337f62afc17d020e7827ddb9cdd844e3729,eec3eb86cf9fe822303087a53d95250b90515d80ab024e09c13994edbc1b60b0,949.9999999999714,951.9999999999714,0.0,0.5780258590010383,0.0,0.5780258590010383,80,40,32.0,True,0.07403957737362299,0.5780258590010383,computed_reduced_circuit_not_author_reproduction
1014,10.0,explicitly_unpaired,A,carry_trace,e409e263784a860346995b39,0036d300256c76a4f5896c9a67c09337f62afc17d020e7827ddb9cdd844e3729,0036d300256c76a4f5896c9a67c09337f62afc17d020e7827ddb9cdd844e3729,949.9999999999711,951.9999999999711,0.0,0.0,0.0,0.0,80,40,32.0,False,0.0,0.0,computed_reduced_circuit_not_author_reproduction
1014,10.0,explicitly_unpaired,A,trace_reset_ablation,edc53a1cfbab53ad1194c3de,0036d300256c76a4f5896c9a67c09337f62afc17d020e7827ddb9cdd844e3729,0036d300256c76a4f5896c9a67c09337f62afc17d020e7827ddb9cdd844e3729,949.9999999999711,951.9999999999711,0.0,0.0,0.0,0.0,80,40,32.0,False,0.0,0.0,computed_reduced_circuit_not_author_reproduction
1014,10.0,explicitly_unpaired,B,carry_trace,ed3aa9de6c3b53ab7d1a4e3b,0036d300256c76a4f5896c9a67c09337f62afc17d020e7827ddb9cdd844e3729,0036d300256c76a4f5896c9a67c09337f62afc17d020e7827ddb9cdd844e3729,949.9999999999711,951.9999999999711,0.0,0.0,0.0,0.0,80,40,32.0,False,0.0,0.0,computed_reduced_circuit_not_author_reproduction
1014,10.0,explicitly_unpaired,B,trace_reset_ablation,1e4966bbcbd44f0e95e508d9,0036d300256c76a4f5896c9a67c09337f62afc17d020e7827ddb9cdd844e3729,0036d300256c76a4f5896c9a67c09337f62afc17d020e7827ddb9cdd844e3729,949.9999999999711,951.9999999999711,0.0,0.0,0.0,0.0,80,40,32.0,False,0.0,0.0,computed_reduced_circuit_not_author_reproduction
1014,10.0,no_reward,A,carry_trace,4bb17cb2e95e6f8d38997115,0036d300256c76a4f5896c9a67c09337f62afc17d020e7827ddb9cdd844e3729,0036d300256c76a4f5896c9a67c09337f62afc17d020e7827ddb9cdd844e3729,949.9999999999714,951.9999999999714,0.0,0.0,0.0,0.0,80,0,0.0,False,0.0,0.0,computed_reduced_circuit_not_author_reproduction
1014,10.0,no_reward,A,trace_reset_ablation,98cd68a265e2fea7df07345b,0036d300256c76a4f5896c9a67c09337f62afc17d020e7827ddb9cdd844e3729,0036d300256c76a4f5896c9a67c09337f62afc17d020e7827ddb9cdd844e3729,949.9999999999714,951.9999999999714,0.0,0.0,0.0,0.0,80,0,0.0,False,0.0,0.0,computed_reduced_circuit_not_author_reproduction
1014,10.0,no_reward,B,carry_trace,733bd2f91c1e3cdacf6a8520,0036d300256c76a4f5896c9a67c09337f62afc17d020e7827ddb9cdd844e3729,0036d300256c76a4f5896c9a67c09337f62afc17d020e7827ddb9cdd844e3729,949.9999999999714,951.9999999999714,0.0,0.0,0.0,0.0,80,0,0.0,False,0.0,0.0,computed_reduced_circuit_not_author_reproduction
1014,10.0,no_reward,B,trace_reset_ablation,54d2ee12cea78d7a035912e7,0036d300256c76a4f5896c9a67c09337f62afc17d020e7827ddb9cdd844e3729,0036d300256c76a4f5896c9a67c09337f62afc17d020e7827ddb9cdd844e3729,949.9999999999714,951.9999999999714,0.0,0.0,0.0,0.0,80,0,0.0,False,0.0,0.0,computed_reduced_circuit_not_author_reproduction
1014,10.0,plasticity_disabled,A,carry_trace,075831882825ad61f28c928e,0036d300256c76a4f5896c9a67c09337f62afc17d020e7827ddb9cdd844e3729,0036d300256c76a4f5896c9a67c09337f62afc17d020e7827ddb9cdd844e3729,949.9999999999714,951.9999999999714,0.0,0.0,0.0,0.0,80,40,32.0,False,0.0,0.0,computed_reduced_circuit_not_author_reproduction
1014,10.0,plasticity_disabled,A,trace_reset_ablation,7aad8164bcfd986caffd2a4a,0036d300256c76a4f5896c9a67c09337f62afc17d020e7827ddb9cdd844e3729,0036d300256c76a4f5896c9a67c09337f62afc17d020e7827ddb9cdd844e3729,949.9999999999714,951.9999999999714,0.0,0.0,0.0,0.0,80,40,32.0,False,0.0,0.0,computed_reduced_circuit_not_author_reproduction
1014,10.0,plasticity_disabled,B,carry_trace,f8762592f1e08938964c1d3c,0036d300256c76a4f5896c9a67c09337f62afc17d020e7827ddb9cdd844e3729,0036d300256c76a4f5896c9a67c09337f62afc17d020e7827ddb9cdd844e3729,949.9999999999714,951.9999999999714,0.0,0.0,0.0,0.0,80,40,32.0,False,0.0,0.0,computed_reduced_circuit_not_author_reproduction
1014,10.0,plasticity_disabled,B,trace_reset_ablation,9d8c92a9a70626508eba665e,0036d300256c76a4f5896c9a67c09337f62afc17d020e7827ddb9cdd844e3729,0036d300256c76a4f5896c9a67c09337f62afc17d020e7827ddb9cdd844e3729,949.9999999999714,951.9999999999714,0.0,0.0,0.0,0.0,80,40,32.0,False,0.0,0.0,computed_reduced_circuit_not_author_reproduction
1014,40.0,paired,A,carry_trace,1da8008f53c31a3453a40172,0036d300256c76a4f5896c9a67c09337f62afc17d020e7827ddb9cdd844e3729,cb47eee685f286c1067740bc228879c4f7cfd1bb734869abffdb0b26cc17b0a0,3320.0000000000846,3322.0000000000846,0.0,0.5819815747599673,2.375735164150683e-10,0.5819815745223937,80,40,32.0,True,0.06791979778271495,0.5819815747599673,computed_reduced_circuit_not_author_reproduction
1014,40.0,paired,A,trace_reset_ablation,d79d494838725090fbcf2de8,0036d300256c76a4f5896c9a67c09337f62afc17d020e7827ddb9cdd844e3729,988c64ca5f798a6749f69589cfed9ddd7a29e809aecd191c59bfd7ef5eba6012,3320.0000000000846,3322.0000000000846,0.0,0.5819815746957322,0.0,0.5819815746957322,80,40,32.0,True,0.06791979777195523,0.5819815746957322,computed_reduced_circuit_not_author_reproduction
1014,40.0,paired,B,carry_trace,ee68c63cf60e01682bb0056b,0036d300256c76a4f5896c9a67c09337f62afc17d020e7827ddb9cdd844e3729,7b132da37be2c66ccf282d6948a62d45d06e1f0ae39d9afebbb7863d21236625,3320.0000000000846,3322.0000000000846,0.0,0.5780258590698396,2.7427282667247255e-10,0.5780258587955668,80,40,32.0,True,0.074039577386255,0.5780258590698396,computed_reduced_circuit_not_author_reproduction
1014,40.0,paired,B,trace_reset_ablation,0b7190f9fde53d70e5ca5251,0036d300256c76a4f5896c9a67c09337f62afc17d020e7827ddb9cdd844e3729,eec3eb86cf9fe822303087a53d95250b90515d80ab024e09c13994edbc1b60b0,3320.0000000000846,3322.0000000000846,0.0,0.5780258590010383,0.0,0.5780258590010383,80,40,32.0,True,0.07403957737362299,0.5780258590010383,computed_reduced_circuit_not_author_reproduction
1014,40.0,explicitly_unpaired,A,carry_trace,77eaf15bb910ab0eb760a85b,0036d300256c76a4f5896c9a67c09337f62afc17d020e7827ddb9cdd844e3729,0036d300256c76a4f5896c9a67c09337f62afc17d020e7827ddb9cdd844e3729,3320.0000000000846,3322.0000000000846,0.0,0.0,0.0,0.0,80,40,32.0,False,0.0,0.0,computed_reduced_circuit_not_author_reproduction
1014,40.0,explicitly_unpaired,A,trace_reset_ablation,c971ac5e6b2c517479c1019b,0036d300256c76a4f5896c9a67c09337f62afc17d020e7827ddb9cdd844e3729,0036d300256c76a4f5896c9a67c09337f62afc17d020e7827ddb9cdd844e3729,3320.0000000000846,3322.0000000000846,0.0,0.0,0.0,0.0,80,40,32.0,False,0.0,0.0,computed_reduced_circuit_not_author_reproduction
1014,40.0,explicitly_unpaired,B,carry_trace,50e1262594253e86c11e8997,0036d300256c76a4f5896c9a67c09337f62afc17d020e7827ddb9cdd844e3729,0036d300256c76a4f5896c9a67c09337f62afc17d020e7827ddb9cdd844e3729,3320.0000000000846,3322.0000000000846,0.0,0.0,0.0,0.0,80,40,32.0,False,0.0,0.0,computed_reduced_circuit_not_author_reproduction
1014,40.0,explicitly_unpaired,B,trace_reset_ablation,69a2a11125965843ec321c89,0036d300256c76a4f5896c9a67c09337f62afc17d020e7827ddb9cdd844e3729,0036d300256c76a4f5896c9a67c09337f62afc17d020e7827ddb9cdd844e3729,3320.0000000000846,3322.0000000000846,0.0,0.0,0.0,0.0,80,40,32.0,False,0.0,0.0,computed_reduced_circuit_not_author_reproduction
1014,40.0,no_reward,A,carry_trace,524b2655c7b86ed112471276,0036d300256c76a4f5896c9a67c09337f62afc17d020e7827ddb9cdd844e3729,0036d300256c76a4f5896c9a67c09337f62afc17d020e7827ddb9cdd844e3729,3320.0000000000846,3322.0000000000846,0.0,0.0,0.0,0.0,80,0,0.0,False,0.0,0.0,computed_reduced_circuit_not_author_reproduction
1014,40.0,no_reward,A,trace_reset_ablation,cb0b8425cd19457010645ee3,0036d300256c76a4f5896c9a67c09337f62afc17d020e7827ddb9cdd844e3729,0036d300256c76a4f5896c9a67c09337f62afc17d020e7827ddb9cdd844e3729,3320.0000000000846,3322.0000000000846,0.0,0.0,0.0,0.0,80,0,0.0,False,0.0,0.0,computed_reduced_circuit_not_author_reproduction
1014,40.0,no_reward,B,carry_trace,49ccb559fb9db9e79c12dbd5,0036d300256c76a4f5896c9a67c09337f62afc17d020e7827ddb9cdd844e3729,0036d300256c76a4f5896c9a67c09337f62afc17d020e7827ddb9cdd844e3729,3320.0000000000846,3322.0000000000846,0.0,0.0,0.0,0.0,80,0,0.0,False,0.0,0.0,computed_reduced_circuit_not_author_reproduction
1014,40.0,no_reward,B,trace_reset_ablation,e13c5c933f110fc6941c5289,0036d300256c76a4f5896c9a67c09337f62afc17d020e7827ddb9cdd844e3729,0036d300256c76a4f5896c9a67c09337f62afc17d020e7827ddb9cdd844e3729,3320.0000000000846,3322.0000000000846,0.0,0.0,0.0,0.0,80,0,0.0,False,0.0,0.0,computed_reduced_circuit_not_author_reproduction
1014,40.0,plasticity_disabled,A,carry_trace,0b2678fdadac9b474592ed24,0036d300256c76a4f5896c9a67c09337f62afc17d020e7827ddb9cdd844e3729,0036d300256c76a4f5896c9a67c09337f62afc17d020e7827ddb9cdd844e3729,3320.0000000000846,3322.0000000000846,0.0,0.0,0.0,0.0,80,40,32.0,False,0.0,0.0,computed_reduced_circuit_not_author_reproduction
1014,40.0,plasticity_disabled,A,trace_reset_ablation,61bb2bdf0cc745fb7d8bc131,0036d300256c76a4f5896c9a67c09337f62afc17d020e7827ddb9cdd844e3729,0036d300256c76a4f5896c9a67c09337f62afc17d020e7827ddb9cdd844e3729,3320.0000000000846,3322.0000000000846,0.0,0.0,0.0,0.0,80,40,32.0,False,0.0,0.0,computed_reduced_circuit_not_author_reproduction
1014,40.0,plasticity_disabled,B,carry_trace,4b36e3620801070cb8b8c153,0036d300256c76a4f5896c9a67c09337f62afc17d020e7827ddb9cdd844e3729,0036d300256c76a4f5896c9a67c09337f62afc17d020e7827ddb9cdd844e3729,3320.0000000000846,3322.0000000000846,0.0,0.0,0.0,0.0,80,40,32.0,False,0.0,0.0,computed_reduced_circuit_not_author_reproduction
1014,40.0,plasticity_disabled,B,trace_reset_ablation,ae8b61126f3abc894fd235cc,0036d300256c76a4f5896c9a67c09337f62afc17d020e7827ddb9cdd844e3729,0036d300256c76a4f5896c9a67c09337f62afc17d020e7827ddb9cdd844e3729,3320.0000000000846,3322.0000000000846,0.0,0.0,0.0,0.0,80,40,32.0,False,0.0,0.0,computed_reduced_circuit_not_author_reproduction
1015,2.0,paired,A,carry_trace,1cca3bfbd1cf4b4a3a2492de,0036d300256c76a4f5896c9a67c09337f62afc17d020e7827ddb9cdd844e3729,fd99b46b389276d0c67562ebc584faf058ce765712a5f61e4ed2136f15e0b2b8,318.00000000001364,320.00000000001364,0.0,0.5805162993635711,0.05504390664333314,0.5254723927202379,80,40,32.0,True,0.09014739729623023,0.5805162993635711,computed_reduced_circuit_not_author_reproduction
1015,2.0,paired,A,trace_reset_ablation,e0dc6854f43b5655723846c7,0036d300256c76a4f5896c9a67c09337f62afc17d020e7827ddb9cdd844e3729,8e675ffd89b22c09dfcb9bb88329cffb067d5318d65c6ba4523a76ab2083c5b4,318.00000000001364,320.00000000001364,0.0,0.5708541878739263,0.0,0.5708541878739263,80,40,32.0,True,0.08628086783436689,0.5708541878739263,computed_reduced_circuit_not_author_reproduction
1015,2.0,paired,B,carry_trace,87b15a18ebde1122c01eee27,0036d300256c76a4f5896c9a67c09337f62afc17d020e7827ddb9cdd844e3729,6c2230ebb948d96b2c409f50a3d5e08e466d44f6091a287fcf2a26a4d89c6e89,318.00000000001364,320.00000000001364,0.0,0.5980027412960423,0.0491156176566695,0.5488871236393728,80,40,32.0,True,0.07540785331777211,0.5980027412960423,computed_reduced_circuit_not_author_reproduction
1015,2.0,paired,B,trace_reset_ablation,a110f424f03edfc75583091c,0036d300256c76a4f5896c9a67c09337f62afc17d020e7827ddb9cdd844e3729,9bf9416eee8fb085f4d90c7ecf9efa522a3521097a7e2c9fd4b92bc79001f3ba,318.00000000001364,320.00000000001364,0.0,0.5902276556616056,0.0,0.5902276556616056,80,40,32.0,True,0.07250344688299026,0.5902276556616056,computed_reduced_circuit_not_author_reproduction
1015,2.0,explicitly_unpaired,A,carry_trace,420705fbee3103b49a8dc9dd,0036d300256c76a4f5896c9a67c09337f62afc17d020e7827ddb9cdd844e3729,0036d300256c76a4f5896c9a67c09337f62afc17d020e7827ddb9cdd844e3729,318.00000000001353,320.00000000001353,0.0,0.0,0.0,0.0,80,40,32.0,False,0.0,0.0,computed_reduced_circuit_not_author_reproduction
1015,2.0,explicitly_unpaired,A,trace_reset_ablation,66e0e74958694c8210f86d24,0036d300256c76a4f5896c9a67c09337f62afc17d020e7827ddb9cdd844e3729,0036d300256c76a4f5896c9a67c09337f62afc17d020e7827ddb9cdd844e3729,318.00000000001353,320.00000000001353,0.0,0.0,0.0,0.0,80,40,32.0,False,0.0,0.0,computed_reduced_circuit_not_author_reproduction
1015,2.0,explicitly_unpaired,B,carry_trace,d2e79d7f70af30f60d86fd75,0036d300256c76a4f5896c9a67c09337f62afc17d020e7827ddb9cdd844e3729,0036d300256c76a4f5896c9a67c09337f62afc17d020e7827ddb9cdd844e3729,318.00000000001353,320.00000000001353,0.0,0.0,0.0,0.0,80,40,32.0,False,0.0,0.0,computed_reduced_circuit_not_author_reproduction
1015,2.0,explicitly_unpaired,B,trace_reset_ablation,b300f1982f7f2e7bda6de69d,0036d300256c76a4f5896c9a67c09337f62afc17d020e7827ddb9cdd844e3729,0036d300256c76a4f5896c9a67c09337f62afc17d020e7827ddb9cdd844e3729,318.00000000001353,320.00000000001353,0.0,0.0,0.0,0.0,80,40,32.0,False,0.0,0.0,computed_reduced_circuit_not_author_reproduction
1015,2.0,no_reward,A,carry_trace,ba308f6b8fcb846d9eadf52f,0036d300256c76a4f5896c9a67c09337f62afc17d020e7827ddb9cdd844e3729,0036d300256c76a4f5896c9a67c09337f62afc17d020e7827ddb9cdd844e3729,318.00000000001364,320.00000000001364,0.0,0.0,0.0,0.0,80,0,0.0,False,0.0,0.0,computed_reduced_circuit_not_author_reproduction
1015,2.0,no_reward,A,trace_reset_ablation,d3cd70052de356ade0e55c9c,0036d300256c76a4f5896c9a67c09337f62afc17d020e7827ddb9cdd844e3729,0036d300256c76a4f5896c9a67c09337f62afc17d020e7827ddb9cdd844e3729,318.00000000001364,320.00000000001364,0.0,0.0,0.0,0.0,80,0,0.0,False,0.0,0.0,computed_reduced_circuit_not_author_reproduction
1015,2.0,no_reward,B,carry_trace,4b07d18020af07a4f2c9b819,0036d300256c76a4f5896c9a67c09337f62afc17d020e7827ddb9cdd844e3729,0036d300256c76a4f5896c9a67c09337f62afc17d020e7827ddb9cdd844e3729,318.00000000001364,320.00000000001364,0.0,0.0,0.0,0.0,80,0,0.0,False,0.0,0.0,computed_reduced_circuit_not_author_reproduction
1015,2.0,no_reward,B,trace_reset_ablation,f077768356bf9bebae431cdd,0036d300256c76a4f5896c9a67c09337f62afc17d020e7827ddb9cdd844e3729,0036d300256c76a4f5896c9a67c09337f62afc17d020e7827ddb9cdd844e3729,318.00000000001364,320.00000000001364,0.0,0.0,0.0,0.0,80,0,0.0,False,0.0,0.0,computed_reduced_circuit_not_author_reproduction
1015,2.0,plasticity_disabled,A,carry_trace,51cf7c7364bb38f0a6e02260,0036d300256c76a4f5896c9a67c09337f62afc17d020e7827ddb9cdd844e3729,0036d300256c76a4f5896c9a67c09337f62afc17d020e7827ddb9cdd844e3729,318.00000000001364,320.00000000001364,0.0,0.0,0.0,0.0,80,40,32.0,False,0.0,0.0,computed_reduced_circuit_not_author_reproduction
1015,2.0,plasticity_disabled,A,trace_reset_ablation,0729259e571aab754cd89439,0036d300256c76a4f5896c9a67c09337f62afc17d020e7827ddb9cdd844e3729,0036d300256c76a4f5896c9a67c09337f62afc17d020e7827ddb9cdd844e3729,318.00000000001364,320.00000000001364,0.0,0.0,0.0,0.0,80,40,32.0,False,0.0,0.0,computed_reduced_circuit_not_author_reproduction
1015,2.0,plasticity_disabled,B,carry_trace,6dad43d1e3aa849bf070eafb,0036d300256c76a4f5896c9a67c09337f62afc17d020e7827ddb9cdd844e3729,0036d300256c76a4f5896c9a67c09337f62afc17d020e7827ddb9cdd844e3729,318.00000000001364,320.00000000001364,0.0,0.0,0.0,0.0,80,40,32.0,False,0.0,0.0,computed_reduced_circuit_not_author_reproduction
1015,2.0,plasticity_disabled,B,trace_reset_ablation,69da287d4ab42e78bef91aab,0036d300256c76a4f5896c9a67c09337f62afc17d020e7827ddb9cdd844e3729,0036d300256c76a4f5896c9a67c09337f62afc17d020e7827ddb9cdd844e3729,318.00000000001364,320.00000000001364,0.0,0.0,0.0,0.0,80,40,32.0,False,0.0,0.0,computed_reduced_circuit_not_author_reproduction
1015,10.0,paired,A,carry_trace,19e6912c1b96c5d06b5f889c,0036d300256c76a4f5896c9a67c09337f62afc17d020e7827ddb9cdd844e3729,cfdb39414c93eb88a86d50019146222a9ffd89caeafd0f758ade18f0ff157822,949.9999999999714,951.9999999999714,0.0,0.5711122550150174,0.0009211207191124338,0.570191134295905,80,40,32.0,True,0.08633708939197354,0.5711122550150174,computed_reduced_circuit_not_author_reproduction
1015,10.0,paired,A,trace_reset_ablation,80128c78ae76d0f0faa53115,0036d300256c76a4f5896c9a67c09337f62afc17d020e7827ddb9cdd844e3729,8e675ffd89b22c09dfcb9bb88329cffb067d5318d65c6ba4523a76ab2083c5b4,949.9999999999714,951.9999999999714,0.0,0.5708541878739263,0.0,0.5708541878739263,80,40,32.0,True,0.08628086783436689,0.5708541878739263,computed_reduced_circuit_not_author_reproduction
1015,10.0,paired,B,carry_trace,5eabc5824fda05758c60f193,0036d300256c76a4f5896c9a67c09337f62afc17d020e7827ddb9cdd844e3729,5a9d8f2385499a2b00c84fab978569ecd0f36f21c929b2d73a7d9250cb3eafcc,949.9999999999714,951.9999999999714,0.0,0.5904501871248682,0.0008078771839457044,0.5896423099409225,80,40,32.0,True,0.07254333962810333,0.5904501871248682,computed_reduced_circuit_not_author_reproduction
1015,10.0,paired,B,trace_reset_ablation,dc5e604219c0bfa39c5b2957,0036d300256c76a4f5896c9a67c09337f62afc17d020e7827ddb9cdd844e3729,9bf9416eee8fb085f4d90c7ecf9efa522a3521097a7e2c9fd4b92bc79001f3ba,949.9999999999714,951.9999999999714,0.0,0.5902276556616056,0.0,0.5902276556616056,80,40,32.0,True,0.07250344688299026,0.5902276556616056,computed_reduced_circuit_not_author_reproduction
1015,10.0,explicitly_unpaired,A,carry_trace,db6a2ab22ee3977111cc8a17,0036d300256c76a4f5896c9a67c09337f62afc17d020e7827ddb9cdd844e3729,0036d300256c76a4f5896c9a67c09337f62afc17d020e7827ddb9cdd844e3729,949.9999999999711,951.9999999999711,0.0,0.0,0.0,0.0,80,40,32.0,False,0.0,0.0,computed_reduced_circuit_not_author_reproduction
1015,10.0,explicitly_unpaired,A,trace_reset_ablation,d201d46840b809c9ebc1013f,0036d300256c76a4f5896c9a67c09337f62afc17d020e7827ddb9cdd844e3729,0036d300256c76a4f5896c9a67c09337f62afc17d020e7827ddb9cdd844e3729,949.9999999999711,951.9999999999711,0.0,0.0,0.0,0.0,80,40,32.0,False,0.0,0.0,computed_reduced_circuit_not_author_reproduction
1015,10.0,explicitly_unpaired,B,carry_trace,689b6c15dc180b3710e69bf1,0036d300256c76a4f5896c9a67c09337f62afc17d020e7827ddb9cdd844e3729,0036d300256c76a4f5896c9a67c09337f62afc17d020e7827ddb9cdd844e3729,949.9999999999711,951.9999999999711,0.0,0.0,0.0,0.0,80,40,32.0,False,0.0,0.0,computed_reduced_circuit_not_author_reproduction
1015,10.0,explicitly_unpaired,B,trace_reset_ablation,5dd205b270ae6ac5df8b57d5,0036d300256c76a4f5896c9a67c09337f62afc17d020e7827ddb9cdd844e3729,0036d300256c76a4f5896c9a67c09337f62afc17d020e7827ddb9cdd844e3729,949.9999999999711,951.9999999999711,0.0,0.0,0.0,0.0,80,40,32.0,False,0.0,0.0,computed_reduced_circuit_not_author_reproduction
1015,10.0,no_reward,A,carry_trace,0468b920eb3fffe9ee15a098,0036d300256c76a4f5896c9a67c09337f62afc17d020e7827ddb9cdd844e3729,0036d300256c76a4f5896c9a67c09337f62afc17d020e7827ddb9cdd844e3729,949.9999999999714,951.9999999999714,0.0,0.0,0.0,0.0,80,0,0.0,False,0.0,0.0,computed_reduced_circuit_not_author_reproduction
1015,10.0,no_reward,A,trace_reset_ablation,fee10face873ee3426d699b1,0036d300256c76a4f5896c9a67c09337f62afc17d020e7827ddb9cdd844e3729,0036d300256c76a4f5896c9a67c09337f62afc17d020e7827ddb9cdd844e3729,949.9999999999714,951.9999999999714,0.0,0.0,0.0,0.0,80,0,0.0,False,0.0,0.0,computed_reduced_circuit_not_author_reproduction
1015,10.0,no_reward,B,carry_trace,091119ecb06b65b1bb4bfa29,0036d300256c76a4f5896c9a67c09337f62afc17d020e7827ddb9cdd844e3729,0036d300256c76a4f5896c9a67c09337f62afc17d020e7827ddb9cdd844e3729,949.9999999999714,951.9999999999714,0.0,0.0,0.0,0.0,80,0,0.0,False,0.0,0.0,computed_reduced_circuit_not_author_reproduction
1015,10.0,no_reward,B,trace_reset_ablation,b867e53da8b45fed54290662,0036d300256c76a4f5896c9a67c09337f62afc17d020e7827ddb9cdd844e3729,0036d300256c76a4f5896c9a67c09337f62afc17d020e7827ddb9cdd844e3729,949.9999999999714,951.9999999999714,0.0,0.0,0.0,0.0,80,0,0.0,False,0.0,0.0,computed_reduced_circuit_not_author_reproduction
1015,10.0,plasticity_disabled,A,carry_trace,252b328302780bd49e45f44d,0036d300256c76a4f5896c9a67c09337f62afc17d020e7827ddb9cdd844e3729,0036d300256c76a4f5896c9a67c09337f62afc17d020e7827ddb9cdd844e3729,949.9999999999714,951.9999999999714,0.0,0.0,0.0,0.0,80,40,32.0,False,0.0,0.0,computed_reduced_circuit_not_author_reproduction
1015,10.0,plasticity_disabled,A,trace_reset_ablation,2083bf1a8c3c858bedd5b06a,0036d300256c76a4f5896c9a67c09337f62afc17d020e7827ddb9cdd844e3729,0036d300256c76a4f5896c9a67c09337f62afc17d020e7827ddb9cdd844e3729,949.9999999999714,951.9999999999714,0.0,0.0,0.0,0.0,80,40,32.0,False,0.0,0.0,computed_reduced_circuit_not_author_reproduction
1015,10.0,plasticity_disabled,B,carry_trace,f4f01b847dac567570cdb078,0036d300256c76a4f5896c9a67c09337f62afc17d020e7827ddb9cdd844e3729,0036d300256c76a4f5896c9a67c09337f62afc17d020e7827ddb9cdd844e3729,949.9999999999714,951.9999999999714,0.0,0.0,0.0,0.0,80,40,32.0,False,0.0,0.0,computed_reduced_circuit_not_author_reproduction
1015,10.0,plasticity_disabled,B,trace_reset_ablation,2f8c9c6804c09e71613a9dbb,0036d300256c76a4f5896c9a67c09337f62afc17d020e7827ddb9cdd844e3729,0036d300256c76a4f5896c9a67c09337f62afc17d020e7827ddb9cdd844e3729,949.9999999999714,951.9999999999714,0.0,0.0,0.0,0.0,80,40,32.0,False,0.0,0.0,computed_reduced_circuit_not_author_reproduction
1015,40.0,paired,A,carry_trace,0d8f0833fe5b9c44eb0021b7,0036d300256c76a4f5896c9a67c09337f62afc17d020e7827ddb9cdd844e3729,b333abf3624899e059522c4097a0e243aba447684e6e6434eaead62f8a968460,3320.0000000000846,3322.0000000000846,0.0,0.5708541879532755,2.8144109265326733e-10,0.5708541876718344,80,40,32.0,True,0.08628086785150446,0.5708541879532755,computed_reduced_circuit_not_author_reproduction
1015,40.0,paired,A,trace_reset_ablation,af3dd771f2699f88bbfb372b,0036d300256c76a4f5896c9a67c09337f62afc17d020e7827ddb9cdd844e3729,8e675ffd89b22c09dfcb9bb88329cffb067d5318d65c6ba4523a76ab2083c5b4,3320.0000000000846,3322.0000000000846,0.0,0.5708541878739263,0.0,0.5708541878739263,80,40,32.0,True,0.08628086783436689,0.5708541878739263,computed_reduced_circuit_not_author_reproduction
1015,40.0,paired,B,carry_trace,605deacc7d671a11925aa09d,0036d300256c76a4f5896c9a67c09337f62afc17d020e7827ddb9cdd844e3729,6ddcd6b97d063d46a9358f4cdb6626eb008b44f6dab9231584e01f7bf4141e1c,3320.0000000000846,3322.0000000000846,0.0,0.5902276557300954,2.4675472776181095e-10,0.5902276554833407,80,40,32.0,True,0.07250344689513988,0.5902276557300954,computed_reduced_circuit_not_author_reproduction
1015,40.0,paired,B,trace_reset_ablation,940dba438eb9fe2eed27dbd4,0036d300256c76a4f5896c9a67c09337f62afc17d020e7827ddb9cdd844e3729,9bf9416eee8fb085f4d90c7ecf9efa522a3521097a7e2c9fd4b92bc79001f3ba,3320.0000000000846,3322.0000000000846,0.0,0.5902276556616056,0.0,0.5902276556616056,80,40,32.0,True,0.07250344688299026,0.5902276556616056,computed_reduced_circuit_not_author_reproduction
1015,40.0,explicitly_unpaired,A,carry_trace,38880600e0dfaf1427100b19,0036d300256c76a4f5896c9a67c09337f62afc17d020e7827ddb9cdd844e3729,0036d300256c76a4f5896c9a67c09337f62afc17d020e7827ddb9cdd844e3729,3320.0000000000846,3322.0000000000846,0.0,0.0,0.0,0.0,80,40,32.0,False,0.0,0.0,computed_reduced_circuit_not_author_reproduction
1015,40.0,explicitly_unpaired,A,trace_reset_ablation,51b20679a0fc954b5f71f312,0036d300256c76a4f5896c9a67c09337f62afc17d020e7827ddb9cdd844e3729,0036d300256c76a4f5896c9a67c09337f62afc17d020e7827ddb9cdd844e3729,3320.0000000000846,3322.0000000000846,0.0,0.0,0.0,0.0,80,40,32.0,False,0.0,0.0,computed_reduced_circuit_not_author_reproduction
1015,40.0,explicitly_unpaired,B,carry_trace,66441a586b33edfd1a9f8bcd,0036d300256c76a4f5896c9a67c09337f62afc17d020e7827ddb9cdd844e3729,0036d300256c76a4f5896c9a67c09337f62afc17d020e7827ddb9cdd844e3729,3320.0000000000846,3322.0000000000846,0.0,0.0,0.0,0.0,80,40,32.0,False,0.0,0.0,computed_reduced_circuit_not_author_reproduction
1015,40.0,explicitly_unpaired,B,trace_reset_ablation,cf0946fac841904130fcb1dd,0036d300256c76a4f5896c9a67c09337f62afc17d020e7827ddb9cdd844e3729,0036d300256c76a4f5896c9a67c09337f62afc17d020e7827ddb9cdd844e3729,3320.0000000000846,3322.0000000000846,0.0,0.0,0.0,0.0,80,40,32.0,False,0.0,0.0,computed_reduced_circuit_not_author_reproduction
1015,40.0,no_reward,A,carry_trace,67b5cd2d646b434e74995b7f,0036d300256c76a4f5896c9a67c09337f62afc17d020e7827ddb9cdd844e3729,0036d300256c76a4f5896c9a67c09337f62afc17d020e7827ddb9cdd844e3729,3320.0000000000846,3322.0000000000846,0.0,0.0,0.0,0.0,80,0,0.0,False,0.0,0.0,computed_reduced_circuit_not_author_reproduction
1015,40.0,no_reward,A,trace_reset_ablation,19e661e4cd088a226edcc630,0036d300256c76a4f5896c9a67c09337f62afc17d020e7827ddb9cdd844e3729,0036d300256c76a4f5896c9a67c09337f62afc17d020e7827ddb9cdd844e3729,3320.0000000000846,3322.0000000000846,0.0,0.0,0.0,0.0,80,0,0.0,False,0.0,0.0,computed_reduced_circuit_not_author_reproduction
1015,40.0,no_reward,B,carry_trace,baec49c97af2e5f5b52b7574,0036d300256c76a4f5896c9a67c09337f62afc17d020e7827ddb9cdd844e3729,0036d300256c76a4f5896c9a67c09337f62afc17d020e7827ddb9cdd844e3729,3320.0000000000846,3322.0000000000846,0.0,0.0,0.0,0.0,80,0,0.0,False,0.0,0.0,computed_reduced_circuit_not_author_reproduction
1015,40.0,no_reward,B,trace_reset_ablation,e12893f6a212d54346d8f6e1,0036d300256c76a4f5896c9a67c09337f62afc17d020e7827ddb9cdd844e3729,0036d300256c76a4f5896c9a67c09337f62afc17d020e7827ddb9cdd844e3729,3320.0000000000846,3322.0000000000846,0.0,0.0,0.0,0.0,80,0,0.0,False,0.0,0.0,computed_reduced_circuit_not_author_reproduction
1015,40.0,plasticity_disabled,A,carry_trace,6f8ba672bd8e0078b4117427,0036d300256c76a4f5896c9a67c09337f62afc17d020e7827ddb9cdd844e3729,0036d300256c76a4f5896c9a67c09337f62afc17d020e7827ddb9cdd844e3729,3320.0000000000846,3322.0000000000846,0.0,0.0,0.0,0.0,80,40,32.0,False,0.0,0.0,computed_reduced_circuit_not_author_reproduction
1015,40.0,plasticity_disabled,A,trace_reset_ablation,d628bc1cb62f505a00bccb29,0036d300256c76a4f5896c9a67c09337f62afc17d020e7827ddb9cdd844e3729,0036d300256c76a4f5896c9a67c09337f62afc17d020e7827ddb9cdd844e3729,3320.0000000000846,3322.0000000000846,0.0,0.0,0.0,0.0,80,40,32.0,False,0.0,0.0,computed_reduced_circuit_not_author_reproduction
1015,40.0,plasticity_disabled,B,carry_trace,67634350f7325f76c7a749b4,0036d300256c76a4f5896c9a67c09337f62afc17d020e7827ddb9cdd844e3729,0036d300256c76a4f5896c9a67c09337f62afc17d020e7827ddb9cdd844e3729,3320.0000000000846,3322.0000000000846,0.0,0.0,0.0,0.0,80,40,32.0,False,0.0,0.0,computed_reduced_circuit_not_author_reproduction
1015,40.0,plasticity_disabled,B,trace_reset_ablation,668846a4373a9017ea208ec8,0036d300256c76a4f5896c9a67c09337f62afc17d020e7827ddb9cdd844e3729,0036d300256c76a4f5896c9a67c09337f62afc17d020e7827ddb9cdd844e3729,3320.0000000000846,3322.0000000000846,0.0,0.0,0.0,0.0,80,40,32.0,False,0.0,0.0,computed_reduced_circuit_not_author_reproduction
1016,2.0,paired,A,carry_trace,c1292f9ce5dc357810e50344,0036d300256c76a4f5896c9a67c09337f62afc17d020e7827ddb9cdd844e3729,afbeceea2cb6ce8f548ebcffb4a655ed09e11de6ab1b24700f3183dfe7acd087,318.00000000001364,320.00000000001364,0.0,0.5842750233494964,0.047648869243655745,0.5366261541058407,80,40,32.0,True,0.07565286859266196,0.5842750233494964,computed_reduced_circuit_not_author_reproduction
1016,2.0,paired,A,trace_reset_ablation,fa54d3b096b48ff5dc7a190a,0036d300256c76a4f5896c9a67c09337f62afc17d020e7827ddb9cdd844e3729,618bbdb22fb0da605074479ad4bbcd90bfbc8bb7a7d81b1e9690b04cb35c1ffd,318.00000000001364,320.00000000001364,0.0,0.5754613520473685,0.0,0.5754613520473685,80,40,32.0,True,0.07264119184546325,0.5754613520473685,computed_reduced_circuit_not_author_reproduction
1016,2.0,paired,B,carry_trace,03abbdf5e7c5b5098f37e250,0036d300256c76a4f5896c9a67c09337f62afc17d020e7827ddb9cdd844e3729,f7fbb146b8e9687a0c0b1f55871487edd5abaf64e59d37f886188bdf564e3088,318.00000000001364,320.00000000001364,0.0,0.592538041563299,0.0494935603290273,0.5430444812342717,80,40,32.0,True,0.07215044312216368,0.592538041563299,computed_reduced_circuit_not_author_reproduction
1016,2.0,paired,B,trace_reset_ablation,856229d275fb77a81f6c8ab6,0036d300256c76a4f5896c9a67c09337f62afc17d020e7827ddb9cdd844e3729,7e82d0edc18694287d94db1eb87d9fcdf2400a00c6184c1c60e9422515d382ca,318.00000000001364,320.00000000001364,0.0,0.5846306193546623,0.0,0.5846306193546623,80,40,32.0,True,0.0695517788928991,0.5846306193546623,computed_reduced_circuit_not_author_reproduction
1016,2.0,explicitly_unpaired,A,carry_trace,33b341b168c20ffa745cc722,0036d300256c76a4f5896c9a67c09337f62afc17d020e7827ddb9cdd844e3729,0036d300256c76a4f5896c9a67c09337f62afc17d020e7827ddb9cdd844e3729,318.00000000001353,320.00000000001353,0.0,0.0,0.0,0.0,80,40,32.0,False,0.0,0.0,computed_reduced_circuit_not_author_reproduction
1016,2.0,explicitly_unpaired,A,trace_reset_ablation,6c30f49953140e5201cb0c9f,0036d300256c76a4f5896c9a67c09337f62afc17d020e7827ddb9cdd844e3729,0036d300256c76a4f5896c9a67c09337f62afc17d020e7827ddb9cdd844e3729,318.00000000001353,320.00000000001353,0.0,0.0,0.0,0.0,80,40,32.0,False,0.0,0.0,computed_reduced_circuit_not_author_reproduction
1016,2.0,explicitly_unpaired,B,carry_trace,c3581eda66d0bf06a30dca7d,0036d300256c76a4f5896c9a67c09337f62afc17d020e7827ddb9cdd844e3729,0036d300256c76a4f5896c9a67c09337f62afc17d020e7827ddb9cdd844e3729,318.00000000001353,320.00000000001353,0.0,0.0,0.0,0.0,80,40,32.0,False,0.0,0.0,computed_reduced_circuit_not_author_reproduction
1016,2.0,explicitly_unpaired,B,trace_reset_ablation,c1fbbef14fde8021432f92c8,0036d300256c76a4f5896c9a67c09337f62afc17d020e7827ddb9cdd844e3729,0036d300256c76a4f5896c9a67c09337f62afc17d020e7827ddb9cdd844e3729,318.00000000001353,320.00000000001353,0.0,0.0,0.0,0.0,80,40,32.0,False,0.0,0.0,computed_reduced_circuit_not_author_reproduction
1016,2.0,no_reward,A,carry_trace,151aa1e2f574447cca2ab830,0036d300256c76a4f5896c9a67c09337f62afc17d020e7827ddb9cdd844e3729,0036d300256c76a4f5896c9a67c09337f62afc17d020e7827ddb9cdd844e3729,318.00000000001364,320.00000000001364,0.0,0.0,0.0,0.0,80,0,0.0,False,0.0,0.0,computed_reduced_circuit_not_author_reproduction
1016,2.0,no_reward,A,trace_reset_ablation,b11d037e45d112bacf203dc6,0036d300256c76a4f5896c9a67c09337f62afc17d020e7827ddb9cdd844e3729,0036d300256c76a4f5896c9a67c09337f62afc17d020e7827ddb9cdd844e3729,318.00000000001364,320.00000000001364,0.0,0.0,0.0,0.0,80,0,0.0,False,0.0,0.0,computed_reduced_circuit_not_author_reproduction
1016,2.0,no_reward,B,carry_trace,feff2ed0d14158377040a7c7,0036d300256c76a4f5896c9a67c09337f62afc17d020e7827ddb9cdd844e3729,0036d300256c76a4f5896c9a67c09337f62afc17d020e7827ddb9cdd844e3729,318.00000000001364,320.00000000001364,0.0,0.0,0.0,0.0,80,0,0.0,False,0.0,0.0,computed_reduced_circuit_not_author_reproduction
1016,2.0,no_reward,B,trace_reset_ablation,bcdbefa5dbb1e507d62f5b34,0036d300256c76a4f5896c9a67c09337f62afc17d020e7827ddb9cdd844e3729,0036d300256c76a4f5896c9a67c09337f62afc17d020e7827ddb9cdd844e3729,318.00000000001364,320.00000000001364,0.0,0.0,0.0,0.0,80,0,0.0,False,0.0,0.0,computed_reduced_circuit_not_author_reproduction
1016,2.0,plasticity_disabled,A,carry_trace,71f5c7303c812db76c3689c6,0036d300256c76a4f5896c9a67c09337f62afc17d020e7827ddb9cdd844e3729,0036d300256c76a4f5896c9a67c09337f62afc17d020e7827ddb9cdd844e3729,318.00000000001364,320.00000000001364,0.0,0.0,0.0,0.0,80,40,32.0,False,0.0,0.0,computed_reduced_circuit_not_author_reproduction
1016,2.0,plasticity_disabled,A,trace_reset_ablation,b3f198ca530e73c9485a290d,0036d300256c76a4f5896c9a67c09337f62afc17d020e7827ddb9cdd844e3729,0036d300256c76a4f5896c9a67c09337f62afc17d020e7827ddb9cdd844e3729,318.00000000001364,320.00000000001364,0.0,0.0,0.0,0.0,80,40,32.0,False,0.0,0.0,computed_reduced_circuit_not_author_reproduction
1016,2.0,plasticity_disabled,B,carry_trace,1a1131872471875d3e38a544,0036d300256c76a4f5896c9a67c09337f62afc17d020e7827ddb9cdd844e3729,0036d300256c76a4f5896c9a67c09337f62afc17d020e7827ddb9cdd844e3729,318.00000000001364,320.00000000001364,0.0,0.0,0.0,0.0,80,40,32.0,False,0.0,0.0,computed_reduced_circuit_not_author_reproduction
1016,2.0,plasticity_disabled,B,trace_reset_ablation,f85ac9a134e3c86e34e08ade,0036d300256c76a4f5896c9a67c09337f62afc17d020e7827ddb9cdd844e3729,0036d300256c76a4f5896c9a67c09337f62afc17d020e7827ddb9cdd844e3729,318.00000000001364,320.00000000001364,0.0,0.0,0.0,0.0,80,40,32.0,False,0.0,0.0,computed_reduced_circuit_not_author_reproduction
1016,10.0,paired,A,carry_trace,499b1cd2576826602c6da5b1,0036d300256c76a4f5896c9a67c09337f62afc17d020e7827ddb9cdd844e3729,a213cf0527be5d691e59faab49ba2f86378b14e17bbc60a122c0b0be7596f9f5,949.9999999999714,951.9999999999714,0.0,0.5756923507909825,0.0007715938546506429,0.5749207569363318,80,40,32.0,True,0.07268327942573061,0.5756923507909825,computed_reduced_circuit_not_author_reproduction
1016,10.0,paired,A,trace_reset_ablation,f70036abd79a7b652cf490c8,0036d300256c76a4f5896c9a67c09337f62afc17d020e7827ddb9cdd844e3729,618bbdb22fb0da605074479ad4bbcd90bfbc8bb7a7d81b1e9690b04cb35c1ffd,949.9999999999714,951.9999999999714,0.0,0.5754613520473685,0.0,0.5754613520473685,80,40,32.0,True,0.07264119184546325,0.5754613520473685,computed_reduced_circuit_not_author_reproduction
1016,10.0,paired,B,carry_trace,3d65efa17c07f1bcb62f4444,0036d300256c76a4f5896c9a67c09337f62afc17d020e7827ddb9cdd844e3729,999cac94b3a630c1d1d454258afe7b7f00c0ce2019df30432d03fed671bfb0b2,949.9999999999714,951.9999999999714,0.0,0.5848350085123653,0.0008205925148445647,0.5840144159975207,80,40,32.0,True,0.0695870773121734,0.5848350085123653,computed_reduced_circuit_not_author_reproduction
1016,10.0,paired,B,trace_reset_ablation,d6e5fa2b98b0bb8d321058b6,0036d300256c76a4f5896c9a67c09337f62afc17d020e7827ddb9cdd844e3729,7e82d0edc18694287d94db1eb87d9fcdf2400a00c6184c1c60e9422515d382ca,949.9999999999714,951.9999999999714,0.0,0.5846306193546623,0.0,0.5846306193546623,80,40,32.0,True,0.0695517788928991,0.5846306193546623,computed_reduced_circuit_not_author_reproduction
1016,10.0,explicitly_unpaired,A,carry_trace,b906eccbd8de988e0ed59e03,0036d300256c76a4f5896c9a67c09337f62afc17d020e7827ddb9cdd844e3729,0036d300256c76a4f5896c9a67c09337f62afc17d020e7827ddb9cdd844e3729,949.9999999999711,951.9999999999711,0.0,0.0,0.0,0.0,80,40,32.0,False,0.0,0.0,computed_reduced_circuit_not_author_reproduction
1016,10.0,explicitly_unpaired,A,trace_reset_ablation,42883e0cfd0acd8ea179d910,0036d300256c76a4f5896c9a67c09337f62afc17d020e7827ddb9cdd844e3729,0036d300256c76a4f5896c9a67c09337f62afc17d020e7827ddb9cdd844e3729,949.9999999999711,951.9999999999711,0.0,0.0,0.0,0.0,80,40,32.0,False,0.0,0.0,computed_reduced_circuit_not_author_reproduction
1016,10.0,explicitly_unpaired,B,carry_trace,639fdc7cca3df88ea8af8265,0036d300256c76a4f5896c9a67c09337f62afc17d020e7827ddb9cdd844e3729,0036d300256c76a4f5896c9a67c09337f62afc17d020e7827ddb9cdd844e3729,949.9999999999711,951.9999999999711,0.0,0.0,0.0,0.0,80,40,32.0,False,0.0,0.0,computed_reduced_circuit_not_author_reproduction
1016,10.0,explicitly_unpaired,B,trace_reset_ablation,1a8207ce3e816d5be1613749,0036d300256c76a4f5896c9a67c09337f62afc17d020e7827ddb9cdd844e3729,0036d300256c76a4f5896c9a67c09337f62afc17d020e7827ddb9cdd844e3729,949.9999999999711,951.9999999999711,0.0,0.0,0.0,0.0,80,40,32.0,False,0.0,0.0,computed_reduced_circuit_not_author_reproduction
1016,10.0,no_reward,A,carry_trace,a88599b3a24eab99630291a5,0036d300256c76a4f5896c9a67c09337f62afc17d020e7827ddb9cdd844e3729,0036d300256c76a4f5896c9a67c09337f62afc17d020e7827ddb9cdd844e3729,949.9999999999714,951.9999999999714,0.0,0.0,0.0,0.0,80,0,0.0,False,0.0,0.0,computed_reduced_circuit_not_author_reproduction
1016,10.0,no_reward,A,trace_reset_ablation,a61db2dd04f7996560b64944,0036d300256c76a4f5896c9a67c09337f62afc17d020e7827ddb9cdd844e3729,0036d300256c76a4f5896c9a67c09337f62afc17d020e7827ddb9cdd844e3729,949.9999999999714,951.9999999999714,0.0,0.0,0.0,0.0,80,0,0.0,False,0.0,0.0,computed_reduced_circuit_not_author_reproduction
1016,10.0,no_reward,B,carry_trace,3ec0d8ce824a6290cc24bad1,0036d300256c76a4f5896c9a67c09337f62afc17d020e7827ddb9cdd844e3729,0036d300256c76a4f5896c9a67c09337f62afc17d020e7827ddb9cdd844e3729,949.9999999999714,951.9999999999714,0.0,0.0,0.0,0.0,80,0,0.0,False,0.0,0.0,computed_reduced_circuit_not_author_reproduction
1016,10.0,no_reward,B,trace_reset_ablation,5b071a813fec7f53bcb1f6d3,0036d300256c76a4f5896c9a67c09337f62afc17d020e7827ddb9cdd844e3729,0036d300256c76a4f5896c9a67c09337f62afc17d020e7827ddb9cdd844e3729,949.9999999999714,951.9999999999714,0.0,0.0,0.0,0.0,80,0,0.0,False,0.0,0.0,computed_reduced_circuit_not_author_reproduction
1016,10.0,plasticity_disabled,A,carry_trace,5c37b2fcbcc1815a294c1eed,0036d300256c76a4f5896c9a67c09337f62afc17d020e7827ddb9cdd844e3729,0036d300256c76a4f5896c9a67c09337f62afc17d020e7827ddb9cdd844e3729,949.9999999999714,951.9999999999714,0.0,0.0,0.0,0.0,80,40,32.0,False,0.0,0.0,computed_reduced_circuit_not_author_reproduction
1016,10.0,plasticity_disabled,A,trace_reset_ablation,2308202d96b3e3180f5b36fb,0036d300256c76a4f5896c9a67c09337f62afc17d020e7827ddb9cdd844e3729,0036d300256c76a4f5896c9a67c09337f62afc17d020e7827ddb9cdd844e3729,949.9999999999714,951.9999999999714,0.0,0.0,0.0,0.0,80,40,32.0,False,0.0,0.0,computed_reduced_circuit_not_author_reproduction
1016,10.0,plasticity_disabled,B,carry_trace,ba75b42ab3c90524dd255003,0036d300256c76a4f5896c9a67c09337f62afc17d020e7827ddb9cdd844e3729,0036d300256c76a4f5896c9a67c09337f62afc17d020e7827ddb9cdd844e3729,949.9999999999714,951.9999999999714,0.0,0.0,0.0,0.0,80,40,32.0,False,0.0,0.0,computed_reduced_circuit_not_author_reproduction
1016,10.0,plasticity_disabled,B,trace_reset_ablation,54b324378849c55eb2750969,0036d300256c76a4f5896c9a67c09337f62afc17d020e7827ddb9cdd844e3729,0036d300256c76a4f5896c9a67c09337f62afc17d020e7827ddb9cdd844e3729,949.9999999999714,951.9999999999714,0.0,0.0,0.0,0.0,80,40,32.0,False,0.0,0.0,computed_reduced_circuit_not_author_reproduction
1016,40.0,paired,A,carry_trace,13ac42f47609349438089122,0036d300256c76a4f5896c9a67c09337f62afc17d020e7827ddb9cdd844e3729,ec491757cf767a778b08aa9d29e9297b3868341782ac1cf50920650e721808d0,3320.0000000000846,3322.0000000000846,0.0,0.5754613521183668,2.3558865969164344e-10,0.5754613518827781,80,40,32.0,True,0.07264119185828499,0.5754613521183668,computed_reduced_circuit_not_author_reproduction
1016,40.0,paired,A,trace_reset_ablation,c21475929b9b47c4ca11d86e,0036d300256c76a4f5896c9a67c09337f62afc17d020e7827ddb9cdd844e3729,618bbdb22fb0da605074479ad4bbcd90bfbc8bb7a7d81b1e9690b04cb35c1ffd,3320.0000000000846,3322.0000000000846,0.0,0.5754613520473685,0.0,0.5754613520473685,80,40,32.0,True,0.07264119184546325,0.5754613520473685,computed_reduced_circuit_not_author_reproduction
1016,40.0,paired,B,carry_trace,0918d6c62cde5a62f4e3a203,0036d300256c76a4f5896c9a67c09337f62afc17d020e7827ddb9cdd844e3729,8e084085605853c193d6e26b699d3692775ab9fa7e96ab3b4f7974cd644e3d51,3320.0000000000846,3322.0000000000846,0.0,0.584630619417466,2.5066082542934964e-10,0.5846306191668051,80,40,32.0,True,0.06955177890364483,0.584630619417466,computed_reduced_circuit_not_author_reproduction
1016,40.0,paired,B,trace_reset_ablation,b34b645ae2e6756e26571168,0036d300256c76a4f5896c9a67c09337f62afc17d020e7827ddb9cdd844e3729,7e82d0edc18694287d94db1eb87d9fcdf2400a00c6184c1c60e9422515d382ca,3320.0000000000846,3322.0000000000846,0.0,0.5846306193546623,0.0,0.5846306193546623,80,40,32.0,True,0.0695517788928991,0.5846306193546623,computed_reduced_circuit_not_author_reproduction
1016,40.0,explicitly_unpaired,A,carry_trace,17ee3bd094c976e9a8c05df1,0036d300256c76a4f5896c9a67c09337f62afc17d020e7827ddb9cdd844e3729,0036d300256c76a4f5896c9a67c09337f62afc17d020e7827ddb9cdd844e3729,3320.0000000000846,3322.0000000000846,0.0,0.0,0.0,0.0,80,40,32.0,False,0.0,0.0,computed_reduced_circuit_not_author_reproduction
1016,40.0,explicitly_unpaired,A,trace_reset_ablation,e6d967328050c038dceab38b,0036d300256c76a4f5896c9a67c09337f62afc17d020e7827ddb9cdd844e3729,0036d300256c76a4f5896c9a67c09337f62afc17d020e7827ddb9cdd844e3729,3320.0000000000846,3322.0000000000846,0.0,0.0,0.0,0.0,80,40,32.0,False,0.0,0.0,computed_reduced_circuit_not_author_reproduction
1016,40.0,explicitly_unpaired,B,carry_trace,58a2114911667e0435eed1a1,0036d300256c76a4f5896c9a67c09337f62afc17d020e7827ddb9cdd844e3729,0036d300256c76a4f5896c9a67c09337f62afc17d020e7827ddb9cdd844e3729,3320.0000000000846,3322.0000000000846,0.0,0.0,0.0,0.0,80,40,32.0,False,0.0,0.0,computed_reduced_circuit_not_author_reproduction
1016,40.0,explicitly_unpaired,B,trace_reset_ablation,4bb4d87dfdc7d2ed5545fc8d,0036d300256c76a4f5896c9a67c09337f62afc17d020e7827ddb9cdd844e3729,0036d300256c76a4f5896c9a67c09337f62afc17d020e7827ddb9cdd844e3729,3320.0000000000846,3322.0000000000846,0.0,0.0,0.0,0.0,80,40,32.0,False,0.0,0.0,computed_reduced_circuit_not_author_reproduction
1016,40.0,no_reward,A,carry_trace,ef1dfe1cdfb870bc6cd12749,0036d300256c76a4f5896c9a67c09337f62afc17d020e7827ddb9cdd844e3729,0036d300256c76a4f5896c9a67c09337f62afc17d020e7827ddb9cdd844e3729,3320.0000000000846,3322.0000000000846,0.0,0.0,0.0,0.0,80,0,0.0,False,0.0,0.0,computed_reduced_circuit_not_author_reproduction
1016,40.0,no_reward,A,trace_reset_ablation,f86b2006b62e33c59ac2d2b3,0036d300256c76a4f5896c9a67c09337f62afc17d020e7827ddb9cdd844e3729,0036d300256c76a4f5896c9a67c09337f62afc17d020e7827ddb9cdd844e3729,3320.0000000000846,3322.0000000000846,0.0,0.0,0.0,0.0,80,0,0.0,False,0.0,0.0,computed_reduced_circuit_not_author_reproduction
1016,40.0,no_reward,B,carry_trace,50dabc6f92fe67314d6900ac,0036d300256c76a4f5896c9a67c09337f62afc17d020e7827ddb9cdd844e3729,0036d300256c76a4f5896c9a67c09337f62afc17d020e7827ddb9cdd844e3729,3320.0000000000846,3322.0000000000846,0.0,0.0,0.0,0.0,80,0,0.0,False,0.0,0.0,computed_reduced_circuit_not_author_reproduction
1016,40.0,no_reward,B,trace_reset_ablation,6c7b81e37c06886b287fc507,0036d300256c76a4f5896c9a67c09337f62afc17d020e7827ddb9cdd844e3729,0036d300256c76a4f5896c9a67c09337f62afc17d020e7827ddb9cdd844e3729,3320.0000000000846,3322.0000000000846,0.0,0.0,0.0,0.0,80,0,0.0,False,0.0,0.0,computed_reduced_circuit_not_author_reproduction
1016,40.0,plasticity_disabled,A,carry_trace,4b089fef4c1c3b9b1096c14e,0036d300256c76a4f5896c9a67c09337f62afc17d020e7827ddb9cdd844e3729,0036d300256c76a4f5896c9a67c09337f62afc17d020e7827ddb9cdd844e3729,3320.0000000000846,3322.0000000000846,0.0,0.0,0.0,0.0,80,40,32.0,False,0.0,0.0,computed_reduced_circuit_not_author_reproduction
1016,40.0,plasticity_disabled,A,trace_reset_ablation,a4a17dad80321c9a69ee60da,0036d300256c76a4f5896c9a67c09337f62afc17d020e7827ddb9cdd844e3729,0036d300256c76a4f5896c9a67c09337f62afc17d020e7827ddb9cdd844e3729,3320.0000000000846,3322.0000000000846,0.0,0.0,0.0,0.0,80,40,32.0,False,0.0,0.0,computed_reduced_circuit_not_author_reproduction
1016,40.0,plasticity_disabled,B,carry_trace,9238756442a49531307107d2,0036d300256c76a4f5896c9a67c09337f62afc17d020e7827ddb9cdd844e3729,0036d300256c76a4f5896c9a67c09337f62afc17d020e7827ddb9cdd844e3729,3320.0000000000846,3322.0000000000846,0.0,0.0,0.0,0.0,80,40,32.0,False,0.0,0.0,computed_reduced_circuit_not_author_reproduction
1016,40.0,plasticity_disabled,B,trace_reset_ablation,8a7c31639d05b708baa045fd,0036d300256c76a4f5896c9a67c09337f62afc17d020e7827ddb9cdd844e3729,0036d300256c76a4f5896c9a67c09337f62afc17d020e7827ddb9cdd844e3729,3320.0000000000846,3322.0000000000846,0.0,0.0,0.0,0.0,80,40,32.0,False,0.0,0.0,computed_reduced_circuit_not_author_reproduction
1017,2.0,paired,A,carry_trace,39dce256e7c6174e93f9630e,0036d300256c76a4f5896c9a67c09337f62afc17d020e7827ddb9cdd844e3729,99a93f4b8125d1277cdca5298322b0d0aa5bb1dd3b4d65585fbebb1e077591c1,318.00000000001364,320.00000000001364,0.0,0.5901724014617387,0.0539353305774698,0.5362370708842689,80,40,32.0,True,0.07768651426711792,0.5901724014617387,computed_reduced_circuit_not_author_reproduction
1017,2.0,paired,A,trace_reset_ablation,b0135a1f9d779228a1bcb920,0036d300256c76a4f5896c9a67c09337f62afc17d020e7827ddb9cdd844e3729,6a3c190127ee94fba71c2a89ea935d017c6c5253c0d52d6472ccbdc89d407cd9,318.00000000001364,320.00000000001364,0.0,0.5817959540948734,0.0,0.5817959540948734,80,40,32.0,True,0.07450031095561449,0.5817959540948734,computed_reduced_circuit_not_author_reproduction
1017,2.0,paired,B,carry_trace,6d26143bcfad58e9af69b021,0036d300256c76a4f5896c9a67c09337f62afc17d020e7827ddb9cdd844e3729,5f0ac650106ed5a78015f80deb6de788f9b30fbea377bc4f9b0abfa3e6d877bd,318.00000000001364,320.00000000001364,0.0,0.5883865390721359,0.055165316219539684,0.5332212228525962,80,40,32.0,True,0.0823596986896794,0.5883865390721359,computed_reduced_circuit_not_author_reproduction
1017,2.0,paired,B,trace_reset_ablation,dc93b6c6a8a322686830dfd3,0036d300256c76a4f5896c9a67c09337f62afc17d020e7827ddb9cdd844e3729,8b37a7b69b72d21891f09394dc06bccf87248fd4601273131342e43123dc42bd,318.00000000001364,320.00000000001364,0.0,0.57949154580706,0.0,0.57949154580706,80,40,32.0,True,0.07875386575978904,0.57949154580706,computed_reduced_circuit_not_author_reproduction
1017,2.0,explicitly_unpaired,A,carry_trace,6456fa02a371b1678c05ca5f,0036d300256c76a4f5896c9a67c09337f62afc17d020e7827ddb9cdd844e3729,0036d300256c76a4f5896c9a67c09337f62afc17d020e7827ddb9cdd844e3729,318.00000000001353,320.00000000001353,0.0,0.0,0.0,0.0,80,40,32.0,False,0.0,0.0,computed_reduced_circuit_not_author_reproduction
1017,2.0,explicitly_unpaired,A,trace_reset_ablation,66ea8974f927c16ce945bd60,0036d300256c76a4f5896c9a67c09337f62afc17d020e7827ddb9cdd844e3729,0036d300256c76a4f5896c9a67c09337f62afc17d020e7827ddb9cdd844e3729,318.00000000001353,320.00000000001353,0.0,0.0,0.0,0.0,80,40,32.0,False,0.0,0.0,computed_reduced_circuit_not_author_reproduction
1017,2.0,explicitly_unpaired,B,carry_trace,55a24d500bd034540343faa0,0036d300256c76a4f5896c9a67c09337f62afc17d020e7827ddb9cdd844e3729,0036d300256c76a4f5896c9a67c09337f62afc17d020e7827ddb9cdd844e3729,318.00000000001353,320.00000000001353,0.0,0.0,0.0,0.0,80,40,32.0,False,0.0,0.0,computed_reduced_circuit_not_author_reproduction
1017,2.0,explicitly_unpaired,B,trace_reset_ablation,53b85abfb815a4abc8515b7a,0036d300256c76a4f5896c9a67c09337f62afc17d020e7827ddb9cdd844e3729,0036d300256c76a4f5896c9a67c09337f62afc17d020e7827ddb9cdd844e3729,318.00000000001353,320.00000000001353,0.0,0.0,0.0,0.0,80,40,32.0,False,0.0,0.0,computed_reduced_circuit_not_author_reproduction
1017,2.0,no_reward,A,carry_trace,3ce96eb3d28ba0a02ba440a8,0036d300256c76a4f5896c9a67c09337f62afc17d020e7827ddb9cdd844e3729,0036d300256c76a4f5896c9a67c09337f62afc17d020e7827ddb9cdd844e3729,318.00000000001364,320.00000000001364,0.0,0.0,0.0,0.0,80,0,0.0,False,0.0,0.0,computed_reduced_circuit_not_author_reproduction
1017,2.0,no_reward,A,trace_reset_ablation,4168652b6b24ed09496a0bc3,0036d300256c76a4f5896c9a67c09337f62afc17d020e7827ddb9cdd844e3729,0036d300256c76a4f5896c9a67c09337f62afc17d020e7827ddb9cdd844e3729,318.00000000001364,320.00000000001364,0.0,0.0,0.0,0.0,80,0,0.0,False,0.0,0.0,computed_reduced_circuit_not_author_reproduction
1017,2.0,no_reward,B,carry_trace,231e9404d402d670fc8fb7ae,0036d300256c76a4f5896c9a67c09337f62afc17d020e7827ddb9cdd844e3729,0036d300256c76a4f5896c9a67c09337f62afc17d020e7827ddb9cdd844e3729,318.00000000001364,320.00000000001364,0.0,0.0,0.0,0.0,80,0,0.0,False,0.0,0.0,computed_reduced_circuit_not_author_reproduction
1017,2.0,no_reward,B,trace_reset_ablation,615cfa1ee252f7ea8bc4b820,0036d300256c76a4f5896c9a67c09337f62afc17d020e7827ddb9cdd844e3729,0036d300256c76a4f5896c9a67c09337f62afc17d020e7827ddb9cdd844e3729,318.00000000001364,320.00000000001364,0.0,0.0,0.0,0.0,80,0,0.0,False,0.0,0.0,computed_reduced_circuit_not_author_reproduction
1017,2.0,plasticity_disabled,A,carry_trace,236d18d57ba4d731c3503f13,0036d300256c76a4f5896c9a67c09337f62afc17d020e7827ddb9cdd844e3729,0036d300256c76a4f5896c9a67c09337f62afc17d020e7827ddb9cdd844e3729,318.00000000001364,320.00000000001364,0.0,0.0,0.0,0.0,80,40,32.0,False,0.0,0.0,computed_reduced_circuit_not_author_reproduction
1017,2.0,plasticity_disabled,A,trace_reset_ablation,36e3dc4ab026c651688d3fc8,0036d300256c76a4f5896c9a67c09337f62afc17d020e7827ddb9cdd844e3729,0036d300256c76a4f5896c9a67c09337f62afc17d020e7827ddb9cdd844e3729,318.00000000001364,320.00000000001364,0.0,0.0,0.0,0.0,80,40,32.0,False,0.0,0.0,computed_reduced_circuit_not_author_reproduction
1017,2.0,plasticity_disabled,B,carry_trace,2d4cb92fc6d885b2d544b367,0036d300256c76a4f5896c9a67c09337f62afc17d020e7827ddb9cdd844e3729,0036d300256c76a4f5896c9a67c09337f62afc17d020e7827ddb9cdd844e3729,318.00000000001364,320.00000000001364,0.0,0.0,0.0,0.0,80,40,32.0,False,0.0,0.0,computed_reduced_circuit_not_author_reproduction
1017,2.0,plasticity_disabled,B,trace_reset_ablation,70b416057d5a57cb96026d67,0036d300256c76a4f5896c9a67c09337f62afc17d020e7827ddb9cdd844e3729,0036d300256c76a4f5896c9a67c09337f62afc17d020e7827ddb9cdd844e3729,318.00000000001364,320.00000000001364,0.0,0.0,0.0,0.0,80,40,32.0,False,0.0,0.0,computed_reduced_circuit_not_author_reproduction
1017,10.0,paired,A,carry_trace,029142e6f816a89614062e2c,0036d300256c76a4f5896c9a67c09337f62afc17d020e7827ddb9cdd844e3729,4b125da37e360437395260500fccb5a11abca78c98b0c9951c96a29c4ebcac71,949.9999999999714,951.9999999999714,0.0,0.5820422838325916,0.00091698086986014,0.5811253029627315,80,40,32.0,True,0.07454609326807404,0.5820422838325916,computed_reduced_circuit_not_author_reproduction
1017,10.0,paired,A,trace_reset_ablation,c9ea24e6a22e2703f59fd97a,0036d300256c76a4f5896c9a67c09337f62afc17d020e7827ddb9cdd844e3729,6a3c190127ee94fba71c2a89ea935d017c6c5253c0d52d6472ccbdc89d407cd9,949.9999999999714,951.9999999999714,0.0,0.5817959540948734,0.0,0.5817959540948734,80,40,32.0,True,0.07450031095561449,0.5817959540948734,computed_reduced_circuit_not_author_reproduction
1017,10.0,paired,B,carry_trace,b099e27c6f374eeb0e3b7d7b,0036d300256c76a4f5896c9a67c09337f62afc17d020e7827ddb9cdd844e3729,b2a4e83db2bcec058c5ea9ff1e2ca62e8c81a1fe6ed8db9fb1e35aad054a8cd5,949.9999999999714,951.9999999999714,0.0,0.5797536184879366,0.0009194138018038256,0.5788342046861328,80,40,32.0,True,0.07880552173601074,0.5797536184879366,computed_reduced_circuit_not_author_reproduction
1017,10.0,paired,B,trace_reset_ablation,26676ecdcca0a72d814456fe,0036d300256c76a4f5896c9a67c09337f62afc17d020e7827ddb9cdd844e3729,8b37a7b69b72d21891f09394dc06bccf87248fd4601273131342e43123dc42bd,949.9999999999714,951.9999999999714,0.0,0.57949154580706,0.0,0.57949154580706,80,40,32.0,True,0.07875386575978904,0.57949154580706,computed_reduced_circuit_not_author_reproduction
1017,10.0,explicitly_unpaired,A,carry_trace,5cd62157db1717ad5ee2f94a,0036d300256c76a4f5896c9a67c09337f62afc17d020e7827ddb9cdd844e3729,0036d300256c76a4f5896c9a67c09337f62afc17d020e7827ddb9cdd844e3729,949.9999999999711,951.9999999999711,0.0,0.0,0.0,0.0,80,40,32.0,False,0.0,0.0,computed_reduced_circuit_not_author_reproduction
1017,10.0,explicitly_unpaired,A,trace_reset_ablation,7b52b9d877757d0fc321b495,0036d300256c76a4f5896c9a67c09337f62afc17d020e7827ddb9cdd844e3729,0036d300256c76a4f5896c9a67c09337f62afc17d020e7827ddb9cdd844e3729,949.9999999999711,951.9999999999711,0.0,0.0,0.0,0.0,80,40,32.0,False,0.0,0.0,computed_reduced_circuit_not_author_reproduction
1017,10.0,explicitly_unpaired,B,carry_trace,2bc39f7a5d32a158f4d414c0,0036d300256c76a4f5896c9a67c09337f62afc17d020e7827ddb9cdd844e3729,0036d300256c76a4f5896c9a67c09337f62afc17d020e7827ddb9cdd844e3729,949.9999999999711,951.9999999999711,0.0,0.0,0.0,0.0,80,40,32.0,False,0.0,0.0,computed_reduced_circuit_not_author_reproduction
1017,10.0,explicitly_unpaired,B,trace_reset_ablation,5a1e2443e399cbecdd5f30d0,0036d300256c76a4f5896c9a67c09337f62afc17d020e7827ddb9cdd844e3729,0036d300256c76a4f5896c9a67c09337f62afc17d020e7827ddb9cdd844e3729,949.9999999999711,951.9999999999711,0.0,0.0,0.0,0.0,80,40,32.0,False,0.0,0.0,computed_reduced_circuit_not_author_reproduction
1017,10.0,no_reward,A,carry_trace,753c270e9c55f768737c60ac,0036d300256c76a4f5896c9a67c09337f62afc17d020e7827ddb9cdd844e3729,0036d300256c76a4f5896c9a67c09337f62afc17d020e7827ddb9cdd844e3729,949.9999999999714,951.9999999999714,0.0,0.0,0.0,0.0,80,0,0.0,False,0.0,0.0,computed_reduced_circuit_not_author_reproduction
1017,10.0,no_reward,A,trace_reset_ablation,a5ddc18a6e6ce7a6013b3e25,0036d300256c76a4f5896c9a67c09337f62afc17d020e7827ddb9cdd844e3729,0036d300256c76a4f5896c9a67c09337f62afc17d020e7827ddb9cdd844e3729,949.9999999999714,951.9999999999714,0.0,0.0,0.0,0.0,80,0,0.0,False,0.0,0.0,computed_reduced_circuit_not_author_reproduction
1017,10.0,no_reward,B,carry_trace,f916418343b2d01e4f418d49,0036d300256c76a4f5896c9a67c09337f62afc17d020e7827ddb9cdd844e3729,0036d300256c76a4f5896c9a67c09337f62afc17d020e7827ddb9cdd844e3729,949.9999999999714,951.9999999999714,0.0,0.0,0.0,0.0,80,0,0.0,False,0.0,0.0,computed_reduced_circuit_not_author_reproduction
1017,10.0,no_reward,B,trace_reset_ablation,9c550b3567fa209a47ea5cf3,0036d300256c76a4f5896c9a67c09337f62afc17d020e7827ddb9cdd844e3729,0036d300256c76a4f5896c9a67c09337f62afc17d020e7827ddb9cdd844e3729,949.9999999999714,951.9999999999714,0.0,0.0,0.0,0.0,80,0,0.0,False,0.0,0.0,computed_reduced_circuit_not_author_reproduction
1017,10.0,plasticity_disabled,A,carry_trace,c52709d821667ecdf35d3de3,0036d300256c76a4f5896c9a67c09337f62afc17d020e7827ddb9cdd844e3729,0036d300256c76a4f5896c9a67c09337f62afc17d020e7827ddb9cdd844e3729,949.9999999999714,951.9999999999714,0.0,0.0,0.0,0.0,80,40,32.0,False,0.0,0.0,computed_reduced_circuit_not_author_reproduction
1017,10.0,plasticity_disabled,A,trace_reset_ablation,9ab00827d730c65cf5efba7b,0036d300256c76a4f5896c9a67c09337f62afc17d020e7827ddb9cdd844e3729,0036d300256c76a4f5896c9a67c09337f62afc17d020e7827ddb9cdd844e3729,949.9999999999714,951.9999999999714,0.0,0.0,0.0,0.0,80,40,32.0,False,0.0,0.0,computed_reduced_circuit_not_author_reproduction
1017,10.0,plasticity_disabled,B,carry_trace,29832e5fc09b6ae37af88c04,0036d300256c76a4f5896c9a67c09337f62afc17d020e7827ddb9cdd844e3729,0036d300256c76a4f5896c9a67c09337f62afc17d020e7827ddb9cdd844e3729,949.9999999999714,951.9999999999714,0.0,0.0,0.0,0.0,80,40,32.0,False,0.0,0.0,computed_reduced_circuit_not_author_reproduction
1017,10.0,plasticity_disabled,B,trace_reset_ablation,d6e37e12a7ddb5a3a7313a55,0036d300256c76a4f5896c9a67c09337f62afc17d020e7827ddb9cdd844e3729,0036d300256c76a4f5896c9a67c09337f62afc17d020e7827ddb9cdd844e3729,949.9999999999714,951.9999999999714,0.0,0.0,0.0,0.0,80,40,32.0,False,0.0,0.0,computed_reduced_circuit_not_author_reproduction
1017,40.0,paired,A,carry_trace,122806b22754cb9ae1f5fb09,0036d300256c76a4f5896c9a67c09337f62afc17d020e7827ddb9cdd844e3729,65fb25fa73ad3500f003c7240930835925945f37f36e69305d79b2264a3cd4fc,3320.0000000000846,3322.0000000000846,0.0,0.5817959541707177,2.802748033658986e-10,0.5817959538904429,80,40,32.0,True,0.07450031096956955,0.5817959541707177,computed_reduced_circuit_not_author_reproduction
1017,40.0,paired,A,trace_reset_ablation,3a0a0a31a2629861eb5aec88,0036d300256c76a4f5896c9a67c09337f62afc17d020e7827ddb9cdd844e3729,6a3c190127ee94fba71c2a89ea935d017c6c5253c0d52d6472ccbdc89d407cd9,3320.0000000000846,3322.0000000000846,0.0,0.5817959540948734,0.0,0.5817959540948734,80,40,32.0,True,0.07450031095561449,0.5817959540948734,computed_reduced_circuit_not_author_reproduction
1017,40.0,paired,B,carry_trace,1a1a57414db1220462486116,0036d300256c76a4f5896c9a67c09337f62afc17d020e7827ddb9cdd844e3729,b8b1c5011309460648eb11edc9a65b6b0edb1e98e4c24e0007280f53dce0f261,3320.0000000000846,3322.0000000000846,0.0,0.5794915458877711,2.809121824043359e-10,0.5794915456068589,80,40,32.0,True,0.07875386577553645,0.5794915458877711,computed_reduced_circuit_not_author_reproduction
1017,40.0,paired,B,trace_reset_ablation,20407a972eac14ff5a4ef6f7,0036d300256c76a4f5896c9a67c09337f62afc17d020e7827ddb9cdd844e3729,8b37a7b69b72d21891f09394dc06bccf87248fd4601273131342e43123dc42bd,3320.0000000000846,3322.0000000000846,0.0,0.57949154580706,0.0,0.57949154580706,80,40,32.0,True,0.07875386575978904,0.57949154580706,computed_reduced_circuit_not_author_reproduction
1017,40.0,explicitly_unpaired,A,carry_trace,5e31c83f3142d466bd01f4d8,0036d300256c76a4f5896c9a67c09337f62afc17d020e7827ddb9cdd844e3729,0036d300256c76a4f5896c9a67c09337f62afc17d020e7827ddb9cdd844e3729,3320.0000000000846,3322.0000000000846,0.0,0.0,0.0,0.0,80,40,32.0,False,0.0,0.0,computed_reduced_circuit_not_author_reproduction
1017,40.0,explicitly_unpaired,A,trace_reset_ablation,dda8b88b054b04d60b8224c5,0036d300256c76a4f5896c9a67c09337f62afc17d020e7827ddb9cdd844e3729,0036d300256c76a4f5896c9a67c09337f62afc17d020e7827ddb9cdd844e3729,3320.0000000000846,3322.0000000000846,0.0,0.0,0.0,0.0,80,40,32.0,False,0.0,0.0,computed_reduced_circuit_not_author_reproduction
1017,40.0,explicitly_unpaired,B,carry_trace,15bd3fd2d3cf9b84206225a1,0036d300256c76a4f5896c9a67c09337f62afc17d020e7827ddb9cdd844e3729,0036d300256c76a4f5896c9a67c09337f62afc17d020e7827ddb9cdd844e3729,3320.0000000000846,3322.0000000000846,0.0,0.0,0.0,0.0,80,40,32.0,False,0.0,0.0,computed_reduced_circuit_not_author_reproduction
1017,40.0,explicitly_unpaired,B,trace_reset_ablation,6d55038b1ac321870cf776e8,0036d300256c76a4f5896c9a67c09337f62afc17d020e7827ddb9cdd844e3729,0036d300256c76a4f5896c9a67c09337f62afc17d020e7827ddb9cdd844e3729,3320.0000000000846,3322.0000000000846,0.0,0.0,0.0,0.0,80,40,32.0,False,0.0,0.0,computed_reduced_circuit_not_author_reproduction
1017,40.0,no_reward,A,carry_trace,73afc4b301fd9940d2467f52,0036d300256c76a4f5896c9a67c09337f62afc17d020e7827ddb9cdd844e3729,0036d300256c76a4f5896c9a67c09337f62afc17d020e7827ddb9cdd844e3729,3320.0000000000846,3322.0000000000846,0.0,0.0,0.0,0.0,80,0,0.0,False,0.0,0.0,computed_reduced_circuit_not_author_reproduction
1017,40.0,no_reward,A,trace_reset_ablation,883b532a2faf83c5bae63c2b,0036d300256c76a4f5896c9a67c09337f62afc17d020e7827ddb9cdd844e3729,0036d300256c76a4f5896c9a67c09337f62afc17d020e7827ddb9cdd844e3729,3320.0000000000846,3322.0000000000846,0.0,0.0,0.0,0.0,80,0,0.0,False,0.0,0.0,computed_reduced_circuit_not_author_reproduction
1017,40.0,no_reward,B,carry_trace,4e7809f2fe8c5ca36de15e66,0036d300256c76a4f5896c9a67c09337f62afc17d020e7827ddb9cdd844e3729,0036d300256c76a4f5896c9a67c09337f62afc17d020e7827ddb9cdd844e3729,3320.0000000000846,3322.0000000000846,0.0,0.0,0.0,0.0,80,0,0.0,False,0.0,0.0,computed_reduced_circuit_not_author_reproduction
1017,40.0,no_reward,B,trace_reset_ablation,19c5e3ec833236d8e96a5e77,0036d300256c76a4f5896c9a67c09337f62afc17d020e7827ddb9cdd844e3729,0036d300256c76a4f5896c9a67c09337f62afc17d020e7827ddb9cdd844e3729,3320.0000000000846,3322.0000000000846,0.0,0.0,0.0,0.0,80,0,0.0,False,0.0,0.0,computed_reduced_circuit_not_author_reproduction
1017,40.0,plasticity_disabled,A,carry_trace,dfd4e7dfb2681e8ef0469e8d,0036d300256c76a4f5896c9a67c09337f62afc17d020e7827ddb9cdd844e3729,0036d300256c76a4f5896c9a67c09337f62afc17d020e7827ddb9cdd844e3729,3320.0000000000846,3322.0000000000846,0.0,0.0,0.0,0.0,80,40,32.0,False,0.0,0.0,computed_reduced_circuit_not_author_reproduction
1017,40.0,plasticity_disabled,A,trace_reset_ablation,a50a9a794c8553199e51c646,0036d300256c76a4f5896c9a67c09337f62afc17d020e7827ddb9cdd844e3729,0036d300256c76a4f5896c9a67c09337f62afc17d020e7827ddb9cdd844e3729,3320.0000000000846,3322.0000000000846,0.0,0.0,0.0,0.0,80,40,32.0,False,0.0,0.0,computed_reduced_circuit_not_author_reproduction
1017,40.0,plasticity_disabled,B,carry_trace,2926729420582ae5b8223be4,0036d300256c76a4f5896c9a67c09337f62afc17d020e7827ddb9cdd844e3729,0036d300256c76a4f5896c9a67c09337f62afc17d020e7827ddb9cdd844e3729,3320.0000000000846,3322.0000000000846,0.0,0.0,0.0,0.0,80,40,32.0,False,0.0,0.0,computed_reduced_circuit_not_author_reproduction
1017,40.0,plasticity_disabled,B,trace_reset_ablation,90cc17cd57f2675b78d1cb87,0036d300256c76a4f5896c9a67c09337f62afc17d020e7827ddb9cdd844e3729,0036d300256c76a4f5896c9a67c09337f62afc17d020e7827ddb9cdd844e3729,3320.0000000000846,3322.0000000000846,0.0,0.0,0.0,0.0,80,40,32.0,False,0.0,0.0,computed_reduced_circuit_not_author_reproduction
1018,2.0,paired,A,carry_trace,d47fbeda3171c4d99de6543b,0036d300256c76a4f5896c9a67c09337f62afc17d020e7827ddb9cdd844e3729,645eab00f42b73125132f8ac4f418af0e0c7c4eecdb041dde846fbf4311d8479,318.00000000001364,320.00000000001364,0.0,0.5945906209032172,0.05303605026468805,0.5415545706385292,80,40,32.0,True,0.07388351352932632,0.5945906209032172,computed_reduced_circuit_not_author_reproduction
1018,2.0,paired,A,trace_reset_ablation,82f418cbb85017c7bf6577d9,0036d300256c76a4f5896c9a67c09337f62afc17d020e7827ddb9cdd844e3729,ab5fa6a4c513bdd73e14d3ab36d70c168502d042a5aa4f283d62666cf95e6b87,318.00000000001364,320.00000000001364,0.0,0.5871851401052409,0.0,0.5871851401052409,80,40,32.0,True,0.07107752176048354,0.5871851401052409,computed_reduced_circuit_not_author_reproduction
1018,2.0,paired,B,carry_trace,56e23c1bfeb6f2ea1794955a,0036d300256c76a4f5896c9a67c09337f62afc17d020e7827ddb9cdd844e3729,274830f12037e8800d78c509a38a10b849fb4120a9e1375a1509b84aacf3768e,318.00000000001364,320.00000000001364,0.0,0.5813140597458193,0.05424191957796731,0.527072140167852,80,40,32.0,True,0.0839529953238225,0.5813140597458193,computed_reduced_circuit_not_author_reproduction
1018,2.0,paired,B,trace_reset_ablation,a659b5f5561f56c8c1aa11bb,0036d300256c76a4f5896c9a67c09337f62afc17d020e7827ddb9cdd844e3729,fd0dc70aacbd080192e82f19bcf28373e29286f14f17c08c2649ba9647e5ed62,318.00000000001364,320.00000000001364,0.0,0.5736018345033185,0.0,0.5736018345033185,80,40,32.0,True,0.080674299497413,0.5736018345033185,computed_reduced_circuit_not_author_reproduction
1018,2.0,explicitly_unpaired,A,carry_trace,1fc76c0e64903e57036063c7,0036d300256c76a4f5896c9a67c09337f62afc17d020e7827ddb9cdd844e3729,0036d300256c76a4f5896c9a67c09337f62afc17d020e7827ddb9cdd844e3729,318.00000000001353,320.00000000001353,0.0,0.0,0.0,0.0,80,40,32.0,False,0.0,0.0,computed_reduced_circuit_not_author_reproduction
1018,2.0,explicitly_unpaired,A,trace_reset_ablation,5d2d327d7beea2c6d1ac5235,0036d300256c76a4f5896c9a67c09337f62afc17d020e7827ddb9cdd844e3729,0036d300256c76a4f5896c9a67c09337f62afc17d020e7827ddb9cdd844e3729,318.00000000001353,320.00000000001353,0.0,0.0,0.0,0.0,80,40,32.0,False,0.0,0.0,computed_reduced_circuit_not_author_reproduction
1018,2.0,explicitly_unpaired,B,carry_trace,c047e8ddd86e0f75ac8f0c0a,0036d300256c76a4f5896c9a67c09337f62afc17d020e7827ddb9cdd844e3729,0036d300256c76a4f5896c9a67c09337f62afc17d020e7827ddb9cdd844e3729,318.00000000001353,320.00000000001353,0.0,0.0,0.0,0.0,80,40,32.0,False,0.0,0.0,computed_reduced_circuit_not_author_reproduction
1018,2.0,explicitly_unpaired,B,trace_reset_ablation,c5bb3ebb74e6c3036818e3bc,0036d300256c76a4f5896c9a67c09337f62afc17d020e7827ddb9cdd844e3729,0036d300256c76a4f5896c9a67c09337f62afc17d020e7827ddb9cdd844e3729,318.00000000001353,320.00000000001353,0.0,0.0,0.0,0.0,80,40,32.0,False,0.0,0.0,computed_reduced_circuit_not_author_reproduction
1018,2.0,no_reward,A,carry_trace,970a8f9220aaeede8f6f50d5,0036d300256c76a4f5896c9a67c09337f62afc17d020e7827ddb9cdd844e3729,0036d300256c76a4f5896c9a67c09337f62afc17d020e7827ddb9cdd844e3729,318.00000000001364,320.00000000001364,0.0,0.0,0.0,0.0,80,0,0.0,False,0.0,0.0,computed_reduced_circuit_not_author_reproduction
1018,2.0,no_reward,A,trace_reset_ablation,60af63c217ad663a96a35fe4,0036d300256c76a4f5896c9a67c09337f62afc17d020e7827ddb9cdd844e3729,0036d300256c76a4f5896c9a67c09337f62afc17d020e7827ddb9cdd844e3729,318.00000000001364,320.00000000001364,0.0,0.0,0.0,0.0,80,0,0.0,False,0.0,0.0,computed_reduced_circuit_not_author_reproduction
1018,2.0,no_reward,B,carry_trace,dc2243627eedd8e1758f5f37,0036d300256c76a4f5896c9a67c09337f62afc17d020e7827ddb9cdd844e3729,0036d300256c76a4f5896c9a67c09337f62afc17d020e7827ddb9cdd844e3729,318.00000000001364,320.00000000001364,0.0,0.0,0.0,0.0,80,0,0.0,False,0.0,0.0,computed_reduced_circuit_not_author_reproduction
1018,2.0,no_reward,B,trace_reset_ablation,9393a1f3803062d76f9f2c95,0036d300256c76a4f5896c9a67c09337f62afc17d020e7827ddb9cdd844e3729,0036d300256c76a4f5896c9a67c09337f62afc17d020e7827ddb9cdd844e3729,318.00000000001364,320.00000000001364,0.0,0.0,0.0,0.0,80,0,0.0,False,0.0,0.0,computed_reduced_circuit_not_author_reproduction
1018,2.0,plasticity_disabled,A,carry_trace,eb02e3dd170449af4acaa605,0036d300256c76a4f5896c9a67c09337f62afc17d020e7827ddb9cdd844e3729,0036d300256c76a4f5896c9a67c09337f62afc17d020e7827ddb9cdd844e3729,318.00000000001364,320.00000000001364,0.0,0.0,0.0,0.0,80,40,32.0,False,0.0,0.0,computed_reduced_circuit_not_author_reproduction
1018,2.0,plasticity_disabled,A,trace_reset_ablation,f8e0bdc0077929106822dd48,0036d300256c76a4f5896c9a67c09337f62afc17d020e7827ddb9cdd844e3729,0036d300256c76a4f5896c9a67c09337f62afc17d020e7827ddb9cdd844e3729,318.00000000001364,320.00000000001364,0.0,0.0,0.0,0.0,80,40,32.0,False,0.0,0.0,computed_reduced_circuit_not_author_reproduction
1018,2.0,plasticity_disabled,B,carry_trace,3f999d1f13027bcee2e3e121,0036d300256c76a4f5896c9a67c09337f62afc17d020e7827ddb9cdd844e3729,0036d300256c76a4f5896c9a67c09337f62afc17d020e7827ddb9cdd844e3729,318.00000000001364,320.00000000001364,0.0,0.0,0.0,0.0,80,40,32.0,False,0.0,0.0,computed_reduced_circuit_not_author_reproduction
1018,2.0,plasticity_disabled,B,trace_reset_ablation,5496c604a11eaf122415c5a7,0036d300256c76a4f5896c9a67c09337f62afc17d020e7827ddb9cdd844e3729,0036d300256c76a4f5896c9a67c09337f62afc17d020e7827ddb9cdd844e3729,318.00000000001364,320.00000000001364,0.0,0.0,0.0,0.0,80,40,32.0,False,0.0,0.0,computed_reduced_circuit_not_author_reproduction
1018,10.0,paired,A,carry_trace,7ac06f534a0d0c80980b7335,0036d300256c76a4f5896c9a67c09337f62afc17d020e7827ddb9cdd844e3729,0708e9e5d2b082195cfedefd0e3a52a96ed5c1ff158e767a972abb9e06b09208,949.9999999999714,951.9999999999714,0.0,0.58740926597863,0.0008982975125879644,0.586510968466042,80,40,32.0,True,0.07111703230329036,0.58740926597863,computed_reduced_circuit_not_author_reproduction
1018,10.0,paired,A,trace_reset_ablation,094304f62fd648eabab25e57,0036d300256c76a4f5896c9a67c09337f62afc17d020e7827ddb9cdd844e3729,ab5fa6a4c513bdd73e14d3ab36d70c168502d042a5aa4f283d62666cf95e6b87,949.9999999999714,951.9999999999714,0.0,0.5871851401052409,0.0,0.5871851401052409,80,40,32.0,True,0.07107752176048354,0.5871851401052409,computed_reduced_circuit_not_author_reproduction
1018,10.0,paired,B,carry_trace,121fb1b73da70429036d42c0,0036d300256c76a4f5896c9a67c09337f62afc17d020e7827ddb9cdd844e3729,31c8d8e2393c1845fc121d41c20120e80838ba93abee061c603759e90e94bfd8,949.9999999999714,951.9999999999714,0.0,0.5738466163555096,0.0009066945214466493,0.572939921834063,80,40,32.0,True,0.08072403273148876,0.5738466163555096,computed_reduced_circuit_not_author_reproduction
1018,10.0,paired,B,trace_reset_ablation,07354234ef6fc6492feb0ba3,0036d300256c76a4f5896c9a67c09337f62afc17d020e7827ddb9cdd844e3729,fd0dc70aacbd080192e82f19bcf28373e29286f14f17c08c2649ba9647e5ed62,949.9999999999714,951.9999999999714,0.0,0.5736018345033185,0.0,0.5736018345033185,80,40,32.0,True,0.080674299497413,0.5736018345033185,computed_reduced_circuit_not_author_reproduction
1018,10.0,explicitly_unpaired,A,carry_trace,5548199fac5c4ef295a7acc9,0036d300256c76a4f5896c9a67c09337f62afc17d020e7827ddb9cdd844e3729,0036d300256c76a4f5896c9a67c09337f62afc17d020e7827ddb9cdd844e3729,949.9999999999711,951.9999999999711,0.0,0.0,0.0,0.0,80,40,32.0,False,0.0,0.0,computed_reduced_circuit_not_author_reproduction
1018,10.0,explicitly_unpaired,A,trace_reset_ablation,2a6cb7547418dd7a26e1575f,0036d300256c76a4f5896c9a67c09337f62afc17d020e7827ddb9cdd844e3729,0036d300256c76a4f5896c9a67c09337f62afc17d020e7827ddb9cdd844e3729,949.9999999999711,951.9999999999711,0.0,0.0,0.0,0.0,80,40,32.0,False,0.0,0.0,computed_reduced_circuit_not_author_reproduction
1018,10.0,explicitly_unpaired,B,carry_trace,6aede3faac5307b2e0e37ba6,0036d300256c76a4f5896c9a67c09337f62afc17d020e7827ddb9cdd844e3729,0036d300256c76a4f5896c9a67c09337f62afc17d020e7827ddb9cdd844e3729,949.9999999999711,951.9999999999711,0.0,0.0,0.0,0.0,80,40,32.0,False,0.0,0.0,computed_reduced_circuit_not_author_reproduction
1018,10.0,explicitly_unpaired,B,trace_reset_ablation,a57cbca6075d0b985097ef2a,0036d300256c76a4f5896c9a67c09337f62afc17d020e7827ddb9cdd844e3729,0036d300256c76a4f5896c9a67c09337f62afc17d020e7827ddb9cdd844e3729,949.9999999999711,951.9999999999711,0.0,0.0,0.0,0.0,80,40,32.0,False,0.0,0.0,computed_reduced_circuit_not_author_reproduction
1018,10.0,no_reward,A,carry_trace,973af757aa9d5b0cc32a079f,0036d300256c76a4f5896c9a67c09337f62afc17d020e7827ddb9cdd844e3729,0036d300256c76a4f5896c9a67c09337f62afc17d020e7827ddb9cdd844e3729,949.9999999999714,951.9999999999714,0.0,0.0,0.0,0.0,80,0,0.0,False,0.0,0.0,computed_reduced_circuit_not_author_reproduction
1018,10.0,no_reward,A,trace_reset_ablation,4b75f9060fae0ad2c1f754ce,0036d300256c76a4f5896c9a67c09337f62afc17d020e7827ddb9cdd844e3729,0036d300256c76a4f5896c9a67c09337f62afc17d020e7827ddb9cdd844e3729,949.9999999999714,951.9999999999714,0.0,0.0,0.0,0.0,80,0,0.0,False,0.0,0.0,computed_reduced_circuit_not_author_reproduction
1018,10.0,no_reward,B,carry_trace,05db4adb7fa1a28499520754,0036d300256c76a4f5896c9a67c09337f62afc17d020e7827ddb9cdd844e3729,0036d300256c76a4f5896c9a67c09337f62afc17d020e7827ddb9cdd844e3729,949.9999999999714,951.9999999999714,0.0,0.0,0.0,0.0,80,0,0.0,False,0.0,0.0,computed_reduced_circuit_not_author_reproduction
1018,10.0,no_reward,B,trace_reset_ablation,6e889c3f7e840f2076683811,0036d300256c76a4f5896c9a67c09337f62afc17d020e7827ddb9cdd844e3729,0036d300256c76a4f5896c9a67c09337f62afc17d020e7827ddb9cdd844e3729,949.9999999999714,951.9999999999714,0.0,0.0,0.0,0.0,80,0,0.0,False,0.0,0.0,computed_reduced_circuit_not_author_reproduction
1018,10.0,plasticity_disabled,A,carry_trace,9d1f6c972e2a34c25ec985f9,0036d300256c76a4f5896c9a67c09337f62afc17d020e7827ddb9cdd844e3729,0036d300256c76a4f5896c9a67c09337f62afc17d020e7827ddb9cdd844e3729,949.9999999999714,951.9999999999714,0.0,0.0,0.0,0.0,80,40,32.0,False,0.0,0.0,computed_reduced_circuit_not_author_reproduction
1018,10.0,plasticity_disabled,A,trace_reset_ablation,7a0e50b1b63f42b8ba8430e2,0036d300256c76a4f5896c9a67c09337f62afc17d020e7827ddb9cdd844e3729,0036d300256c76a4f5896c9a67c09337f62afc17d020e7827ddb9cdd844e3729,949.9999999999714,951.9999999999714,0.0,0.0,0.0,0.0,80,40,32.0,False,0.0,0.0,computed_reduced_circuit_not_author_reproduction
1018,10.0,plasticity_disabled,B,carry_trace,25f9dac339501e865cc2ba1b,0036d300256c76a4f5896c9a67c09337f62afc17d020e7827ddb9cdd844e3729,0036d300256c76a4f5896c9a67c09337f62afc17d020e7827ddb9cdd844e3729,949.9999999999714,951.9999999999714,0.0,0.0,0.0,0.0,80,40,32.0,False,0.0,0.0,computed_reduced_circuit_not_author_reproduction
1018,10.0,plasticity_disabled,B,trace_reset_ablation,722a52d7e94a4b3143af4ba5,0036d300256c76a4f5896c9a67c09337f62afc17d020e7827ddb9cdd844e3729,0036d300256c76a4f5896c9a67c09337f62afc17d020e7827ddb9cdd844e3729,949.9999999999714,951.9999999999714,0.0,0.0,0.0,0.0,80,40,32.0,False,0.0,0.0,computed_reduced_circuit_not_author_reproduction
1018,40.0,paired,A,carry_trace,77b68d6a0f7efceddb3b96ee,0036d300256c76a4f5896c9a67c09337f62afc17d020e7827ddb9cdd844e3729,1c2a2df21adcb2941ac4539864e8cd8afcc7074e1c21116ef0c4eff40201b2dd,3320.0000000000846,3322.0000000000846,0.0,0.5871851401742716,2.7454416517969094e-10,0.5871851398997274,80,40,32.0,True,0.07107752177252413,0.5871851401742716,computed_reduced_circuit_not_author_reproduction
1018,40.0,paired,A,trace_reset_ablation,5c2a0dd609e82a936553c6cb,0036d300256c76a4f5896c9a67c09337f62afc17d020e7827ddb9cdd844e3729,ab5fa6a4c513bdd73e14d3ab36d70c168502d042a5aa4f283d62666cf95e6b87,3320.0000000000846,3322.0000000000846,0.0,0.5871851401052409,0.0,0.5871851401052409,80,40,32.0,True,0.07107752176048354,0.5871851401052409,computed_reduced_circuit_not_author_reproduction
1018,40.0,paired,B,carry_trace,e1ecb2070ff867476a427350,0036d300256c76a4f5896c9a67c09337f62afc17d020e7827ddb9cdd844e3729,900a47048720545818422b08c9144ab00f6a6949019e227f38283d55829515a2,3320.0000000000846,3322.0000000000846,0.0,0.5736018345787564,2.770321749778759e-10,0.5736018343017242,80,40,32.0,True,0.08067429951259308,0.5736018345787564,computed_reduced_circuit_not_author_reproduction
1018,40.0,paired,B,trace_reset_ablation,c49ff527013ca07a27d675ad,0036d300256c76a4f5896c9a67c09337f62afc17d020e7827ddb9cdd844e3729,fd0dc70aacbd080192e82f19bcf28373e29286f14f17c08c2649ba9647e5ed62,3320.0000000000846,3322.0000000000846,0.0,0.5736018345033185,0.0,0.5736018345033185,80,40,32.0,True,0.080674299497413,0.5736018345033185,computed_reduced_circuit_not_author_reproduction
1018,40.0,explicitly_unpaired,A,carry_trace,e94285a96033c81c91c83383,0036d300256c76a4f5896c9a67c09337f62afc17d020e7827ddb9cdd844e3729,0036d300256c76a4f5896c9a67c09337f62afc17d020e7827ddb9cdd844e3729,3320.0000000000846,3322.0000000000846,0.0,0.0,0.0,0.0,80,40,32.0,False,0.0,0.0,computed_reduced_circuit_not_author_reproduction
1018,40.0,explicitly_unpaired,A,trace_reset_ablation,0ec0e982ae8fd74221be5781,0036d300256c76a4f5896c9a67c09337f62afc17d020e7827ddb9cdd844e3729,0036d300256c76a4f5896c9a67c09337f62afc17d020e7827ddb9cdd844e3729,3320.0000000000846,3322.0000000000846,0.0,0.0,0.0,0.0,80,40,32.0,False,0.0,0.0,computed_reduced_circuit_not_author_reproduction
1018,40.0,explicitly_unpaired,B,carry_trace,2f5c8a63a4f02828045f41fd,0036d300256c76a4f5896c9a67c09337f62afc17d020e7827ddb9cdd844e3729,0036d300256c76a4f5896c9a67c09337f62afc17d020e7827ddb9cdd844e3729,3320.0000000000846,3322.0000000000846,0.0,0.0,0.0,0.0,80,40,32.0,False,0.0,0.0,computed_reduced_circuit_not_author_reproduction
1018,40.0,explicitly_unpaired,B,trace_reset_ablation,c3fbf6fd251d62634275c973,0036d300256c76a4f5896c9a67c09337f62afc17d020e7827ddb9cdd844e3729,0036d300256c76a4f5896c9a67c09337f62afc17d020e7827ddb9cdd844e3729,3320.0000000000846,3322.0000000000846,0.0,0.0,0.0,0.0,80,40,32.0,False,0.0,0.0,computed_reduced_circuit_not_author_reproduction
1018,40.0,no_reward,A,carry_trace,08f6ccad37b6eb58923dc89c,0036d300256c76a4f5896c9a67c09337f62afc17d020e7827ddb9cdd844e3729,0036d300256c76a4f5896c9a67c09337f62afc17d020e7827ddb9cdd844e3729,3320.0000000000846,3322.0000000000846,0.0,0.0,0.0,0.0,80,0,0.0,False,0.0,0.0,computed_reduced_circuit_not_author_reproduction
1018,40.0,no_reward,A,trace_reset_ablation,ec7f0a3437264081301a443d,0036d300256c76a4f5896c9a67c09337f62afc17d020e7827ddb9cdd844e3729,0036d300256c76a4f5896c9a67c09337f62afc17d020e7827ddb9cdd844e3729,3320.0000000000846,3322.0000000000846,0.0,0.0,0.0,0.0,80,0,0.0,False,0.0,0.0,computed_reduced_circuit_not_author_reproduction
1018,40.0,no_reward,B,carry_trace,4fb7d8ae3c05f024fed319d9,0036d300256c76a4f5896c9a67c09337f62afc17d020e7827ddb9cdd844e3729,0036d300256c76a4f5896c9a67c09337f62afc17d020e7827ddb9cdd844e3729,3320.0000000000846,3322.0000000000846,0.0,0.0,0.0,0.0,80,0,0.0,False,0.0,0.0,computed_reduced_circuit_not_author_reproduction
1018,40.0,no_reward,B,trace_reset_ablation,415a21e0ac1f35a201540717,0036d300256c76a4f5896c9a67c09337f62afc17d020e7827ddb9cdd844e3729,0036d300256c76a4f5896c9a67c09337f62afc17d020e7827ddb9cdd844e3729,3320.0000000000846,3322.0000000000846,0.0,0.0,0.0,0.0,80,0,0.0,False,0.0,0.0,computed_reduced_circuit_not_author_reproduction
1018,40.0,plasticity_disabled,A,carry_trace,9053bf986e2835b1381fc5fa,0036d300256c76a4f5896c9a67c09337f62afc17d020e7827ddb9cdd844e3729,0036d300256c76a4f5896c9a67c09337f62afc17d020e7827ddb9cdd844e3729,3320.0000000000846,3322.0000000000846,0.0,0.0,0.0,0.0,80,40,32.0,False,0.0,0.0,computed_reduced_circuit_not_author_reproduction
1018,40.0,plasticity_disabled,A,trace_reset_ablation,69e92115c257d8f631adc04a,0036d300256c76a4f5896c9a67c09337f62afc17d020e7827ddb9cdd844e3729,0036d300256c76a4f5896c9a67c09337f62afc17d020e7827ddb9cdd844e3729,3320.0000000000846,3322.0000000000846,0.0,0.0,0.0,0.0,80,40,32.0,False,0.0,0.0,computed_reduced_circuit_not_author_reproduction
1018,40.0,plasticity_disabled,B,carry_trace,633e062c8125d0e778659cb2,0036d300256c76a4f5896c9a67c09337f62afc17d020e7827ddb9cdd844e3729,0036d300256c76a4f5896c9a67c09337f62afc17d020e7827ddb9cdd844e3729,3320.0000000000846,3322.0000000000846,0.0,0.0,0.0,0.0,80,40,32.0,False,0.0,0.0,computed_reduced_circuit_not_author_reproduction
1018,40.0,plasticity_disabled,B,trace_reset_ablation,c241ee755ef53f4a2cb486e4,0036d300256c76a4f5896c9a67c09337f62afc17d020e7827ddb9cdd844e3729,0036d300256c76a4f5896c9a67c09337f62afc17d020e7827ddb9cdd844e3729,3320.0000000000846,3322.0000000000846,0.0,0.0,0.0,0.0,80,40,32.0,False,0.0,0.0,computed_reduced_circuit_not_author_reproduction
1019,2.0,paired,A,carry_trace,9b05229f8115f0ecc5c49867,0036d300256c76a4f5896c9a67c09337f62afc17d020e7827ddb9cdd844e3729,f5bec4da12f3e5cccfb2ddb0907638adf10448f265d082777f7ddbbd03700d59,318.00000000001364,320.00000000001364,0.0,0.5871885835687299,0.05337928427132177,0.5338092992974082,80,40,32.0,True,0.08602163355018583,0.5871885835687299,computed_reduced_circuit_not_author_reproduction
1019,2.0,paired,A,trace_reset_ablation,64aa5d0f58864dedcffdb185,0036d300256c76a4f5896c9a67c09337f62afc17d020e7827ddb9cdd844e3729,93cd0ec64189a21e39f76d44307d51f608ac5d12fe0e7af51ce2dccb0492f121,318.00000000001364,320.00000000001364,0.0,0.577711742703207,0.0,0.577711742703207,80,40,32.0,True,0.08238318808375,0.577711742703207,computed_reduced_circuit_not_author_reproduction
1019,2.0,paired,B,carry_trace,4104e65ce6fa2aedb49e65d2,0036d300256c76a4f5896c9a67c09337f62afc17d020e7827ddb9cdd844e3729,a0e974adb5498b48c9b5ac4a2c98bbf511f7456af16bf35297c4bd496d092b24,318.00000000001364,320.00000000001364,0.0,0.591998845473461,0.04910589102970808,0.542892954443753,80,40,32.0,True,0.0806861602851977,0.591998845473461,computed_reduced_circuit_not_author_reproduction
1019,2.0,paired,B,trace_reset_ablation,cd32321605d86007a291d643,0036d300256c76a4f5896c9a67c09337f62afc17d020e7827ddb9cdd844e3729,16e29234610ea5ce26801be7921f94d5e62acc68be656d8d1f28b2253515065c,318.00000000001364,320.00000000001364,0.0,0.5841011215275266,0.0,0.5841011215275266,80,40,32.0,True,0.07761269837134255,0.5841011215275266,computed_reduced_circuit_not_author_reproduction
1019,2.0,explicitly_unpaired,A,carry_trace,89fde7e5697b68d451622580,0036d300256c76a4f5896c9a67c09337f62afc17d020e7827ddb9cdd844e3729,0036d300256c76a4f5896c9a67c09337f62afc17d020e7827ddb9cdd844e3729,318.00000000001353,320.00000000001353,0.0,0.0,0.0,0.0,80,40,32.0,False,0.0,0.0,computed_reduced_circuit_not_author_reproduction
1019,2.0,explicitly_unpaired,A,trace_reset_ablation,1fb955f6828f05005fa8c12b,0036d300256c76a4f5896c9a67c09337f62afc17d020e7827ddb9cdd844e3729,0036d300256c76a4f5896c9a67c09337f62afc17d020e7827ddb9cdd844e3729,318.00000000001353,320.00000000001353,0.0,0.0,0.0,0.0,80,40,32.0,False,0.0,0.0,computed_reduced_circuit_not_author_reproduction
1019,2.0,explicitly_unpaired,B,carry_trace,b7ce3d63a30a832010625047,0036d300256c76a4f5896c9a67c09337f62afc17d020e7827ddb9cdd844e3729,0036d300256c76a4f5896c9a67c09337f62afc17d020e7827ddb9cdd844e3729,318.00000000001353,320.00000000001353,0.0,0.0,0.0,0.0,80,40,32.0,False,0.0,0.0,computed_reduced_circuit_not_author_reproduction
1019,2.0,explicitly_unpaired,B,trace_reset_ablation,b0b3ebf5907c5693359dee9c,0036d300256c76a4f5896c9a67c09337f62afc17d020e7827ddb9cdd844e3729,0036d300256c76a4f5896c9a67c09337f62afc17d020e7827ddb9cdd844e3729,318.00000000001353,320.00000000001353,0.0,0.0,0.0,0.0,80,40,32.0,False,0.0,0.0,computed_reduced_circuit_not_author_reproduction
1019,2.0,no_reward,A,carry_trace,69ef5b611aaab408c6586743,0036d300256c76a4f5896c9a67c09337f62afc17d020e7827ddb9cdd844e3729,0036d300256c76a4f5896c9a67c09337f62afc17d020e7827ddb9cdd844e3729,318.00000000001364,320.00000000001364,0.0,0.0,0.0,0.0,80,0,0.0,False,0.0,0.0,computed_reduced_circuit_not_author_reproduction
1019,2.0,no_reward,A,trace_reset_ablation,38f1e293c29253d900842222,0036d300256c76a4f5896c9a67c09337f62afc17d020e7827ddb9cdd844e3729,0036d300256c76a4f5896c9a67c09337f62afc17d020e7827ddb9cdd844e3729,318.00000000001364,320.00000000001364,0.0,0.0,0.0,0.0,80,0,0.0,False,0.0,0.0,computed_reduced_circuit_not_author_reproduction
1019,2.0,no_reward,B,carry_trace,0df2d993d409891c1b41ef57,0036d300256c76a4f5896c9a67c09337f62afc17d020e7827ddb9cdd844e3729,0036d300256c76a4f5896c9a67c09337f62afc17d020e7827ddb9cdd844e3729,318.00000000001364,320.00000000001364,0.0,0.0,0.0,0.0,80,0,0.0,False,0.0,0.0,computed_reduced_circuit_not_author_reproduction
1019,2.0,no_reward,B,trace_reset_ablation,5ffb9feeeace635879b500a8,0036d300256c76a4f5896c9a67c09337f62afc17d020e7827ddb9cdd844e3729,0036d300256c76a4f5896c9a67c09337f62afc17d020e7827ddb9cdd844e3729,318.00000000001364,320.00000000001364,0.0,0.0,0.0,0.0,80,0,0.0,False,0.0,0.0,computed_reduced_circuit_not_author_reproduction
1019,2.0,plasticity_disabled,A,carry_trace,8bff63ab39f0e853d90ef441,0036d300256c76a4f5896c9a67c09337f62afc17d020e7827ddb9cdd844e3729,0036d300256c76a4f5896c9a67c09337f62afc17d020e7827ddb9cdd844e3729,318.00000000001364,320.00000000001364,0.0,0.0,0.0,0.0,80,40,32.0,False,0.0,0.0,computed_reduced_circuit_not_author_reproduction
1019,2.0,plasticity_disabled,A,trace_reset_ablation,98eba1cffb20b6674b2781e6,0036d300256c76a4f5896c9a67c09337f62afc17d020e7827ddb9cdd844e3729,0036d300256c76a4f5896c9a67c09337f62afc17d020e7827ddb9cdd844e3729,318.00000000001364,320.00000000001364,0.0,0.0,0.0,0.0,80,40,32.0,False,0.0,0.0,computed_reduced_circuit_not_author_reproduction
1019,2.0,plasticity_disabled,B,carry_trace,c88002ba3ff6c6841c2359bc,0036d300256c76a4f5896c9a67c09337f62afc17d020e7827ddb9cdd844e3729,0036d300256c76a4f5896c9a67c09337f62afc17d020e7827ddb9cdd844e3729,318.00000000001364,320.00000000001364,0.0,0.0,0.0,0.0,80,40,32.0,False,0.0,0.0,computed_reduced_circuit_not_author_reproduction
1019,2.0,plasticity_disabled,B,trace_reset_ablation,cb0fce82cf604fd41579f7dc,0036d300256c76a4f5896c9a67c09337f62afc17d020e7827ddb9cdd844e3729,0036d300256c76a4f5896c9a67c09337f62afc17d020e7827ddb9cdd844e3729,318.00000000001364,320.00000000001364,0.0,0.0,0.0,0.0,80,40,32.0,False,0.0,0.0,computed_reduced_circuit_not_author_reproduction
1019,10.0,paired,A,carry_trace,2fc5d055d5762d3b075352db,0036d300256c76a4f5896c9a67c09337f62afc17d020e7827ddb9cdd844e3729,afe2fec24eb810cb2ace89174ee670033f6d9ac948a2fc0385bc718795d0d1f2,949.9999999999714,951.9999999999714,0.0,0.5779578747001031,0.000885927637732542,0.5770719470623705,80,40,32.0,True,0.08243399908007443,0.5779578747001031,computed_reduced_circuit_not_author_reproduction
1019,10.0,paired,A,trace_reset_ablation,d9eae39b52130025790612ca,0036d300256c76a4f5896c9a67c09337f62afc17d020e7827ddb9cdd844e3729,93cd0ec64189a21e39f76d44307d51f608ac5d12fe0e7af51ce2dccb0492f121,949.9999999999714,951.9999999999714,0.0,0.577711742703207,0.0,0.577711742703207,80,40,32.0,True,0.08238318808375,0.577711742703207,computed_reduced_circuit_not_author_reproduction
1019,10.0,paired,B,carry_trace,f2a4edc29cd31dda61b56eaa,0036d300256c76a4f5896c9a67c09337f62afc17d020e7827ddb9cdd844e3729,abcc212a29e4101121ce039cd9a62f3584ba1f7c2a49faae7690171609f9da4f,949.9999999999714,951.9999999999714,0.0,0.584328702210299,0.0008037427338740688,0.5835249594764249,80,40,32.0,True,0.07765666127628068,0.584328702210299,computed_reduced_circuit_not_author_reproduction
1019,10.0,paired,B,trace_reset_ablation,0d192a246e23411cb218a754,0036d300256c76a4f5896c9a67c09337f62afc17d020e7827ddb9cdd844e3729,16e29234610ea5ce26801be7921f94d5e62acc68be656d8d1f28b2253515065c,949.9999999999714,951.9999999999714,0.0,0.5841011215275266,0.0,0.5841011215275266,80,40,32.0,True,0.07761269837134255,0.5841011215275266,computed_reduced_circuit_not_author_reproduction
1019,10.0,explicitly_unpaired,A,carry_trace,c1a4c5759e8dd9d5b09eb5f7,0036d300256c76a4f5896c9a67c09337f62afc17d020e7827ddb9cdd844e3729,0036d300256c76a4f5896c9a67c09337f62afc17d020e7827ddb9cdd844e3729,949.9999999999711,951.9999999999711,0.0,0.0,0.0,0.0,80,40,32.0,False,0.0,0.0,computed_reduced_circuit_not_author_reproduction
1019,10.0,explicitly_unpaired,A,trace_reset_ablation,5894522a2a593859e6458177,0036d300256c76a4f5896c9a67c09337f62afc17d020e7827ddb9cdd844e3729,0036d300256c76a4f5896c9a67c09337f62afc17d020e7827ddb9cdd844e3729,949.9999999999711,951.9999999999711,0.0,0.0,0.0,0.0,80,40,32.0,False,0.0,0.0,computed_reduced_circuit_not_author_reproduction
1019,10.0,explicitly_unpaired,B,carry_trace,1d3c89ae7bbdb1992a471ef1,0036d300256c76a4f5896c9a67c09337f62afc17d020e7827ddb9cdd844e3729,0036d300256c76a4f5896c9a67c09337f62afc17d020e7827ddb9cdd844e3729,949.9999999999711,951.9999999999711,0.0,0.0,0.0,0.0,80,40,32.0,False,0.0,0.0,computed_reduced_circuit_not_author_reproduction
1019,10.0,explicitly_unpaired,B,trace_reset_ablation,d24a4a4ed8505801dc593de2,0036d300256c76a4f5896c9a67c09337f62afc17d020e7827ddb9cdd844e3729,0036d300256c76a4f5896c9a67c09337f62afc17d020e7827ddb9cdd844e3729,949.9999999999711,951.9999999999711,0.0,0.0,0.0,0.0,80,40,32.0,False,0.0,0.0,computed_reduced_circuit_not_author_reproduction
1019,10.0,no_reward,A,carry_trace,9abeaf3314bbd7876f673c8e,0036d300256c76a4f5896c9a67c09337f62afc17d020e7827ddb9cdd844e3729,0036d300256c76a4f5896c9a67c09337f62afc17d020e7827ddb9cdd844e3729,949.9999999999714,951.9999999999714,0.0,0.0,0.0,0.0,80,0,0.0,False,0.0,0.0,computed_reduced_circuit_not_author_reproduction
1019,10.0,no_reward,A,trace_reset_ablation,c0cb310e0a28de4734b9cc21,0036d300256c76a4f5896c9a67c09337f62afc17d020e7827ddb9cdd844e3729,0036d300256c76a4f5896c9a67c09337f62afc17d020e7827ddb9cdd844e3729,949.9999999999714,951.9999999999714,0.0,0.0,0.0,0.0,80,0,0.0,False,0.0,0.0,computed_reduced_circuit_not_author_reproduction
1019,10.0,no_reward,B,carry_trace,454a5f9a4bab42c403b00477,0036d300256c76a4f5896c9a67c09337f62afc17d020e7827ddb9cdd844e3729,0036d300256c76a4f5896c9a67c09337f62afc17d020e7827ddb9cdd844e3729,949.9999999999714,951.9999999999714,0.0,0.0,0.0,0.0,80,0,0.0,False,0.0,0.0,computed_reduced_circuit_not_author_reproduction
1019,10.0,no_reward,B,trace_reset_ablation,74d297f63cd09a237422b14e,0036d300256c76a4f5896c9a67c09337f62afc17d020e7827ddb9cdd844e3729,0036d300256c76a4f5896c9a67c09337f62afc17d020e7827ddb9cdd844e3729,949.9999999999714,951.9999999999714,0.0,0.0,0.0,0.0,80,0,0.0,False,0.0,0.0,computed_reduced_circuit_not_author_reproduction
1019,10.0,plasticity_disabled,A,carry_trace,a0949c71819a39f507fd0851,0036d300256c76a4f5896c9a67c09337f62afc17d020e7827ddb9cdd844e3729,0036d300256c76a4f5896c9a67c09337f62afc17d020e7827ddb9cdd844e3729,949.9999999999714,951.9999999999714,0.0,0.0,0.0,0.0,80,40,32.0,False,0.0,0.0,computed_reduced_circuit_not_author_reproduction
1019,10.0,plasticity_disabled,A,trace_reset_ablation,0c122c487efea1cd214b6c3e,0036d300256c76a4f5896c9a67c09337f62afc17d020e7827ddb9cdd844e3729,0036d300256c76a4f5896c9a67c09337f62afc17d020e7827ddb9cdd844e3729,949.9999999999714,951.9999999999714,0.0,0.0,0.0,0.0,80,40,32.0,False,0.0,0.0,computed_reduced_circuit_not_author_reproduction
1019,10.0,plasticity_disabled,B,carry_trace,720f5af9e17f61f949fb7829,0036d300256c76a4f5896c9a67c09337f62afc17d020e7827ddb9cdd844e3729,0036d300256c76a4f5896c9a67c09337f62afc17d020e7827ddb9cdd844e3729,949.9999999999714,951.9999999999714,0.0,0.0,0.0,0.0,80,40,32.0,False,0.0,0.0,computed_reduced_circuit_not_author_reproduction
1019,10.0,plasticity_disabled,B,trace_reset_ablation,e6ddf04c1ba82f5600a27dd4,0036d300256c76a4f5896c9a67c09337f62afc17d020e7827ddb9cdd844e3729,0036d300256c76a4f5896c9a67c09337f62afc17d020e7827ddb9cdd844e3729,949.9999999999714,951.9999999999714,0.0,0.0,0.0,0.0,80,40,32.0,False,0.0,0.0,computed_reduced_circuit_not_author_reproduction
1019,40.0,paired,A,carry_trace,5780d330f9f8b458ddc1aa0e,0036d300256c76a4f5896c9a67c09337f62afc17d020e7827ddb9cdd844e3729,ead7787769ad6544249019bbd2726f6c75c594f89d08027f28c3ef0ea1fda6ce,3320.0000000000846,3322.0000000000846,0.0,0.5777117427788601,2.7064572805102216e-10,0.5777117425082143,80,40,32.0,True,0.08238318809922718,0.5777117427788601,computed_reduced_circuit_not_author_reproduction
1019,40.0,paired,A,trace_reset_ablation,723d2387ff57cc57ab41e65b,0036d300256c76a4f5896c9a67c09337f62afc17d020e7827ddb9cdd844e3729,93cd0ec64189a21e39f76d44307d51f608ac5d12fe0e7af51ce2dccb0492f121,3320.0000000000846,3322.0000000000846,0.0,0.577711742703207,0.0,0.577711742703207,80,40,32.0,True,0.08238318808375,0.577711742703207,computed_reduced_circuit_not_author_reproduction
1019,40.0,paired,B,carry_trace,1973a1e64d2e5927a6cf99c3,0036d300256c76a4f5896c9a67c09337f62afc17d020e7827ddb9cdd844e3729,0be0035f7bf02af6f08bc9d2d4c4bcf4912c32176ec3024927dcc28f09cf1507,3320.0000000000846,3322.0000000000846,0.0,0.5841011215975661,2.454629832726596e-10,0.5841011213521031,80,40,32.0,True,0.07761269838474139,0.5841011215975661,computed_reduced_circuit_not_author_reproduction
1019,40.0,paired,B,trace_reset_ablation,7e6696a9ba8f314007f19d4d,0036d300256c76a4f5896c9a67c09337f62afc17d020e7827ddb9cdd844e3729,16e29234610ea5ce26801be7921f94d5e62acc68be656d8d1f28b2253515065c,3320.0000000000846,3322.0000000000846,0.0,0.5841011215275266,0.0,0.5841011215275266,80,40,32.0,True,0.07761269837134255,0.5841011215275266,computed_reduced_circuit_not_author_reproduction
1019,40.0,explicitly_unpaired,A,carry_trace,db3365285bf7a3995a9ffd8c,0036d300256c76a4f5896c9a67c09337f62afc17d020e7827ddb9cdd844e3729,0036d300256c76a4f5896c9a67c09337f62afc17d020e7827ddb9cdd844e3729,3320.0000000000846,3322.0000000000846,0.0,0.0,0.0,0.0,80,40,32.0,False,0.0,0.0,computed_reduced_circuit_not_author_reproduction
1019,40.0,explicitly_unpaired,A,trace_reset_ablation,cbebe42a70bb744f2322a070,0036d300256c76a4f5896c9a67c09337f62afc17d020e7827ddb9cdd844e3729,0036d300256c76a4f5896c9a67c09337f62afc17d020e7827ddb9cdd844e3729,3320.0000000000846,3322.0000000000846,0.0,0.0,0.0,0.0,80,40,32.0,False,0.0,0.0,computed_reduced_circuit_not_author_reproduction
1019,40.0,explicitly_unpaired,B,carry_trace,97510418c95b83c7cb1b618f,0036d300256c76a4f5896c9a67c09337f62afc17d020e7827ddb9cdd844e3729,0036d300256c76a4f5896c9a67c09337f62afc17d020e7827ddb9cdd844e3729,3320.0000000000846,3322.0000000000846,0.0,0.0,0.0,0.0,80,40,32.0,False,0.0,0.0,computed_reduced_circuit_not_author_reproduction
1019,40.0,explicitly_unpaired,B,trace_reset_ablation,faefcac5988d1f140508a62e,0036d300256c76a4f5896c9a67c09337f62afc17d020e7827ddb9cdd844e3729,0036d300256c76a4f5896c9a67c09337f62afc17d020e7827ddb9cdd844e3729,3320.0000000000846,3322.0000000000846,0.0,0.0,0.0,0.0,80,40,32.0,False,0.0,0.0,computed_reduced_circuit_not_author_reproduction
1019,40.0,no_reward,A,carry_trace,bed9b4812a12770238377083,0036d300256c76a4f5896c9a67c09337f62afc17d020e7827ddb9cdd844e3729,0036d300256c76a4f5896c9a67c09337f62afc17d020e7827ddb9cdd844e3729,3320.0000000000846,3322.0000000000846,0.0,0.0,0.0,0.0,80,0,0.0,False,0.0,0.0,computed_reduced_circuit_not_author_reproduction
1019,40.0,no_reward,A,trace_reset_ablation,be946d39f874bee92d656e87,0036d300256c76a4f5896c9a67c09337f62afc17d020e7827ddb9cdd844e3729,0036d300256c76a4f5896c9a67c09337f62afc17d020e7827ddb9cdd844e3729,3320.0000000000846,3322.0000000000846,0.0,0.0,0.0,0.0,80,0,0.0,False,0.0,0.0,computed_reduced_circuit_not_author_reproduction
1019,40.0,no_reward,B,carry_trace,38a601e7bbe0d6a9ade98b71,0036d300256c76a4f5896c9a67c09337f62afc17d020e7827ddb9cdd844e3729,0036d300256c76a4f5896c9a67c09337f62afc17d020e7827ddb9cdd844e3729,3320.0000000000846,3322.0000000000846,0.0,0.0,0.0,0.0,80,0,0.0,False,0.0,0.0,computed_reduced_circuit_not_author_reproduction
1019,40.0,no_reward,B,trace_reset_ablation,a9d045c5e627cf7ac1bf7aeb,0036d300256c76a4f5896c9a67c09337f62afc17d020e7827ddb9cdd844e3729,0036d300256c76a4f5896c9a67c09337f62afc17d020e7827ddb9cdd844e3729,3320.0000000000846,3322.0000000000846,0.0,0.0,0.0,0.0,80,0,0.0,False,0.0,0.0,computed_reduced_circuit_not_author_reproduction
1019,40.0,plasticity_disabled,A,carry_trace,5ffd666127438bf0d1f3a2d5,0036d300256c76a4f5896c9a67c09337f62afc17d020e7827ddb9cdd844e3729,0036d300256c76a4f5896c9a67c09337f62afc17d020e7827ddb9cdd844e3729,3320.0000000000846,3322.0000000000846,0.0,0.0,0.0,0.0,80,40,32.0,False,0.0,0.0,computed_reduced_circuit_not_author_reproduction
1019,40.0,plasticity_disabled,A,trace_reset_ablation,cf732348fb387a11d24d29db,0036d300256c76a4f5896c9a67c09337f62afc17d020e7827ddb9cdd844e3729,0036d300256c76a4f5896c9a67c09337f62afc17d020e7827ddb9cdd844e3729,3320.0000000000846,3322.0000000000846,0.0,0.0,0.0,0.0,80,40,32.0,False,0.0,0.0,computed_reduced_circuit_not_author_reproduction
1019,40.0,plasticity_disabled,B,carry_trace,58f6949bfad077780c991207,0036d300256c76a4f5896c9a67c09337f62afc17d020e7827ddb9cdd844e3729,0036d300256c76a4f5896c9a67c09337f62afc17d020e7827ddb9cdd844e3729,3320.0000000000846,3322.0000000000846,0.0,0.0,0.0,0.0,80,40,32.0,False,0.0,0.0,computed_reduced_circuit_not_author_reproduction
1019,40.0,plasticity_disabled,B,trace_reset_ablation,c90a518b2380a3b873b7cc6c,0036d300256c76a4f5896c9a67c09337f62afc17d020e7827ddb9cdd844e3729,0036d300256c76a4f5896c9a67c09337f62afc17d020e7827ddb9cdd844e3729,3320.0000000000846,3322.0000000000846,0.0,0.0,0.0,0.0,80,40,32.0,False,0.0,0.0,computed_reduced_circuit_not_author_reproduction
1020,2.0,paired,A,carry_trace,77824f088f18d6baa13af4a2,0036d300256c76a4f5896c9a67c09337f62afc17d020e7827ddb9cdd844e3729,477dd12b01609928a58f72e342275e29480eab4a9297e809ac9529d39df22a3f,318.00000000001364,320.00000000001364,0.0,0.5807405482961457,0.0514787288722377,0.529261819423908,80,40,32.0,True,0.08389155277609683,0.5807405482961457,computed_reduced_circuit_not_author_reproduction
1020,2.0,paired,A,trace_reset_ablation,8d32a685237d2f2bc727a110,0036d300256c76a4f5896c9a67c09337f62afc17d020e7827ddb9cdd844e3729,142699a0abeb58c7af61f6d47f5807cf53da10be06b6ff22ca8f85dd1bedabdb,318.00000000001364,320.00000000001364,0.0,0.5722399054049566,0.0,0.5722399054049566,80,40,32.0,True,0.08053879734831582,0.5722399054049566,computed_reduced_circuit_not_author_reproduction
1020,2.0,paired,B,carry_trace,f278ea219259c58db00e1442,0036d300256c76a4f5896c9a67c09337f62afc17d020e7827ddb9cdd844e3729,88f855630574509d0d50bec388fa96945006c37901bf356240b989a24c3db680,318.00000000001364,320.00000000001364,0.0,0.5964037332376088,0.05109101820801887,0.5453127150295899,80,40,32.0,True,0.07361243248937,0.5964037332376088,computed_reduced_circuit_not_author_reproduction
1020,2.0,paired,B,trace_reset_ablation,f8216afa54732ee2ce3763ee,0036d300256c76a4f5896c9a67c09337f62afc17d020e7827ddb9cdd844e3729,102964a3b79b56b7ff50e2356ba7215348c2cf980f6ae016d001e09d32a009a9,318.00000000001364,320.00000000001364,0.0,0.5884346675285498,0.0,0.5884346675285498,80,40,32.0,True,0.07080054576733408,0.5884346675285498,computed_reduced_circuit_not_author_reproduction
1020,2.0,explicitly_unpaired,A,carry_trace,1b1723c6a4c94234ce6df9e3,0036d300256c76a4f5896c9a67c09337f62afc17d020e7827ddb9cdd844e3729,0036d300256c76a4f5896c9a67c09337f62afc17d020e7827ddb9cdd844e3729,318.00000000001353,320.00000000001353,0.0,0.0,0.0,0.0,80,40,32.0,False,0.0,0.0,computed_reduced_circuit_not_author_reproduction
1020,2.0,explicitly_unpaired,A,trace_reset_ablation,7ec0a1819558e73dcd27dd39,0036d300256c76a4f5896c9a67c09337f62afc17d020e7827ddb9cdd844e3729,0036d300256c76a4f5896c9a67c09337f62afc17d020e7827ddb9cdd844e3729,318.00000000001353,320.00000000001353,0.0,0.0,0.0,0.0,80,40,32.0,False,0.0,0.0,computed_reduced_circuit_not_author_reproduction
1020,2.0,explicitly_unpaired,B,carry_trace,2a350beaa12a8f48860494f8,0036d300256c76a4f5896c9a67c09337f62afc17d020e7827ddb9cdd844e3729,0036d300256c76a4f5896c9a67c09337f62afc17d020e7827ddb9cdd844e3729,318.00000000001353,320.00000000001353,0.0,0.0,0.0,0.0,80,40,32.0,False,0.0,0.0,computed_reduced_circuit_not_author_reproduction
1020,2.0,explicitly_unpaired,B,trace_reset_ablation,ce021b804a5a45414a9da5f9,0036d300256c76a4f5896c9a67c09337f62afc17d020e7827ddb9cdd844e3729,0036d300256c76a4f5896c9a67c09337f62afc17d020e7827ddb9cdd844e3729,318.00000000001353,320.00000000001353,0.0,0.0,0.0,0.0,80,40,32.0,False,0.0,0.0,computed_reduced_circuit_not_author_reproduction
1020,2.0,no_reward,A,carry_trace,62cf89f0f5ecf3e6fc1f4268,0036d300256c76a4f5896c9a67c09337f62afc17d020e7827ddb9cdd844e3729,0036d300256c76a4f5896c9a67c09337f62afc17d020e7827ddb9cdd844e3729,318.00000000001364,320.00000000001364,0.0,0.0,0.0,0.0,80,0,0.0,False,0.0,0.0,computed_reduced_circuit_not_author_reproduction
1020,2.0,no_reward,A,trace_reset_ablation,ea598f756a69bc9a87211d69,0036d300256c76a4f5896c9a67c09337f62afc17d020e7827ddb9cdd844e3729,0036d300256c76a4f5896c9a67c09337f62afc17d020e7827ddb9cdd844e3729,318.00000000001364,320.00000000001364,0.0,0.0,0.0,0.0,80,0,0.0,False,0.0,0.0,computed_reduced_circuit_not_author_reproduction
1020,2.0,no_reward,B,carry_trace,c479d344cefc2cf979b48861,0036d300256c76a4f5896c9a67c09337f62afc17d020e7827ddb9cdd844e3729,0036d300256c76a4f5896c9a67c09337f62afc17d020e7827ddb9cdd844e3729,318.00000000001364,320.00000000001364,0.0,0.0,0.0,0.0,80,0,0.0,False,0.0,0.0,computed_reduced_circuit_not_author_reproduction
1020,2.0,no_reward,B,trace_reset_ablation,94f95744e287a7641df99bd9,0036d300256c76a4f5896c9a67c09337f62afc17d020e7827ddb9cdd844e3729,0036d300256c76a4f5896c9a67c09337f62afc17d020e7827ddb9cdd844e3729,318.00000000001364,320.00000000001364,0.0,0.0,0.0,0.0,80,0,0.0,False,0.0,0.0,computed_reduced_circuit_not_author_reproduction
1020,2.0,plasticity_disabled,A,carry_trace,0e19353c7db5885870c62c71,0036d300256c76a4f5896c9a67c09337f62afc17d020e7827ddb9cdd844e3729,0036d300256c76a4f5896c9a67c09337f62afc17d020e7827ddb9cdd844e3729,318.00000000001364,320.00000000001364,0.0,0.0,0.0,0.0,80,40,32.0,False,0.0,0.0,computed_reduced_circuit_not_author_reproduction
1020,2.0,plasticity_disabled,A,trace_reset_ablation,b3a20864db12e06fea0891ed,0036d300256c76a4f5896c9a67c09337f62afc17d020e7827ddb9cdd844e3729,0036d300256c76a4f5896c9a67c09337f62afc17d020e7827ddb9cdd844e3729,318.00000000001364,320.00000000001364,0.0,0.0,0.0,0.0,80,40,32.0,False,0.0,0.0,computed_reduced_circuit_not_author_reproduction
1020,2.0,plasticity_disabled,B,carry_trace,d90b0599827c8168631b2256,0036d300256c76a4f5896c9a67c09337f62afc17d020e7827ddb9cdd844e3729,0036d300256c76a4f5896c9a67c09337f62afc17d020e7827ddb9cdd844e3729,318.00000000001364,320.00000000001364,0.0,0.0,0.0,0.0,80,40,32.0,False,0.0,0.0,computed_reduced_circuit_not_author_reproduction
1020,2.0,plasticity_disabled,B,trace_reset_ablation,bd1f87d66af3fe61895c2475,0036d300256c76a4f5896c9a67c09337f62afc17d020e7827ddb9cdd844e3729,0036d300256c76a4f5896c9a67c09337f62afc17d020e7827ddb9cdd844e3729,318.00000000001364,320.00000000001364,0.0,0.0,0.0,0.0,80,40,32.0,False,0.0,0.0,computed_reduced_circuit_not_author_reproduction
1020,10.0,paired,A,carry_trace,3e6a403ae20c6cae5768e802,0036d300256c76a4f5896c9a67c09337f62afc17d020e7827ddb9cdd844e3729,fcb4f943a90a996f5af5caabadee9e8828ec5275a5046563ed09332d911a4d60,949.9999999999714,951.9999999999714,0.0,0.5724831385015892,0.0008477568391140888,0.5716353816624751,80,40,32.0,True,0.08058817415372121,0.5724831385015892,computed_reduced_circuit_not_author_reproduction
1020,10.0,paired,A,trace_reset_ablation,5ebee93bf1c470024a4a3121,0036d300256c76a4f5896c9a67c09337f62afc17d020e7827ddb9cdd844e3729,142699a0abeb58c7af61f6d47f5807cf53da10be06b6ff22ca8f85dd1bedabdb,949.9999999999714,951.9999999999714,0.0,0.5722399054049566,0.0,0.5722399054049566,80,40,32.0,True,0.08053879734831582,0.5722399054049566,computed_reduced_circuit_not_author_reproduction
1020,10.0,paired,B,carry_trace,d92262e0291d55d09a1eb4fb,0036d300256c76a4f5896c9a67c09337f62afc17d020e7827ddb9cdd844e3729,d0891769866ac0accd029c34ad0dc4abc207cc0871e537db01d8cea272c63edd,949.9999999999714,951.9999999999714,0.0,0.5886524029839693,0.0008542159898283774,0.5877981869941409,80,40,32.0,True,0.07083870889913657,0.5886524029839693,computed_reduced_circuit_not_author_reproduction
1020,10.0,paired,B,trace_reset_ablation,8fc967aed2f64a02cc24a1a7,0036d300256c76a4f5896c9a67c09337f62afc17d020e7827ddb9cdd844e3729,102964a3b79b56b7ff50e2356ba7215348c2cf980f6ae016d001e09d32a009a9,949.9999999999714,951.9999999999714,0.0,0.5884346675285498,0.0,0.5884346675285498,80,40,32.0,True,0.07080054576733408,0.5884346675285498,computed_reduced_circuit_not_author_reproduction
1020,10.0,explicitly_unpaired,A,carry_trace,25f5266846d9d1f7886d42a5,0036d300256c76a4f5896c9a67c09337f62afc17d020e7827ddb9cdd844e3729,0036d300256c76a4f5896c9a67c09337f62afc17d020e7827ddb9cdd844e3729,949.9999999999711,951.9999999999711,0.0,0.0,0.0,0.0,80,40,32.0,False,0.0,0.0,computed_reduced_circuit_not_author_reproduction
1020,10.0,explicitly_unpaired,A,trace_reset_ablation,0d2281d343b9b035b9b1478c,0036d300256c76a4f5896c9a67c09337f62afc17d020e7827ddb9cdd844e3729,0036d300256c76a4f5896c9a67c09337f62afc17d020e7827ddb9cdd844e3729,949.9999999999711,951.9999999999711,0.0,0.0,0.0,0.0,80,40,32.0,False,0.0,0.0,computed_reduced_circuit_not_author_reproduction
1020,10.0,explicitly_unpaired,B,carry_trace,ed72a13fdb3a6eac55e8d38c,0036d300256c76a4f5896c9a67c09337f62afc17d020e7827ddb9cdd844e3729,0036d300256c76a4f5896c9a67c09337f62afc17d020e7827ddb9cdd844e3729,949.9999999999711,951.9999999999711,0.0,0.0,0.0,0.0,80,40,32.0,False,0.0,0.0,computed_reduced_circuit_not_author_reproduction
1020,10.0,explicitly_unpaired,B,trace_reset_ablation,b3715a490ae2009e38faf7f1,0036d300256c76a4f5896c9a67c09337f62afc17d020e7827ddb9cdd844e3729,0036d300256c76a4f5896c9a67c09337f62afc17d020e7827ddb9cdd844e3729,949.9999999999711,951.9999999999711,0.0,0.0,0.0,0.0,80,40,32.0,False,0.0,0.0,computed_reduced_circuit_not_author_reproduction
1020,10.0,no_reward,A,carry_trace,98fe118a098253994471488e,0036d300256c76a4f5896c9a67c09337f62afc17d020e7827ddb9cdd844e3729,0036d300256c76a4f5896c9a67c09337f62afc17d020e7827ddb9cdd844e3729,949.9999999999714,951.9999999999714,0.0,0.0,0.0,0.0,80,0,0.0,False,0.0,0.0,computed_reduced_circuit_not_author_reproduction
1020,10.0,no_reward,A,trace_reset_ablation,a398697550f6c422e3b29d02,0036d300256c76a4f5896c9a67c09337f62afc17d020e7827ddb9cdd844e3729,0036d300256c76a4f5896c9a67c09337f62afc17d020e7827ddb9cdd844e3729,949.9999999999714,951.9999999999714,0.0,0.0,0.0,0.0,80,0,0.0,False,0.0,0.0,computed_reduced_circuit_not_author_reproduction
1020,10.0,no_reward,B,carry_trace,f3ff11472459209eb6f2f066,0036d300256c76a4f5896c9a67c09337f62afc17d020e7827ddb9cdd844e3729,0036d300256c76a4f5896c9a67c09337f62afc17d020e7827ddb9cdd844e3729,949.9999999999714,951.9999999999714,0.0,0.0,0.0,0.0,80,0,0.0,False,0.0,0.0,computed_reduced_circuit_not_author_reproduction
1020,10.0,no_reward,B,trace_reset_ablation,d1c3d5adeb8c1c0da5d437cc,0036d300256c76a4f5896c9a67c09337f62afc17d020e7827ddb9cdd844e3729,0036d300256c76a4f5896c9a67c09337f62afc17d020e7827ddb9cdd844e3729,949.9999999999714,951.9999999999714,0.0,0.0,0.0,0.0,80,0,0.0,False,0.0,0.0,computed_reduced_circuit_not_author_reproduction
1020,10.0,plasticity_disabled,A,carry_trace,a363b4d67c18cac59fe6a7b3,0036d300256c76a4f5896c9a67c09337f62afc17d020e7827ddb9cdd844e3729,0036d300256c76a4f5896c9a67c09337f62afc17d020e7827ddb9cdd844e3729,949.9999999999714,951.9999999999714,0.0,0.0,0.0,0.0,80,40,32.0,False,0.0,0.0,computed_reduced_circuit_not_author_reproduction
1020,10.0,plasticity_disabled,A,trace_reset_ablation,0b96e0ba42e8c23833836e74,0036d300256c76a4f5896c9a67c09337f62afc17d020e7827ddb9cdd844e3729,0036d300256c76a4f5896c9a67c09337f62afc17d020e7827ddb9cdd844e3729,949.9999999999714,951.9999999999714,0.0,0.0,0.0,0.0,80,40,32.0,False,0.0,0.0,computed_reduced_circuit_not_author_reproduction
1020,10.0,plasticity_disabled,B,carry_trace,70d7da77f66ff047dd3af593,0036d300256c76a4f5896c9a67c09337f62afc17d020e7827ddb9cdd844e3729,0036d300256c76a4f5896c9a67c09337f62afc17d020e7827ddb9cdd844e3729,949.9999999999714,951.9999999999714,0.0,0.0,0.0,0.0,80,40,32.0,False,0.0,0.0,computed_reduced_circuit_not_author_reproduction
1020,10.0,plasticity_disabled,B,trace_reset_ablation,42be8bf9b17cc952f8ba3a38,0036d300256c76a4f5896c9a67c09337f62afc17d020e7827ddb9cdd844e3729,0036d300256c76a4f5896c9a67c09337f62afc17d020e7827ddb9cdd844e3729,949.9999999999714,951.9999999999714,0.0,0.0,0.0,0.0,80,40,32.0,False,0.0,0.0,computed_reduced_circuit_not_author_reproduction
1020,40.0,paired,A,carry_trace,55e8253e2afd86caf0725a99,0036d300256c76a4f5896c9a67c09337f62afc17d020e7827ddb9cdd844e3729,bf3853888d2c22c30f08b59aab5a141273dadb675b7c80049992a2a0e27530aa,3320.0000000000846,3322.0000000000846,0.0,0.572239905479812,2.589384262563499e-10,0.5722399052208735,80,40,32.0,True,0.08053879736337377,0.572239905479812,computed_reduced_circuit_not_author_reproduction
1020,40.0,paired,A,trace_reset_ablation,12505c3d9eb7269eb6a6b1dd,0036d300256c76a4f5896c9a67c09337f62afc17d020e7827ddb9cdd844e3729,142699a0abeb58c7af61f6d47f5807cf53da10be06b6ff22ca8f85dd1bedabdb,3320.0000000000846,3322.0000000000846,0.0,0.5722399054049566,0.0,0.5722399054049566,80,40,32.0,True,0.08053879734831582,0.5722399054049566,computed_reduced_circuit_not_author_reproduction
1020,40.0,paired,B,carry_trace,587018efc0b9b0f500783d46,0036d300256c76a4f5896c9a67c09337f62afc17d020e7827ddb9cdd844e3729,52b3d26a6cd744305eacea02a7e39fac4834d4f5d3e011b466ac1d09e94d9e72,3320.0000000000846,3322.0000000000846,0.0,0.5884346675955174,2.6099344907493105e-10,0.588434667334524,80,40,32.0,True,0.07080054577895323,0.5884346675955174,computed_reduced_circuit_not_author_reproduction
1020,40.0,paired,B,trace_reset_ablation,25ac9f44720928ee312b2eab,0036d300256c76a4f5896c9a67c09337f62afc17d020e7827ddb9cdd844e3729,102964a3b79b56b7ff50e2356ba7215348c2cf980f6ae016d001e09d32a009a9,3320.0000000000846,3322.0000000000846,0.0,0.5884346675285498,0.0,0.5884346675285498,80,40,32.0,True,0.07080054576733408,0.5884346675285498,computed_reduced_circuit_not_author_reproduction
1020,40.0,explicitly_unpaired,A,carry_trace,7dc410c443fdfadc8cd3a0ef,0036d300256c76a4f5896c9a67c09337f62afc17d020e7827ddb9cdd844e3729,0036d300256c76a4f5896c9a67c09337f62afc17d020e7827ddb9cdd844e3729,3320.0000000000846,3322.0000000000846,0.0,0.0,0.0,0.0,80,40,32.0,False,0.0,0.0,computed_reduced_circuit_not_author_reproduction
1020,40.0,explicitly_unpaired,A,trace_reset_ablation,84d8d257d5b812a0a09eba8e,0036d300256c76a4f5896c9a67c09337f62afc17d020e7827ddb9cdd844e3729,0036d300256c76a4f5896c9a67c09337f62afc17d020e7827ddb9cdd844e3729,3320.0000000000846,3322.0000000000846,0.0,0.0,0.0,0.0,80,40,32.0,False,0.0,0.0,computed_reduced_circuit_not_author_reproduction
1020,40.0,explicitly_unpaired,B,carry_trace,accda9c4c721a8e1edb2d7b0,0036d300256c76a4f5896c9a67c09337f62afc17d020e7827ddb9cdd844e3729,0036d300256c76a4f5896c9a67c09337f62afc17d020e7827ddb9cdd844e3729,3320.0000000000846,3322.0000000000846,0.0,0.0,0.0,0.0,80,40,32.0,False,0.0,0.0,computed_reduced_circuit_not_author_reproduction
1020,40.0,explicitly_unpaired,B,trace_reset_ablation,8a81f6438b3ee8c08058b1e6,0036d300256c76a4f5896c9a67c09337f62afc17d020e7827ddb9cdd844e3729,0036d300256c76a4f5896c9a67c09337f62afc17d020e7827ddb9cdd844e3729,3320.0000000000846,3322.0000000000846,0.0,0.0,0.0,0.0,80,40,32.0,False,0.0,0.0,computed_reduced_circuit_not_author_reproduction
1020,40.0,no_reward,A,carry_trace,3d2959d7d3ec7fdd366fae29,0036d300256c76a4f5896c9a67c09337f62afc17d020e7827ddb9cdd844e3729,0036d300256c76a4f5896c9a67c09337f62afc17d020e7827ddb9cdd844e3729,3320.0000000000846,3322.0000000000846,0.0,0.0,0.0,0.0,80,0,0.0,False,0.0,0.0,computed_reduced_circuit_not_author_reproduction
1020,40.0,no_reward,A,trace_reset_ablation,dc29fa626a645d3c51cb113d,0036d300256c76a4f5896c9a67c09337f62afc17d020e7827ddb9cdd844e3729,0036d300256c76a4f5896c9a67c09337f62afc17d020e7827ddb9cdd844e3729,3320.0000000000846,3322.0000000000846,0.0,0.0,0.0,0.0,80,0,0.0,False,0.0,0.0,computed_reduced_circuit_not_author_reproduction
1020,40.0,no_reward,B,carry_trace,0b2ebfed9e4ed0cd43f9f0cb,0036d300256c76a4f5896c9a67c09337f62afc17d020e7827ddb9cdd844e3729,0036d300256c76a4f5896c9a67c09337f62afc17d020e7827ddb9cdd844e3729,3320.0000000000846,3322.0000000000846,0.0,0.0,0.0,0.0,80,0,0.0,False,0.0,0.0,computed_reduced_circuit_not_author_reproduction
1020,40.0,no_reward,B,trace_reset_ablation,9246f368389d41c2ff554859,0036d300256c76a4f5896c9a67c09337f62afc17d020e7827ddb9cdd844e3729,0036d300256c76a4f5896c9a67c09337f62afc17d020e7827ddb9cdd844e3729,3320.0000000000846,3322.0000000000846,0.0,0.0,0.0,0.0,80,0,0.0,False,0.0,0.0,computed_reduced_circuit_not_author_reproduction
1020,40.0,plasticity_disabled,A,carry_trace,062810e61d32750f8758c7e7,0036d300256c76a4f5896c9a67c09337f62afc17d020e7827ddb9cdd844e3729,0036d300256c76a4f5896c9a67c09337f62afc17d020e7827ddb9cdd844e3729,3320.0000000000846,3322.0000000000846,0.0,0.0,0.0,0.0,80,40,32.0,False,0.0,0.0,computed_reduced_circuit_not_author_reproduction
1020,40.0,plasticity_disabled,A,trace_reset_ablation,44f3a721c9b45bf09f0cd8b2,0036d300256c76a4f5896c9a67c09337f62afc17d020e7827ddb9cdd844e3729,0036d300256c76a4f5896c9a67c09337f62afc17d020e7827ddb9cdd844e3729,3320.0000000000846,3322.0000000000846,0.0,0.0,0.0,0.0,80,40,32.0,False,0.0,0.0,computed_reduced_circuit_not_author_reproduction
1020,40.0,plasticity_disabled,B,carry_trace,3168946c72fcad692a6812f6,0036d300256c76a4f5896c9a67c09337f62afc17d020e7827ddb9cdd844e3729,0036d300256c76a4f5896c9a67c09337f62afc17d020e7827ddb9cdd844e3729,3320.0000000000846,3322.0000000000846,0.0,0.0,0.0,0.0,80,40,32.0,False,0.0,0.0,computed_reduced_circuit_not_author_reproduction
1020,40.0,plasticity_disabled,B,trace_reset_ablation,8f9d5b397c2ef9fc8ce1e704,0036d300256c76a4f5896c9a67c09337f62afc17d020e7827ddb9cdd844e3729,0036d300256c76a4f5896c9a67c09337f62afc17d020e7827ddb9cdd844e3729,3320.0000000000846,3322.0000000000846,0.0,0.0,0.0,0.0,80,40,32.0,False,0.0,0.0,computed_reduced_circuit_not_author_reproduction
1021,2.0,paired,A,carry_trace,d791ae9036c719339e04f973,0036d300256c76a4f5896c9a67c09337f62afc17d020e7827ddb9cdd844e3729,db46a08622056a7c5b5a2185fb1bc6a60bf918e7e62ea773fdf6c614bad2ee5b,318.00000000001364,320.00000000001364,0.0,0.5913756047614213,0.055291347576047145,0.5360842571853741,80,40,32.0,True,0.07952673559003709,0.5913756047614213,computed_reduced_circuit_not_author_reproduction
1021,2.0,paired,A,trace_reset_ablation,0e408bae2a0800f3f14f34f8,0036d300256c76a4f5896c9a67c09337f62afc17d020e7827ddb9cdd844e3729,c4c4e23e4d39f92a1b9a4fbbbedf13cb65fb493dadeac26df94b9aed59e270d9,318.00000000001364,320.00000000001364,0.0,0.5818368470969821,0.0,0.5818368470969821,80,40,32.0,True,0.07603480025240172,0.5818368470969821,computed_reduced_circuit_not_author_reproduction
1021,2.0,paired,B,carry_trace,53128972cee776c1c258fd1e,0036d300256c76a4f5896c9a67c09337f62afc17d020e7827ddb9cdd844e3729,61dc9c4b270889a0bc07eb59eef2f89dafa5cef778d39b3508e5f0954839d56d,318.00000000001364,320.00000000001364,0.0,0.5880966475803059,0.05125376808166504,0.5368428794986408,80,40,32.0,True,0.07874982278905862,0.5880966475803059,computed_reduced_circuit_not_author_reproduction
1021,2.0,paired,B,trace_reset_ablation,4e81db3fa822d9b6444d23fc,0036d300256c76a4f5896c9a67c09337f62afc17d020e7827ddb9cdd844e3729,b2ca98dae040a784cac91f2849f695aa770e4020629e7ddf8979c3f1aafa19d5,318.00000000001364,320.00000000001364,0.0,0.579306295367772,0.0,0.579306295367772,80,40,32.0,True,0.07542111935810691,0.579306295367772,computed_reduced_circuit_not_author_reproduction
1021,2.0,explicitly_unpaired,A,carry_trace,3c1c31f9f9fbb936cc66ad23,0036d300256c76a4f5896c9a67c09337f62afc17d020e7827ddb9cdd844e3729,0036d300256c76a4f5896c9a67c09337f62afc17d020e7827ddb9cdd844e3729,318.00000000001353,320.00000000001353,0.0,0.0,0.0,0.0,80,40,32.0,False,0.0,0.0,computed_reduced_circuit_not_author_reproduction
1021,2.0,explicitly_unpaired,A,trace_reset_ablation,ddc00b27aa4525e5c192125e,0036d300256c76a4f5896c9a67c09337f62afc17d020e7827ddb9cdd844e3729,0036d300256c76a4f5896c9a67c09337f62afc17d020e7827ddb9cdd844e3729,318.00000000001353,320.00000000001353,0.0,0.0,0.0,0.0,80,40,32.0,False,0.0,0.0,computed_reduced_circuit_not_author_reproduction
1021,2.0,explicitly_unpaired,B,carry_trace,4ce6c62caa684b78d3140e2a,0036d300256c76a4f5896c9a67c09337f62afc17d020e7827ddb9cdd844e3729,0036d300256c76a4f5896c9a67c09337f62afc17d020e7827ddb9cdd844e3729,318.00000000001353,320.00000000001353,0.0,0.0,0.0,0.0,80,40,32.0,False,0.0,0.0,computed_reduced_circuit_not_author_reproduction
1021,2.0,explicitly_unpaired,B,trace_reset_ablation,485525ebc286f1a57baad04e,0036d300256c76a4f5896c9a67c09337f62afc17d020e7827ddb9cdd844e3729,0036d300256c76a4f5896c9a67c09337f62afc17d020e7827ddb9cdd844e3729,318.00000000001353,320.00000000001353,0.0,0.0,0.0,0.0,80,40,32.0,False,0.0,0.0,computed_reduced_circuit_not_author_reproduction
1021,2.0,no_reward,A,carry_trace,082103e402b78356953da791,0036d300256c76a4f5896c9a67c09337f62afc17d020e7827ddb9cdd844e3729,0036d300256c76a4f5896c9a67c09337f62afc17d020e7827ddb9cdd844e3729,318.00000000001364,320.00000000001364,0.0,0.0,0.0,0.0,80,0,0.0,False,0.0,0.0,computed_reduced_circuit_not_author_reproduction
1021,2.0,no_reward,A,trace_reset_ablation,0a741225044ac8ec64794c55,0036d300256c76a4f5896c9a67c09337f62afc17d020e7827ddb9cdd844e3729,0036d300256c76a4f5896c9a67c09337f62afc17d020e7827ddb9cdd844e3729,318.00000000001364,320.00000000001364,0.0,0.0,0.0,0.0,80,0,0.0,False,0.0,0.0,computed_reduced_circuit_not_author_reproduction
1021,2.0,no_reward,B,carry_trace,dbffaa9eafaeb34420ee94f2,0036d300256c76a4f5896c9a67c09337f62afc17d020e7827ddb9cdd844e3729,0036d300256c76a4f5896c9a67c09337f62afc17d020e7827ddb9cdd844e3729,318.00000000001364,320.00000000001364,0.0,0.0,0.0,0.0,80,0,0.0,False,0.0,0.0,computed_reduced_circuit_not_author_reproduction
1021,2.0,no_reward,B,trace_reset_ablation,9ab53725f6fc90f318081166,0036d300256c76a4f5896c9a67c09337f62afc17d020e7827ddb9cdd844e3729,0036d300256c76a4f5896c9a67c09337f62afc17d020e7827ddb9cdd844e3729,318.00000000001364,320.00000000001364,0.0,0.0,0.0,0.0,80,0,0.0,False,0.0,0.0,computed_reduced_circuit_not_author_reproduction
1021,2.0,plasticity_disabled,A,carry_trace,3e3f03526f071a1312356b86,0036d300256c76a4f5896c9a67c09337f62afc17d020e7827ddb9cdd844e3729,0036d300256c76a4f5896c9a67c09337f62afc17d020e7827ddb9cdd844e3729,318.00000000001364,320.00000000001364,0.0,0.0,0.0,0.0,80,40,32.0,False,0.0,0.0,computed_reduced_circuit_not_author_reproduction
1021,2.0,plasticity_disabled,A,trace_reset_ablation,b3e6bc100de21c027a49bb81,0036d300256c76a4f5896c9a67c09337f62afc17d020e7827ddb9cdd844e3729,0036d300256c76a4f5896c9a67c09337f62afc17d020e7827ddb9cdd844e3729,318.00000000001364,320.00000000001364,0.0,0.0,0.0,0.0,80,40,32.0,False,0.0,0.0,computed_reduced_circuit_not_author_reproduction
1021,2.0,plasticity_disabled,B,carry_trace,a927d8316b47b7668a0b0978,0036d300256c76a4f5896c9a67c09337f62afc17d020e7827ddb9cdd844e3729,0036d300256c76a4f5896c9a67c09337f62afc17d020e7827ddb9cdd844e3729,318.00000000001364,320.00000000001364,0.0,0.0,0.0,0.0,80,40,32.0,False,0.0,0.0,computed_reduced_circuit_not_author_reproduction
1021,2.0,plasticity_disabled,B,trace_reset_ablation,131369ad9ded690254dabd1b,0036d300256c76a4f5896c9a67c09337f62afc17d020e7827ddb9cdd844e3729,0036d300256c76a4f5896c9a67c09337f62afc17d020e7827ddb9cdd844e3729,318.00000000001364,320.00000000001364,0.0,0.0,0.0,0.0,80,40,32.0,False,0.0,0.0,computed_reduced_circuit_not_author_reproduction
1021,10.0,paired,A,carry_trace,14f7a0dfada1e43480259c45,0036d300256c76a4f5896c9a67c09337f62afc17d020e7827ddb9cdd844e3729,26adee807dc7ee1e7ea295b177ebaddbb29843ff7aab5852e38e0ebc5ceb1183,949.9999999999714,951.9999999999714,0.0,0.5820865893174614,0.00093278642921657,0.5811538028882448,80,40,32.0,True,0.07608217056771294,0.5820865893174614,computed_reduced_circuit_not_author_reproduction
1021,10.0,paired,A,trace_reset_ablation,5e01a66bb81c16a30ab38ea8,0036d300256c76a4f5896c9a67c09337f62afc17d020e7827ddb9cdd844e3729,c4c4e23e4d39f92a1b9a4fbbbedf13cb65fb493dadeac26df94b9aed59e270d9,949.9999999999714,951.9999999999714,0.0,0.5818368470969821,0.0,0.5818368470969821,80,40,32.0,True,0.07603480025240172,0.5818368470969821,computed_reduced_circuit_not_author_reproduction
1021,10.0,paired,B,carry_trace,d589548940aa860d40821b70,0036d300256c76a4f5896c9a67c09337f62afc17d020e7827ddb9cdd844e3729,3cef174228c54d077c08b80be8600761c0ad744cf69f23fbb0d8b0a8444066dc,949.9999999999714,951.9999999999714,0.0,0.579559409484146,0.0008521978334883329,0.5787072116506576,80,40,32.0,True,0.07546886976521605,0.579559409484146,computed_reduced_circuit_not_author_reproduction
1021,10.0,paired,B,trace_reset_ablation,59bf3d5981fefb0b0c23ae8a,0036d300256c76a4f5896c9a67c09337f62afc17d020e7827ddb9cdd844e3729,b2ca98dae040a784cac91f2849f695aa770e4020629e7ddf8979c3f1aafa19d5,949.9999999999714,951.9999999999714,0.0,0.579306295367772,0.0,0.579306295367772,80,40,32.0,True,0.07542111935810691,0.579306295367772,computed_reduced_circuit_not_author_reproduction
1021,10.0,explicitly_unpaired,A,carry_trace,edabfccd6520864fe477aff8,0036d300256c76a4f5896c9a67c09337f62afc17d020e7827ddb9cdd844e3729,0036d300256c76a4f5896c9a67c09337f62afc17d020e7827ddb9cdd844e3729,949.9999999999711,951.9999999999711,0.0,0.0,0.0,0.0,80,40,32.0,False,0.0,0.0,computed_reduced_circuit_not_author_reproduction
1021,10.0,explicitly_unpaired,A,trace_reset_ablation,bb10ce0fa14389a6dbaf5da5,0036d300256c76a4f5896c9a67c09337f62afc17d020e7827ddb9cdd844e3729,0036d300256c76a4f5896c9a67c09337f62afc17d020e7827ddb9cdd844e3729,949.9999999999711,951.9999999999711,0.0,0.0,0.0,0.0,80,40,32.0,False,0.0,0.0,computed_reduced_circuit_not_author_reproduction
1021,10.0,explicitly_unpaired,B,carry_trace,2d239135483c1d0155c38ed7,0036d300256c76a4f5896c9a67c09337f62afc17d020e7827ddb9cdd844e3729,0036d300256c76a4f5896c9a67c09337f62afc17d020e7827ddb9cdd844e3729,949.9999999999711,951.9999999999711,0.0,0.0,0.0,0.0,80,40,32.0,False,0.0,0.0,computed_reduced_circuit_not_author_reproduction
1021,10.0,explicitly_unpaired,B,trace_reset_ablation,de29e04b69deba6ab80c0ceb,0036d300256c76a4f5896c9a67c09337f62afc17d020e7827ddb9cdd844e3729,0036d300256c76a4f5896c9a67c09337f62afc17d020e7827ddb9cdd844e3729,949.9999999999711,951.9999999999711,0.0,0.0,0.0,0.0,80,40,32.0,False,0.0,0.0,computed_reduced_circuit_not_author_reproduction
1021,10.0,no_reward,A,carry_trace,6a30836e653a375f00196c41,0036d300256c76a4f5896c9a67c09337f62afc17d020e7827ddb9cdd844e3729,0036d300256c76a4f5896c9a67c09337f62afc17d020e7827ddb9cdd844e3729,949.9999999999714,951.9999999999714,0.0,0.0,0.0,0.0,80,0,0.0,False,0.0,0.0,computed_reduced_circuit_not_author_reproduction
1021,10.0,no_reward,A,trace_reset_ablation,1965b7078247afbd0dc72cf6,0036d300256c76a4f5896c9a67c09337f62afc17d020e7827ddb9cdd844e3729,0036d300256c76a4f5896c9a67c09337f62afc17d020e7827ddb9cdd844e3729,949.9999999999714,951.9999999999714,0.0,0.0,0.0,0.0,80,0,0.0,False,0.0,0.0,computed_reduced_circuit_not_author_reproduction
1021,10.0,no_reward,B,carry_trace,382025dc6e767b1d3c230dbc,0036d300256c76a4f5896c9a67c09337f62afc17d020e7827ddb9cdd844e3729,0036d300256c76a4f5896c9a67c09337f62afc17d020e7827ddb9cdd844e3729,949.9999999999714,951.9999999999714,0.0,0.0,0.0,0.0,80,0,0.0,False,0.0,0.0,computed_reduced_circuit_not_author_reproduction
1021,10.0,no_reward,B,trace_reset_ablation,8c7027ed7090e71483805d53,0036d300256c76a4f5896c9a67c09337f62afc17d020e7827ddb9cdd844e3729,0036d300256c76a4f5896c9a67c09337f62afc17d020e7827ddb9cdd844e3729,949.9999999999714,951.9999999999714,0.0,0.0,0.0,0.0,80,0,0.0,False,0.0,0.0,computed_reduced_circuit_not_author_reproduction
1021,10.0,plasticity_disabled,A,carry_trace,6ec91b7e0b0f2fb127d4b03a,0036d300256c76a4f5896c9a67c09337f62afc17d020e7827ddb9cdd844e3729,0036d300256c76a4f5896c9a67c09337f62afc17d020e7827ddb9cdd844e3729,949.9999999999714,951.9999999999714,0.0,0.0,0.0,0.0,80,40,32.0,False,0.0,0.0,computed_reduced_circuit_not_author_reproduction
1021,10.0,plasticity_disabled,A,trace_reset_ablation,ddcf00d8feb7fe0cecb6f16c,0036d300256c76a4f5896c9a67c09337f62afc17d020e7827ddb9cdd844e3729,0036d300256c76a4f5896c9a67c09337f62afc17d020e7827ddb9cdd844e3729,949.9999999999714,951.9999999999714,0.0,0.0,0.0,0.0,80,40,32.0,False,0.0,0.0,computed_reduced_circuit_not_author_reproduction
1021,10.0,plasticity_disabled,B,carry_trace,803396ecea68cbf89d83156a,0036d300256c76a4f5896c9a67c09337f62afc17d020e7827ddb9cdd844e3729,0036d300256c76a4f5896c9a67c09337f62afc17d020e7827ddb9cdd844e3729,949.9999999999714,951.9999999999714,0.0,0.0,0.0,0.0,80,40,32.0,False,0.0,0.0,computed_reduced_circuit_not_author_reproduction
1021,10.0,plasticity_disabled,B,trace_reset_ablation,3d010c86f23117a02f79794a,0036d300256c76a4f5896c9a67c09337f62afc17d020e7827ddb9cdd844e3729,0036d300256c76a4f5896c9a67c09337f62afc17d020e7827ddb9cdd844e3729,949.9999999999714,951.9999999999714,0.0,0.0,0.0,0.0,80,40,32.0,False,0.0,0.0,computed_reduced_circuit_not_author_reproduction
1021,40.0,paired,A,carry_trace,9bf17d2520e624dbacad115c,0036d300256c76a4f5896c9a67c09337f62afc17d020e7827ddb9cdd844e3729,d59cd528dfbab2af5b6ae403f77faa919135774a9883c1e65bc782254b0fd346,3320.0000000000846,3322.0000000000846,0.0,0.5818368471737683,2.8505597882144684e-10,0.5818368468887123,80,40,32.0,True,0.0760348002668233,0.5818368471737683,computed_reduced_circuit_not_author_reproduction
1021,40.0,paired,A,trace_reset_ablation,3d5c2aea416929c741ee0a58,0036d300256c76a4f5896c9a67c09337f62afc17d020e7827ddb9cdd844e3729,c4c4e23e4d39f92a1b9a4fbbbedf13cb65fb493dadeac26df94b9aed59e270d9,3320.0000000000846,3322.0000000000846,0.0,0.5818368470969821,0.0,0.5818368470969821,80,40,32.0,True,0.07603480025240172,0.5818368470969821,computed_reduced_circuit_not_author_reproduction
1021,40.0,paired,B,carry_trace,0259656b907997c453bb2ade,0036d300256c76a4f5896c9a67c09337f62afc17d020e7827ddb9cdd844e3729,44813fc655b607e66c551317c63720ad96c610674f436c91aa4b518f7d122988,3320.0000000000846,3322.0000000000846,0.0,0.5793062954456814,2.6035129607748786e-10,0.5793062951853301,80,40,32.0,True,0.07542111937266027,0.5793062954456814,computed_reduced_circuit_not_author_reproduction
1021,40.0,paired,B,trace_reset_ablation,57e99e0faf606927331f7fb7,0036d300256c76a4f5896c9a67c09337f62afc17d020e7827ddb9cdd844e3729,b2ca98dae040a784cac91f2849f695aa770e4020629e7ddf8979c3f1aafa19d5,3320.0000000000846,3322.0000000000846,0.0,0.579306295367772,0.0,0.579306295367772,80,40,32.0,True,0.07542111935810691,0.579306295367772,computed_reduced_circuit_not_author_reproduction
1021,40.0,explicitly_unpaired,A,carry_trace,85e44c8d4a32bea393adbe70,0036d300256c76a4f5896c9a67c09337f62afc17d020e7827ddb9cdd844e3729,0036d300256c76a4f5896c9a67c09337f62afc17d020e7827ddb9cdd844e3729,3320.0000000000846,3322.0000000000846,0.0,0.0,0.0,0.0,80,40,32.0,False,0.0,0.0,computed_reduced_circuit_not_author_reproduction
1021,40.0,explicitly_unpaired,A,trace_reset_ablation,c33828853e93e3bac4e4316a,0036d300256c76a4f5896c9a67c09337f62afc17d020e7827ddb9cdd844e3729,0036d300256c76a4f5896c9a67c09337f62afc17d020e7827ddb9cdd844e3729,3320.0000000000846,3322.0000000000846,0.0,0.0,0.0,0.0,80,40,32.0,False,0.0,0.0,computed_reduced_circuit_not_author_reproduction
1021,40.0,explicitly_unpaired,B,carry_trace,4c8bdca5b674f6bdf212bd62,0036d300256c76a4f5896c9a67c09337f62afc17d020e7827ddb9cdd844e3729,0036d300256c76a4f5896c9a67c09337f62afc17d020e7827ddb9cdd844e3729,3320.0000000000846,3322.0000000000846,0.0,0.0,0.0,0.0,80,40,32.0,False,0.0,0.0,computed_reduced_circuit_not_author_reproduction
1021,40.0,explicitly_unpaired,B,trace_reset_ablation,e9312468b5e27fccd4045d11,0036d300256c76a4f5896c9a67c09337f62afc17d020e7827ddb9cdd844e3729,0036d300256c76a4f5896c9a67c09337f62afc17d020e7827ddb9cdd844e3729,3320.0000000000846,3322.0000000000846,0.0,0.0,0.0,0.0,80,40,32.0,False,0.0,0.0,computed_reduced_circuit_not_author_reproduction
1021,40.0,no_reward,A,carry_trace,68373c09e154b948dbf6e006,0036d300256c76a4f5896c9a67c09337f62afc17d020e7827ddb9cdd844e3729,0036d300256c76a4f5896c9a67c09337f62afc17d020e7827ddb9cdd844e3729,3320.0000000000846,3322.0000000000846,0.0,0.0,0.0,0.0,80,0,0.0,False,0.0,0.0,computed_reduced_circuit_not_author_reproduction
1021,40.0,no_reward,A,trace_reset_ablation,a50df957450cd5716c86a4cd,0036d300256c76a4f5896c9a67c09337f62afc17d020e7827ddb9cdd844e3729,0036d300256c76a4f5896c9a67c09337f62afc17d020e7827ddb9cdd844e3729,3320.0000000000846,3322.0000000000846,0.0,0.0,0.0,0.0,80,0,0.0,False,0.0,0.0,computed_reduced_circuit_not_author_reproduction
1021,40.0,no_reward,B,carry_trace,279dcee6fca75d89227891ec,0036d300256c76a4f5896c9a67c09337f62afc17d020e7827ddb9cdd844e3729,0036d300256c76a4f5896c9a67c09337f62afc17d020e7827ddb9cdd844e3729,3320.0000000000846,3322.0000000000846,0.0,0.0,0.0,0.0,80,0,0.0,False,0.0,0.0,computed_reduced_circuit_not_author_reproduction
1021,40.0,no_reward,B,trace_reset_ablation,aa1b2cec2e73baf4f7aa38d6,0036d300256c76a4f5896c9a67c09337f62afc17d020e7827ddb9cdd844e3729,0036d300256c76a4f5896c9a67c09337f62afc17d020e7827ddb9cdd844e3729,3320.0000000000846,3322.0000000000846,0.0,0.0,0.0,0.0,80,0,0.0,False,0.0,0.0,computed_reduced_circuit_not_author_reproduction
1021,40.0,plasticity_disabled,A,carry_trace,c5a6f48afee603d8431c9c02,0036d300256c76a4f5896c9a67c09337f62afc17d020e7827ddb9cdd844e3729,0036d300256c76a4f5896c9a67c09337f62afc17d020e7827ddb9cdd844e3729,3320.0000000000846,3322.0000000000846,0.0,0.0,0.0,0.0,80,40,32.0,False,0.0,0.0,computed_reduced_circuit_not_author_reproduction
1021,40.0,plasticity_disabled,A,trace_reset_ablation,8adcf25d53f5ef0ca3013da4,0036d300256c76a4f5896c9a67c09337f62afc17d020e7827ddb9cdd844e3729,0036d300256c76a4f5896c9a67c09337f62afc17d020e7827ddb9cdd844e3729,3320.0000000000846,3322.0000000000846,0.0,0.0,0.0,0.0,80,40,32.0,False,0.0,0.0,computed_reduced_circuit_not_author_reproduction
1021,40.0,plasticity_disabled,B,carry_trace,303e0d9aa80ea75bbee40cc4,0036d300256c76a4f5896c9a67c09337f62afc17d020e7827ddb9cdd844e3729,0036d300256c76a4f5896c9a67c09337f62afc17d020e7827ddb9cdd844e3729,3320.0000000000846,3322.0000000000846,0.0,0.0,0.0,0.0,80,40,32.0,False,0.0,0.0,computed_reduced_circuit_not_author_reproduction
1021,40.0,plasticity_disabled,B,trace_reset_ablation,b1af0c81694181ce9af1dda8,0036d300256c76a4f5896c9a67c09337f62afc17d020e7827ddb9cdd844e3729,0036d300256c76a4f5896c9a67c09337f62afc17d020e7827ddb9cdd844e3729,3320.0000000000846,3322.0000000000846,0.0,0.0,0.0,0.0,80,40,32.0,False,0.0,0.0,computed_reduced_circuit_not_author_reproduction
1022,2.0,paired,A,carry_trace,f3d744c3f7d7c769cfcd7dce,0036d300256c76a4f5896c9a67c09337f62afc17d020e7827ddb9cdd844e3729,727f3a4d8a111fb8b969ad0bb5e8ceda4ace0e622e5e11b961120591f85ea7bf,318.00000000001364,320.00000000001364,0.0,0.5837339918626189,0.04856996996241081,0.5351640219002081,80,40,32.0,True,0.07543308175110708,0.5837339918626189,computed_reduced_circuit_not_author_reproduction
1022,2.0,paired,A,trace_reset_ablation,7a22b624c91631414925f09e,0036d300256c76a4f5896c9a67c09337f62afc17d020e7827ddb9cdd844e3729,a47bae2b1cd9acb0338935a24cdb8de63b8db14d5f757058e3f0728cce7f4179,318.00000000001364,320.00000000001364,0.0,0.5746230510115324,0.0,0.5746230510115324,80,40,32.0,True,0.07231173064282292,0.5746230510115324,computed_reduced_circuit_not_author_reproduction
1022,2.0,paired,B,carry_trace,36ad9c9f1eb396690a9d769f,0036d300256c76a4f5896c9a67c09337f62afc17d020e7827ddb9cdd844e3729,a683fc1733afe0e21daeef2c6538c85d7285ed1006a809eef8088fc0ab7de040,318.00000000001364,320.00000000001364,0.0,0.5933762126064916,0.04999311693957087,0.5433830956669208,80,40,32.0,True,0.07090683886201476,0.5933762126064916,computed_reduced_circuit_not_author_reproduction
1022,2.0,paired,B,trace_reset_ablation,3cea557af6e5dc79379405b2,0036d300256c76a4f5896c9a67c09337f62afc17d020e7827ddb9cdd844e3729,721b012fd62a9e4f050c479dcf47b76d2caa00d6732819e7a6e0de79b49528c8,318.00000000001364,320.00000000001364,0.0,0.585224488646196,0.0,0.585224488646196,80,40,32.0,True,0.06824657687219116,0.585224488646196,computed_reduced_circuit_not_author_reproduction
1022,2.0,explicitly_unpaired,A,carry_trace,c1ef4e91143fd35d171758f6,0036d300256c76a4f5896c9a67c09337f62afc17d020e7827ddb9cdd844e3729,0036d300256c76a4f5896c9a67c09337f62afc17d020e7827ddb9cdd844e3729,318.00000000001353,320.00000000001353,0.0,0.0,0.0,0.0,80,40,32.0,False,0.0,0.0,computed_reduced_circuit_not_author_reproduction
1022,2.0,explicitly_unpaired,A,trace_reset_ablation,0a8a2d023a9e5b518fd18350,0036d300256c76a4f5896c9a67c09337f62afc17d020e7827ddb9cdd844e3729,0036d300256c76a4f5896c9a67c09337f62afc17d020e7827ddb9cdd844e3729,318.00000000001353,320.00000000001353,0.0,0.0,0.0,0.0,80,40,32.0,False,0.0,0.0,computed_reduced_circuit_not_author_reproduction
1022,2.0,explicitly_unpaired,B,carry_trace,02c18f4374550cdce5c4c6ec,0036d300256c76a4f5896c9a67c09337f62afc17d020e7827ddb9cdd844e3729,0036d300256c76a4f5896c9a67c09337f62afc17d020e7827ddb9cdd844e3729,318.00000000001353,320.00000000001353,0.0,0.0,0.0,0.0,80,40,32.0,False,0.0,0.0,computed_reduced_circuit_not_author_reproduction
1022,2.0,explicitly_unpaired,B,trace_reset_ablation,237ad2755bdfb451055c83ee,0036d300256c76a4f5896c9a67c09337f62afc17d020e7827ddb9cdd844e3729,0036d300256c76a4f5896c9a67c09337f62afc17d020e7827ddb9cdd844e3729,318.00000000001353,320.00000000001353,0.0,0.0,0.0,0.0,80,40,32.0,False,0.0,0.0,computed_reduced_circuit_not_author_reproduction
1022,2.0,no_reward,A,carry_trace,813e95c10a2114db0b5c2076,0036d300256c76a4f5896c9a67c09337f62afc17d020e7827ddb9cdd844e3729,0036d300256c76a4f5896c9a67c09337f62afc17d020e7827ddb9cdd844e3729,318.00000000001364,320.00000000001364,0.0,0.0,0.0,0.0,80,0,0.0,False,0.0,0.0,computed_reduced_circuit_not_author_reproduction
1022,2.0,no_reward,A,trace_reset_ablation,760ffcaf0ff974315446eb65,0036d300256c76a4f5896c9a67c09337f62afc17d020e7827ddb9cdd844e3729,0036d300256c76a4f5896c9a67c09337f62afc17d020e7827ddb9cdd844e3729,318.00000000001364,320.00000000001364,0.0,0.0,0.0,0.0,80,0,0.0,False,0.0,0.0,computed_reduced_circuit_not_author_reproduction
1022,2.0,no_reward,B,carry_trace,708474ad78d1c1b161150448,0036d300256c76a4f5896c9a67c09337f62afc17d020e7827ddb9cdd844e3729,0036d300256c76a4f5896c9a67c09337f62afc17d020e7827ddb9cdd844e3729,318.00000000001364,320.00000000001364,0.0,0.0,0.0,0.0,80,0,0.0,False,0.0,0.0,computed_reduced_circuit_not_author_reproduction
1022,2.0,no_reward,B,trace_reset_ablation,98af1aaa749c00f2ba40c451,0036d300256c76a4f5896c9a67c09337f62afc17d020e7827ddb9cdd844e3729,0036d300256c76a4f5896c9a67c09337f62afc17d020e7827ddb9cdd844e3729,318.00000000001364,320.00000000001364,0.0,0.0,0.0,0.0,80,0,0.0,False,0.0,0.0,computed_reduced_circuit_not_author_reproduction
1022,2.0,plasticity_disabled,A,carry_trace,2f0f6b1c15dba8623fc6cefb,0036d300256c76a4f5896c9a67c09337f62afc17d020e7827ddb9cdd844e3729,0036d300256c76a4f5896c9a67c09337f62afc17d020e7827ddb9cdd844e3729,318.00000000001364,320.00000000001364,0.0,0.0,0.0,0.0,80,40,32.0,False,0.0,0.0,computed_reduced_circuit_not_author_reproduction
1022,2.0,plasticity_disabled,A,trace_reset_ablation,aafeded0688b3a7927647c10,0036d300256c76a4f5896c9a67c09337f62afc17d020e7827ddb9cdd844e3729,0036d300256c76a4f5896c9a67c09337f62afc17d020e7827ddb9cdd844e3729,318.00000000001364,320.00000000001364,0.0,0.0,0.0,0.0,80,40,32.0,False,0.0,0.0,computed_reduced_circuit_not_author_reproduction
1022,2.0,plasticity_disabled,B,carry_trace,95c7fb751af191259e483433,0036d300256c76a4f5896c9a67c09337f62afc17d020e7827ddb9cdd844e3729,0036d300256c76a4f5896c9a67c09337f62afc17d020e7827ddb9cdd844e3729,318.00000000001364,320.00000000001364,0.0,0.0,0.0,0.0,80,40,32.0,False,0.0,0.0,computed_reduced_circuit_not_author_reproduction
1022,2.0,plasticity_disabled,B,trace_reset_ablation,4a71de359dd7ea52a9c5baf8,0036d300256c76a4f5896c9a67c09337f62afc17d020e7827ddb9cdd844e3729,0036d300256c76a4f5896c9a67c09337f62afc17d020e7827ddb9cdd844e3729,318.00000000001364,320.00000000001364,0.0,0.0,0.0,0.0,80,40,32.0,False,0.0,0.0,computed_reduced_circuit_not_author_reproduction
1022,10.0,paired,A,carry_trace,3e93a4e9e6f2670c08d37190,0036d300256c76a4f5896c9a67c09337f62afc17d020e7827ddb9cdd844e3729,828b19be4dacec1399a3f2f1f13612eace2a67a698107347ced76c88aecf03b5,949.9999999999714,951.9999999999714,0.0,0.5748620711089922,0.0007892901580561773,0.5740727809509361,80,40,32.0,True,0.07235512909245168,0.5748620711089922,computed_reduced_circuit_not_author_reproduction
1022,10.0,paired,A,trace_reset_ablation,5b4d1d799b985ab300a2e9b6,0036d300256c76a4f5896c9a67c09337f62afc17d020e7827ddb9cdd844e3729,a47bae2b1cd9acb0338935a24cdb8de63b8db14d5f757058e3f0728cce7f4179,949.9999999999714,951.9999999999714,0.0,0.5746230510115324,0.0,0.5746230510115324,80,40,32.0,True,0.07231173064282292,0.5746230510115324,computed_reduced_circuit_not_author_reproduction
1022,10.0,paired,B,carry_trace,49c50cf82f42e7eb640dd55b,0036d300256c76a4f5896c9a67c09337f62afc17d020e7827ddb9cdd844e3729,25f7b76be9992d0340c633cbece4eb1ff41a9be918cac70ad1d9ba85e4dedbc6,949.9999999999714,951.9999999999714,0.0,0.5854361686812114,0.0008314912380753547,0.584604677443136,80,40,32.0,True,0.0682824297285024,0.5854361686812114,computed_reduced_circuit_not_author_reproduction
1022,10.0,paired,B,trace_reset_ablation,33b12c27a4485bc0cfd5e53f,0036d300256c76a4f5896c9a67c09337f62afc17d020e7827ddb9cdd844e3729,721b012fd62a9e4f050c479dcf47b76d2caa00d6732819e7a6e0de79b49528c8,949.9999999999714,951.9999999999714,0.0,0.585224488646196,0.0,0.585224488646196,80,40,32.0,True,0.06824657687219116,0.585224488646196,computed_reduced_circuit_not_author_reproduction
1022,10.0,explicitly_unpaired,A,carry_trace,04074e210ba65c3c3897218f,0036d300256c76a4f5896c9a67c09337f62afc17d020e7827ddb9cdd844e3729,0036d300256c76a4f5896c9a67c09337f62afc17d020e7827ddb9cdd844e3729,949.9999999999711,951.9999999999711,0.0,0.0,0.0,0.0,80,40,32.0,False,0.0,0.0,computed_reduced_circuit_not_author_reproduction
1022,10.0,explicitly_unpaired,A,trace_reset_ablation,b275733dbbf2c4fd8b7e61a5,0036d300256c76a4f5896c9a67c09337f62afc17d020e7827ddb9cdd844e3729,0036d300256c76a4f5896c9a67c09337f62afc17d020e7827ddb9cdd844e3729,949.9999999999711,951.9999999999711,0.0,0.0,0.0,0.0,80,40,32.0,False,0.0,0.0,computed_reduced_circuit_not_author_reproduction
1022,10.0,explicitly_unpaired,B,carry_trace,30564f679b1cab430c57a428,0036d300256c76a4f5896c9a67c09337f62afc17d020e7827ddb9cdd844e3729,0036d300256c76a4f5896c9a67c09337f62afc17d020e7827ddb9cdd844e3729,949.9999999999711,951.9999999999711,0.0,0.0,0.0,0.0,80,40,32.0,False,0.0,0.0,computed_reduced_circuit_not_author_reproduction
1022,10.0,explicitly_unpaired,B,trace_reset_ablation,f557e52ae2d1a9c2b41746fd,0036d300256c76a4f5896c9a67c09337f62afc17d020e7827ddb9cdd844e3729,0036d300256c76a4f5896c9a67c09337f62afc17d020e7827ddb9cdd844e3729,949.9999999999711,951.9999999999711,0.0,0.0,0.0,0.0,80,40,32.0,False,0.0,0.0,computed_reduced_circuit_not_author_reproduction
1022,10.0,no_reward,A,carry_trace,90e2a253785093ffe344ca9c,0036d300256c76a4f5896c9a67c09337f62afc17d020e7827ddb9cdd844e3729,0036d300256c76a4f5896c9a67c09337f62afc17d020e7827ddb9cdd844e3729,949.9999999999714,951.9999999999714,0.0,0.0,0.0,0.0,80,0,0.0,False,0.0,0.0,computed_reduced_circuit_not_author_reproduction
1022,10.0,no_reward,A,trace_reset_ablation,597943bad886a982502d36a2,0036d300256c76a4f5896c9a67c09337f62afc17d020e7827ddb9cdd844e3729,0036d300256c76a4f5896c9a67c09337f62afc17d020e7827ddb9cdd844e3729,949.9999999999714,951.9999999999714,0.0,0.0,0.0,0.0,80,0,0.0,False,0.0,0.0,computed_reduced_circuit_not_author_reproduction
1022,10.0,no_reward,B,carry_trace,7ca32666b17057f7b70e9015,0036d300256c76a4f5896c9a67c09337f62afc17d020e7827ddb9cdd844e3729,0036d300256c76a4f5896c9a67c09337f62afc17d020e7827ddb9cdd844e3729,949.9999999999714,951.9999999999714,0.0,0.0,0.0,0.0,80,0,0.0,False,0.0,0.0,computed_reduced_circuit_not_author_reproduction
1022,10.0,no_reward,B,trace_reset_ablation,cd941e0ba81c9c426ef0580d,0036d300256c76a4f5896c9a67c09337f62afc17d020e7827ddb9cdd844e3729,0036d300256c76a4f5896c9a67c09337f62afc17d020e7827ddb9cdd844e3729,949.9999999999714,951.9999999999714,0.0,0.0,0.0,0.0,80,0,0.0,False,0.0,0.0,computed_reduced_circuit_not_author_reproduction
1022,10.0,plasticity_disabled,A,carry_trace,0b1207dad0d8670dcd65f763,0036d300256c76a4f5896c9a67c09337f62afc17d020e7827ddb9cdd844e3729,0036d300256c76a4f5896c9a67c09337f62afc17d020e7827ddb9cdd844e3729,949.9999999999714,951.9999999999714,0.0,0.0,0.0,0.0,80,40,32.0,False,0.0,0.0,computed_reduced_circuit_not_author_reproduction
1022,10.0,plasticity_disabled,A,trace_reset_ablation,366dbca7b0a50608189fee6a,0036d300256c76a4f5896c9a67c09337f62afc17d020e7827ddb9cdd844e3729,0036d300256c76a4f5896c9a67c09337f62afc17d020e7827ddb9cdd844e3729,949.9999999999714,951.9999999999714,0.0,0.0,0.0,0.0,80,40,32.0,False,0.0,0.0,computed_reduced_circuit_not_author_reproduction
1022,10.0,plasticity_disabled,B,carry_trace,78123301afd07ff355d766af,0036d300256c76a4f5896c9a67c09337f62afc17d020e7827ddb9cdd844e3729,0036d300256c76a4f5896c9a67c09337f62afc17d020e7827ddb9cdd844e3729,949.9999999999714,951.9999999999714,0.0,0.0,0.0,0.0,80,40,32.0,False,0.0,0.0,computed_reduced_circuit_not_author_reproduction
1022,10.0,plasticity_disabled,B,trace_reset_ablation,3a63231c029cb2e6e1bb0847,0036d300256c76a4f5896c9a67c09337f62afc17d020e7827ddb9cdd844e3729,0036d300256c76a4f5896c9a67c09337f62afc17d020e7827ddb9cdd844e3729,949.9999999999714,951.9999999999714,0.0,0.0,0.0,0.0,80,40,32.0,False,0.0,0.0,computed_reduced_circuit_not_author_reproduction
1022,40.0,paired,A,carry_trace,38611f42db42505144ba17f7,0036d300256c76a4f5896c9a67c09337f62afc17d020e7827ddb9cdd844e3729,59cd42d381853b1c887691e286016ca488eb5a27aca8ac19f5237896e355126b,3320.0000000000846,3322.0000000000846,0.0,0.5746230510850051,2.4101209916693733e-10,0.574623050843993,80,40,32.0,True,0.07231173065604213,0.5746230510850051,computed_reduced_circuit_not_author_reproduction
1022,40.0,paired,A,trace_reset_ablation,11f9443203c78e271cca3cd0,0036d300256c76a4f5896c9a67c09337f62afc17d020e7827ddb9cdd844e3729,a47bae2b1cd9acb0338935a24cdb8de63b8db14d5f757058e3f0728cce7f4179,3320.0000000000846,3322.0000000000846,0.0,0.5746230510115324,0.0,0.5746230510115324,80,40,32.0,True,0.07231173064282292,0.5746230510115324,computed_reduced_circuit_not_author_reproduction
1022,40.0,paired,B,carry_trace,642ee7b13564f91ec432d5be,0036d300256c76a4f5896c9a67c09337f62afc17d020e7827ddb9cdd844e3729,482a754242d141aef3fdb1ce8d613e2471324e69f954895f3029508596efb221,3320.0000000000846,3322.0000000000846,0.0,0.5852244887112482,2.5401214465148314e-10,0.5852244884572361,80,40,32.0,True,0.06824657688310354,0.5852244887112482,computed_reduced_circuit_not_author_reproduction
1022,40.0,paired,B,trace_reset_ablation,11eba5363ece56eb35e96bbe,0036d300256c76a4f5896c9a67c09337f62afc17d020e7827ddb9cdd844e3729,721b012fd62a9e4f050c479dcf47b76d2caa00d6732819e7a6e0de79b49528c8,3320.0000000000846,3322.0000000000846,0.0,0.585224488646196,0.0,0.585224488646196,80,40,32.0,True,0.06824657687219116,0.585224488646196,computed_reduced_circuit_not_author_reproduction
1022,40.0,explicitly_unpaired,A,carry_trace,31265f5b765585d3e0e0b559,0036d300256c76a4f5896c9a67c09337f62afc17d020e7827ddb9cdd844e3729,0036d300256c76a4f5896c9a67c09337f62afc17d020e7827ddb9cdd844e3729,3320.0000000000846,3322.0000000000846,0.0,0.0,0.0,0.0,80,40,32.0,False,0.0,0.0,computed_reduced_circuit_not_author_reproduction
1022,40.0,explicitly_unpaired,A,trace_reset_ablation,66dc1cb35fd4f5274359d381,0036d300256c76a4f5896c9a67c09337f62afc17d020e7827ddb9cdd844e3729,0036d300256c76a4f5896c9a67c09337f62afc17d020e7827ddb9cdd844e3729,3320.0000000000846,3322.0000000000846,0.0,0.0,0.0,0.0,80,40,32.0,False,0.0,0.0,computed_reduced_circuit_not_author_reproduction
1022,40.0,explicitly_unpaired,B,carry_trace,fdcaddb30db73b3c0781563f,0036d300256c76a4f5896c9a67c09337f62afc17d020e7827ddb9cdd844e3729,0036d300256c76a4f5896c9a67c09337f62afc17d020e7827ddb9cdd844e3729,3320.0000000000846,3322.0000000000846,0.0,0.0,0.0,0.0,80,40,32.0,False,0.0,0.0,computed_reduced_circuit_not_author_reproduction
1022,40.0,explicitly_unpaired,B,trace_reset_ablation,e43beb0977e8932a36440437,0036d300256c76a4f5896c9a67c09337f62afc17d020e7827ddb9cdd844e3729,0036d300256c76a4f5896c9a67c09337f62afc17d020e7827ddb9cdd844e3729,3320.0000000000846,3322.0000000000846,0.0,0.0,0.0,0.0,80,40,32.0,False,0.0,0.0,computed_reduced_circuit_not_author_reproduction
1022,40.0,no_reward,A,carry_trace,d0dddb17096607f2e1a9e87c,0036d300256c76a4f5896c9a67c09337f62afc17d020e7827ddb9cdd844e3729,0036d300256c76a4f5896c9a67c09337f62afc17d020e7827ddb9cdd844e3729,3320.0000000000846,3322.0000000000846,0.0,0.0,0.0,0.0,80,0,0.0,False,0.0,0.0,computed_reduced_circuit_not_author_reproduction
1022,40.0,no_reward,A,trace_reset_ablation,5e7fdc417c08533a07b30fc2,0036d300256c76a4f5896c9a67c09337f62afc17d020e7827ddb9cdd844e3729,0036d300256c76a4f5896c9a67c09337f62afc17d020e7827ddb9cdd844e3729,3320.0000000000846,3322.0000000000846,0.0,0.0,0.0,0.0,80,0,0.0,False,0.0,0.0,computed_reduced_circuit_not_author_reproduction
1022,40.0,no_reward,B,carry_trace,160ac0fbc2613b30edc003d6,0036d300256c76a4f5896c9a67c09337f62afc17d020e7827ddb9cdd844e3729,0036d300256c76a4f5896c9a67c09337f62afc17d020e7827ddb9cdd844e3729,3320.0000000000846,3322.0000000000846,0.0,0.0,0.0,0.0,80,0,0.0,False,0.0,0.0,computed_reduced_circuit_not_author_reproduction
1022,40.0,no_reward,B,trace_reset_ablation,6a5981d96f7e841a5d8be028,0036d300256c76a4f5896c9a67c09337f62afc17d020e7827ddb9cdd844e3729,0036d300256c76a4f5896c9a67c09337f62afc17d020e7827ddb9cdd844e3729,3320.0000000000846,3322.0000000000846,0.0,0.0,0.0,0.0,80,0,0.0,False,0.0,0.0,computed_reduced_circuit_not_author_reproduction
1022,40.0,plasticity_disabled,A,carry_trace,4a221cf03865f25ffaf5e415,0036d300256c76a4f5896c9a67c09337f62afc17d020e7827ddb9cdd844e3729,0036d300256c76a4f5896c9a67c09337f62afc17d020e7827ddb9cdd844e3729,3320.0000000000846,3322.0000000000846,0.0,0.0,0.0,0.0,80,40,32.0,False,0.0,0.0,computed_reduced_circuit_not_author_reproduction
1022,40.0,plasticity_disabled,A,trace_reset_ablation,6a7e19bd0eaccc59056b9a37,0036d300256c76a4f5896c9a67c09337f62afc17d020e7827ddb9cdd844e3729,0036d300256c76a4f5896c9a67c09337f62afc17d020e7827ddb9cdd844e3729,3320.0000000000846,3322.0000000000846,0.0,0.0,0.0,0.0,80,40,32.0,False,0.0,0.0,computed_reduced_circuit_not_author_reproduction
1022,40.0,plasticity_disabled,B,carry_trace,b9d5597862b66170e7b4cc45,0036d300256c76a4f5896c9a67c09337f62afc17d020e7827ddb9cdd844e3729,0036d300256c76a4f5896c9a67c09337f62afc17d020e7827ddb9cdd844e3729,3320.0000000000846,3322.0000000000846,0.0,0.0,0.0,0.0,80,40,32.0,False,0.0,0.0,computed_reduced_circuit_not_author_reproduction
1022,40.0,plasticity_disabled,B,trace_reset_ablation,5b4f3644cdb7dbd89726358e,0036d300256c76a4f5896c9a67c09337f62afc17d020e7827ddb9cdd844e3729,0036d300256c76a4f5896c9a67c09337f62afc17d020e7827ddb9cdd844e3729,3320.0000000000846,3322.0000000000846,0.0,0.0,0.0,0.0,80,40,32.0,False,0.0,0.0,computed_reduced_circuit_not_author_reproduction
1023,2.0,paired,A,carry_trace,22ee621f7f1cd1107d371bd8,0036d300256c76a4f5896c9a67c09337f62afc17d020e7827ddb9cdd844e3729,d47f715bd49475b94fd8faeaf13a1d74d59eb23e8a784ae564e1ac2006e39964,318.00000000001364,320.00000000001364,0.0,0.5924808173118059,0.04728011039026059,0.5452007069215453,80,40,32.0,True,0.07427665106316816,0.5924808173118059,computed_reduced_circuit_not_author_reproduction
1023,2.0,paired,A,trace_reset_ablation,d6f777c6f4b753545b5d8f60,0036d300256c76a4f5896c9a67c09337f62afc17d020e7827ddb9cdd844e3729,28e49dce09611c21d66ea795c233ed11bfb123a28acc21abb3b61f1a9d8fd508,318.00000000001364,320.00000000001364,0.0,0.5842473038504356,0.0,0.5842473038504356,80,40,32.0,True,0.07152483129401477,0.5842473038504356,computed_reduced_circuit_not_author_reproduction
1023,2.0,paired,B,carry_trace,0be58065f78726e72a649687,0036d300256c76a4f5896c9a67c09337f62afc17d020e7827ddb9cdd844e3729,0f51793df9a971dbda590d0e23c12ac92a93e2ed977485e9f330c8fae1ef013a,318.00000000001364,320.00000000001364,0.0,0.5857854220460458,0.04936701423512824,0.5364184078109175,80,40,32.0,True,0.0825333560938466,0.5857854220460458,computed_reduced_circuit_not_author_reproduction
1023,2.0,paired,B,trace_reset_ablation,a08dae5c109db07176c7fc19,0036d300256c76a4f5896c9a67c09337f62afc17d020e7827ddb9cdd844e3729,857a620d35cb45f693f0a6b1d37cb3ed3c7079261f4fc6591cd8a6e26ad3a9c6,318.00000000001364,320.00000000001364,0.0,0.576632549097446,0.0,0.576632549097446,80,40,32.0,True,0.07918429440982488,0.576632549097446,computed_reduced_circuit_not_author_reproduction
1023,2.0,explicitly_unpaired,A,carry_trace,bc391535958faece389984d2,0036d300256c76a4f5896c9a67c09337f62afc17d020e7827ddb9cdd844e3729,0036d300256c76a4f5896c9a67c09337f62afc17d020e7827ddb9cdd844e3729,318.00000000001353,320.00000000001353,0.0,0.0,0.0,0.0,80,40,32.0,False,0.0,0.0,computed_reduced_circuit_not_author_reproduction
1023,2.0,explicitly_unpaired,A,trace_reset_ablation,2d62126332a74fc0fe5d14db,0036d300256c76a4f5896c9a67c09337f62afc17d020e7827ddb9cdd844e3729,0036d300256c76a4f5896c9a67c09337f62afc17d020e7827ddb9cdd844e3729,318.00000000001353,320.00000000001353,0.0,0.0,0.0,0.0,80,40,32.0,False,0.0,0.0,computed_reduced_circuit_not_author_reproduction
1023,2.0,explicitly_unpaired,B,carry_trace,51deddc0a7e0830881210d4d,0036d300256c76a4f5896c9a67c09337f62afc17d020e7827ddb9cdd844e3729,0036d300256c76a4f5896c9a67c09337f62afc17d020e7827ddb9cdd844e3729,318.00000000001353,320.00000000001353,0.0,0.0,0.0,0.0,80,40,32.0,False,0.0,0.0,computed_reduced_circuit_not_author_reproduction
1023,2.0,explicitly_unpaired,B,trace_reset_ablation,600a288a1e39a7090115e238,0036d300256c76a4f5896c9a67c09337f62afc17d020e7827ddb9cdd844e3729,0036d300256c76a4f5896c9a67c09337f62afc17d020e7827ddb9cdd844e3729,318.00000000001353,320.00000000001353,0.0,0.0,0.0,0.0,80,40,32.0,False,0.0,0.0,computed_reduced_circuit_not_author_reproduction
1023,2.0,no_reward,A,carry_trace,86d11c4e0c6eececf2501f59,0036d300256c76a4f5896c9a67c09337f62afc17d020e7827ddb9cdd844e3729,0036d300256c76a4f5896c9a67c09337f62afc17d020e7827ddb9cdd844e3729,318.00000000001364,320.00000000001364,0.0,0.0,0.0,0.0,80,0,0.0,False,0.0,0.0,computed_reduced_circuit_not_author_reproduction
1023,2.0,no_reward,A,trace_reset_ablation,2d3056311d458d442d6685a4,0036d300256c76a4f5896c9a67c09337f62afc17d020e7827ddb9cdd844e3729,0036d300256c76a4f5896c9a67c09337f62afc17d020e7827ddb9cdd844e3729,318.00000000001364,320.00000000001364,0.0,0.0,0.0,0.0,80,0,0.0,False,0.0,0.0,computed_reduced_circuit_not_author_reproduction
1023,2.0,no_reward,B,carry_trace,deb489711ec5e2be446d30f5,0036d300256c76a4f5896c9a67c09337f62afc17d020e7827ddb9cdd844e3729,0036d300256c76a4f5896c9a67c09337f62afc17d020e7827ddb9cdd844e3729,318.00000000001364,320.00000000001364,0.0,0.0,0.0,0.0,80,0,0.0,False,0.0,0.0,computed_reduced_circuit_not_author_reproduction
1023,2.0,no_reward,B,trace_reset_ablation,91ef08d854639e6fdaf4d68e,0036d300256c76a4f5896c9a67c09337f62afc17d020e7827ddb9cdd844e3729,0036d300256c76a4f5896c9a67c09337f62afc17d020e7827ddb9cdd844e3729,318.00000000001364,320.00000000001364,0.0,0.0,0.0,0.0,80,0,0.0,False,0.0,0.0,computed_reduced_circuit_not_author_reproduction
1023,2.0,plasticity_disabled,A,carry_trace,ea43f3e2c539519c333c8ca1,0036d300256c76a4f5896c9a67c09337f62afc17d020e7827ddb9cdd844e3729,0036d300256c76a4f5896c9a67c09337f62afc17d020e7827ddb9cdd844e3729,318.00000000001364,320.00000000001364,0.0,0.0,0.0,0.0,80,40,32.0,False,0.0,0.0,computed_reduced_circuit_not_author_reproduction
1023,2.0,plasticity_disabled,A,trace_reset_ablation,96b3e294ea14d317924a59fc,0036d300256c76a4f5896c9a67c09337f62afc17d020e7827ddb9cdd844e3729,0036d300256c76a4f5896c9a67c09337f62afc17d020e7827ddb9cdd844e3729,318.00000000001364,320.00000000001364,0.0,0.0,0.0,0.0,80,40,32.0,False,0.0,0.0,computed_reduced_circuit_not_author_reproduction
1023,2.0,plasticity_disabled,B,carry_trace,39245662bc42b37e0a0bed33,0036d300256c76a4f5896c9a67c09337f62afc17d020e7827ddb9cdd844e3729,0036d300256c76a4f5896c9a67c09337f62afc17d020e7827ddb9cdd844e3729,318.00000000001364,320.00000000001364,0.0,0.0,0.0,0.0,80,40,32.0,False,0.0,0.0,computed_reduced_circuit_not_author_reproduction
1023,2.0,plasticity_disabled,B,trace_reset_ablation,0c4e871fdb7ceacccaaa3ea3,0036d300256c76a4f5896c9a67c09337f62afc17d020e7827ddb9cdd844e3729,0036d300256c76a4f5896c9a67c09337f62afc17d020e7827ddb9cdd844e3729,318.00000000001364,320.00000000001364,0.0,0.0,0.0,0.0,80,40,32.0,False,0.0,0.0,computed_reduced_circuit_not_author_reproduction
1023,10.0,paired,A,carry_trace,395d1c8af6f108f8403a6f6c,0036d300256c76a4f5896c9a67c09337f62afc17d020e7827ddb9cdd844e3729,8dbf78c1e98546bfbe9b361a2ab331906aa3cd76535581b96bdf0e82ea375b28,949.9999999999714,951.9999999999714,0.0,0.5844607951056906,0.0007753676083657179,0.5836854274973249,80,40,32.0,True,0.07156276786625959,0.5844607951056906,computed_reduced_circuit_not_author_reproduction
1023,10.0,paired,A,trace_reset_ablation,7585c177fe586423d5cb96ab,0036d300256c76a4f5896c9a67c09337f62afc17d020e7827ddb9cdd844e3729,28e49dce09611c21d66ea795c233ed11bfb123a28acc21abb3b61f1a9d8fd508,949.9999999999714,951.9999999999714,0.0,0.5842473038504356,0.0,0.5842473038504356,80,40,32.0,True,0.07152483129401477,0.5842473038504356,computed_reduced_circuit_not_author_reproduction
1023,10.0,paired,B,carry_trace,d2205967a48ee688d19e90dd,0036d300256c76a4f5896c9a67c09337f62afc17d020e7827ddb9cdd844e3729,341027bae08030168483a17312b85da2c266077b46e88c8e7e688d56fcb66b94,949.9999999999714,951.9999999999714,0.0,0.5768680004006448,0.0007910101181800577,0.5760769902824647,80,40,32.0,True,0.07923103708470536,0.5768680004006448,computed_reduced_circuit_not_author_reproduction
1023,10.0,paired,B,trace_reset_ablation,be0d7eb1812b7d05547dc445,0036d300256c76a4f5896c9a67c09337f62afc17d020e7827ddb9cdd844e3729,857a620d35cb45f693f0a6b1d37cb3ed3c7079261f4fc6591cd8a6e26ad3a9c6,949.9999999999714,951.9999999999714,0.0,0.576632549097446,0.0,0.576632549097446,80,40,32.0,True,0.07918429440982488,0.576632549097446,computed_reduced_circuit_not_author_reproduction
1023,10.0,explicitly_unpaired,A,carry_trace,eb24a7bcdd5b6f607c44b4d8,0036d300256c76a4f5896c9a67c09337f62afc17d020e7827ddb9cdd844e3729,0036d300256c76a4f5896c9a67c09337f62afc17d020e7827ddb9cdd844e3729,949.9999999999711,951.9999999999711,0.0,0.0,0.0,0.0,80,40,32.0,False,0.0,0.0,computed_reduced_circuit_not_author_reproduction
1023,10.0,explicitly_unpaired,A,trace_reset_ablation,85453a973dafe78e0c0d4c4f,0036d300256c76a4f5896c9a67c09337f62afc17d020e7827ddb9cdd844e3729,0036d300256c76a4f5896c9a67c09337f62afc17d020e7827ddb9cdd844e3729,949.9999999999711,951.9999999999711,0.0,0.0,0.0,0.0,80,40,32.0,False,0.0,0.0,computed_reduced_circuit_not_author_reproduction
1023,10.0,explicitly_unpaired,B,carry_trace,d703c2faf50bcc4053d8c399,0036d300256c76a4f5896c9a67c09337f62afc17d020e7827ddb9cdd844e3729,0036d300256c76a4f5896c9a67c09337f62afc17d020e7827ddb9cdd844e3729,949.9999999999711,951.9999999999711,0.0,0.0,0.0,0.0,80,40,32.0,False,0.0,0.0,computed_reduced_circuit_not_author_reproduction
1023,10.0,explicitly_unpaired,B,trace_reset_ablation,21cade27092d004dd9a7906b,0036d300256c76a4f5896c9a67c09337f62afc17d020e7827ddb9cdd844e3729,0036d300256c76a4f5896c9a67c09337f62afc17d020e7827ddb9cdd844e3729,949.9999999999711,951.9999999999711,0.0,0.0,0.0,0.0,80,40,32.0,False,0.0,0.0,computed_reduced_circuit_not_author_reproduction
1023,10.0,no_reward,A,carry_trace,c08a0e06a04d0e5bfbe5431d,0036d300256c76a4f5896c9a67c09337f62afc17d020e7827ddb9cdd844e3729,0036d300256c76a4f5896c9a67c09337f62afc17d020e7827ddb9cdd844e3729,949.9999999999714,951.9999999999714,0.0,0.0,0.0,0.0,80,0,0.0,False,0.0,0.0,computed_reduced_circuit_not_author_reproduction
1023,10.0,no_reward,A,trace_reset_ablation,a9c98200a093b89c2f1c3ff5,0036d300256c76a4f5896c9a67c09337f62afc17d020e7827ddb9cdd844e3729,0036d300256c76a4f5896c9a67c09337f62afc17d020e7827ddb9cdd844e3729,949.9999999999714,951.9999999999714,0.0,0.0,0.0,0.0,80,0,0.0,False,0.0,0.0,computed_reduced_circuit_not_author_reproduction
1023,10.0,no_reward,B,carry_trace,f9143f25887b3aa109045856,0036d300256c76a4f5896c9a67c09337f62afc17d020e7827ddb9cdd844e3729,0036d300256c76a4f5896c9a67c09337f62afc17d020e7827ddb9cdd844e3729,949.9999999999714,951.9999999999714,0.0,0.0,0.0,0.0,80,0,0.0,False,0.0,0.0,computed_reduced_circuit_not_author_reproduction
1023,10.0,no_reward,B,trace_reset_ablation,f8d4d0fb9b831d483a50e2b2,0036d300256c76a4f5896c9a67c09337f62afc17d020e7827ddb9cdd844e3729,0036d300256c76a4f5896c9a67c09337f62afc17d020e7827ddb9cdd844e3729,949.9999999999714,951.9999999999714,0.0,0.0,0.0,0.0,80,0,0.0,False,0.0,0.0,computed_reduced_circuit_not_author_reproduction
1023,10.0,plasticity_disabled,A,carry_trace,8dd45305c53a5a7df9196733,0036d300256c76a4f5896c9a67c09337f62afc17d020e7827ddb9cdd844e3729,0036d300256c76a4f5896c9a67c09337f62afc17d020e7827ddb9cdd844e3729,949.9999999999714,951.9999999999714,0.0,0.0,0.0,0.0,80,40,32.0,False,0.0,0.0,computed_reduced_circuit_not_author_reproduction
1023,10.0,plasticity_disabled,A,trace_reset_ablation,7da4b3cf071917d096057af0,0036d300256c76a4f5896c9a67c09337f62afc17d020e7827ddb9cdd844e3729,0036d300256c76a4f5896c9a67c09337f62afc17d020e7827ddb9cdd844e3729,949.9999999999714,951.9999999999714,0.0,0.0,0.0,0.0,80,40,32.0,False,0.0,0.0,computed_reduced_circuit_not_author_reproduction
1023,10.0,plasticity_disabled,B,carry_trace,df660618fda4ef25d1e48a81,0036d300256c76a4f5896c9a67c09337f62afc17d020e7827ddb9cdd844e3729,0036d300256c76a4f5896c9a67c09337f62afc17d020e7827ddb9cdd844e3729,949.9999999999714,951.9999999999714,0.0,0.0,0.0,0.0,80,40,32.0,False,0.0,0.0,computed_reduced_circuit_not_author_reproduction
1023,10.0,plasticity_disabled,B,trace_reset_ablation,82b97a29e8336b456f222cab,0036d300256c76a4f5896c9a67c09337f62afc17d020e7827ddb9cdd844e3729,0036d300256c76a4f5896c9a67c09337f62afc17d020e7827ddb9cdd844e3729,949.9999999999714,951.9999999999714,0.0,0.0,0.0,0.0,80,40,32.0,False,0.0,0.0,computed_reduced_circuit_not_author_reproduction
1023,40.0,paired,A,carry_trace,b76b29a150dbe8239175b7a9,0036d300256c76a4f5896c9a67c09337f62afc17d020e7827ddb9cdd844e3729,04f17131298a6fa5bb698d558e95e521e62a64c61cbb140979e500f3ea9219dd,3320.0000000000846,3322.0000000000846,0.0,0.5842473039160323,2.36798358699275e-10,0.5842473036792339,80,40,32.0,True,0.07152483130556697,0.5842473039160323,computed_reduced_circuit_not_author_reproduction
1023,40.0,paired,A,trace_reset_ablation,8c64c07b2f5c97b4a0f4c3d1,0036d300256c76a4f5896c9a67c09337f62afc17d020e7827ddb9cdd844e3729,28e49dce09611c21d66ea795c233ed11bfb123a28acc21abb3b61f1a9d8fd508,3320.0000000000846,3322.0000000000846,0.0,0.5842473038504356,0.0,0.5842473038504356,80,40,32.0,True,0.07152483129401477,0.5842473038504356,computed_reduced_circuit_not_author_reproduction
1023,40.0,paired,B,carry_trace,7a2aa1494a686b9f8f217994,0036d300256c76a4f5896c9a67c09337f62afc17d020e7827ddb9cdd844e3729,3f7349c34001ea5b3e055d46878ab0640a976d4ec8f8ca2c1da5614eb74a5b78,3320.0000000000846,3322.0000000000846,0.0,0.5766325491698023,2.4146307175954007e-10,0.5766325489283393,80,40,32.0,True,0.07918429442406405,0.5766325491698023,computed_reduced_circuit_not_author_reproduction
1023,40.0,paired,B,trace_reset_ablation,8136c6f58bb9f4d56e659d54,0036d300256c76a4f5896c9a67c09337f62afc17d020e7827ddb9cdd844e3729,857a620d35cb45f693f0a6b1d37cb3ed3c7079261f4fc6591cd8a6e26ad3a9c6,3320.0000000000846,3322.0000000000846,0.0,0.576632549097446,0.0,0.576632549097446,80,40,32.0,True,0.07918429440982488,0.576632549097446,computed_reduced_circuit_not_author_reproduction
1023,40.0,explicitly_unpaired,A,carry_trace,8a3839d1d4232279c72cba11,0036d300256c76a4f5896c9a67c09337f62afc17d020e7827ddb9cdd844e3729,0036d300256c76a4f5896c9a67c09337f62afc17d020e7827ddb9cdd844e3729,3320.0000000000846,3322.0000000000846,0.0,0.0,0.0,0.0,80,40,32.0,False,0.0,0.0,computed_reduced_circuit_not_author_reproduction
1023,40.0,explicitly_unpaired,A,trace_reset_ablation,bd6f3628c7779b85e3b9a732,0036d300256c76a4f5896c9a67c09337f62afc17d020e7827ddb9cdd844e3729,0036d300256c76a4f5896c9a67c09337f62afc17d020e7827ddb9cdd844e3729,3320.0000000000846,3322.0000000000846,0.0,0.0,0.0,0.0,80,40,32.0,False,0.0,0.0,computed_reduced_circuit_not_author_reproduction
1023,40.0,explicitly_unpaired,B,carry_trace,07c0a2193e9f9fabb5b5ef5e,0036d300256c76a4f5896c9a67c09337f62afc17d020e7827ddb9cdd844e3729,0036d300256c76a4f5896c9a67c09337f62afc17d020e7827ddb9cdd844e3729,3320.0000000000846,3322.0000000000846,0.0,0.0,0.0,0.0,80,40,32.0,False,0.0,0.0,computed_reduced_circuit_not_author_reproduction
1023,40.0,explicitly_unpaired,B,trace_reset_ablation,31e299d3746eea7fb5ebbf90,0036d300256c76a4f5896c9a67c09337f62afc17d020e7827ddb9cdd844e3729,0036d300256c76a4f5896c9a67c09337f62afc17d020e7827ddb9cdd844e3729,3320.0000000000846,3322.0000000000846,0.0,0.0,0.0,0.0,80,40,32.0,False,0.0,0.0,computed_reduced_circuit_not_author_reproduction
1023,40.0,no_reward,A,carry_trace,df5141104433a11c0c78e918,0036d300256c76a4f5896c9a67c09337f62afc17d020e7827ddb9cdd844e3729,0036d300256c76a4f5896c9a67c09337f62afc17d020e7827ddb9cdd844e3729,3320.0000000000846,3322.0000000000846,0.0,0.0,0.0,0.0,80,0,0.0,False,0.0,0.0,computed_reduced_circuit_not_author_reproduction
1023,40.0,no_reward,A,trace_reset_ablation,cb39996de602fad5b58f7ce6,0036d300256c76a4f5896c9a67c09337f62afc17d020e7827ddb9cdd844e3729,0036d300256c76a4f5896c9a67c09337f62afc17d020e7827ddb9cdd844e3729,3320.0000000000846,3322.0000000000846,0.0,0.0,0.0,0.0,80,0,0.0,False,0.0,0.0,computed_reduced_circuit_not_author_reproduction
1023,40.0,no_reward,B,carry_trace,d1b876074f6578762a5b3342,0036d300256c76a4f5896c9a67c09337f62afc17d020e7827ddb9cdd844e3729,0036d300256c76a4f5896c9a67c09337f62afc17d020e7827ddb9cdd844e3729,3320.0000000000846,3322.0000000000846,0.0,0.0,0.0,0.0,80,0,0.0,False,0.0,0.0,computed_reduced_circuit_not_author_reproduction
1023,40.0,no_reward,B,trace_reset_ablation,a802c3289e378ab5e24320ee,0036d300256c76a4f5896c9a67c09337f62afc17d020e7827ddb9cdd844e3729,0036d300256c76a4f5896c9a67c09337f62afc17d020e7827ddb9cdd844e3729,3320.0000000000846,3322.0000000000846,0.0,0.0,0.0,0.0,80,0,0.0,False,0.0,0.0,computed_reduced_circuit_not_author_reproduction
1023,40.0,plasticity_disabled,A,carry_trace,8269ae2ffbac3d8efc676792,0036d300256c76a4f5896c9a67c09337f62afc17d020e7827ddb9cdd844e3729,0036d300256c76a4f5896c9a67c09337f62afc17d020e7827ddb9cdd844e3729,3320.0000000000846,3322.0000000000846,0.0,0.0,0.0,0.0,80,40,32.0,False,0.0,0.0,computed_reduced_circuit_not_author_reproduction
1023,40.0,plasticity_disabled,A,trace_reset_ablation,ff8007ac9c5d066baf0cd26b,0036d300256c76a4f5896c9a67c09337f62afc17d020e7827ddb9cdd844e3729,0036d300256c76a4f5896c9a67c09337f62afc17d020e7827ddb9cdd844e3729,3320.0000000000846,3322.0000000000846,0.0,0.0,0.0,0.0,80,40,32.0,False,0.0,0.0,computed_reduced_circuit_not_author_reproduction
1023,40.0,plasticity_disabled,B,carry_trace,e2abd2c5cef8ba1d77ef97bd,0036d300256c76a4f5896c9a67c09337f62afc17d020e7827ddb9cdd844e3729,0036d300256c76a4f5896c9a67c09337f62afc17d020e7827ddb9cdd844e3729,3320.0000000000846,3322.0000000000846,0.0,0.0,0.0,0.0,80,40,32.0,False,0.0,0.0,computed_reduced_circuit_not_author_reproduction
1023,40.0,plasticity_disabled,B,trace_reset_ablation,e52cb844ee7af3092f4d2362,0036d300256c76a4f5896c9a67c09337f62afc17d020e7827ddb9cdd844e3729,0036d300256c76a4f5896c9a67c09337f62afc17d020e7827ddb9cdd844e3729,3320.0000000000846,3322.0000000000846,0.0,0.0,0.0,0.0,80,40,32.0,False,0.0,0.0,computed_reduced_circuit_not_author_reproduction
1024,2.0,paired,A,carry_trace,dc03fb4a35347d503fccd7ee,0036d300256c76a4f5896c9a67c09337f62afc17d020e7827ddb9cdd844e3729,bdfde40d5e0430aee2dc1899faaaba5274de729aa59532e3107678be4b92951f,318.00000000001364,320.00000000001364,0.0,0.58606722301177,0.05002409603881297,0.5360431269729571,80,40,32.0,True,0.07863436349585107,0.58606722301177,computed_reduced_circuit_not_author_reproduction
1024,2.0,paired,A,trace_reset_ablation,421b836788e9a0def66ebcde,0036d300256c76a4f5896c9a67c09337f62afc17d020e7827ddb9cdd844e3729,b045ba96eefa96a3fb0eefbcbb11772d45290c9120f210ba5a1def7c85301290,318.00000000001364,320.00000000001364,0.0,0.5769148885978298,0.0,0.5769148885978298,80,40,32.0,True,0.07529657309052074,0.5769148885978298,computed_reduced_circuit_not_author_reproduction
1024,2.0,paired,B,carry_trace,b20a808fd7535c62d5b05a91,0036d300256c76a4f5896c9a67c09337f62afc17d020e7827ddb9cdd844e3729,1bf6bbfd2d9823932b40c0c362997e0d4d9f50fe2509843876bcb5976236e1fe,318.00000000001364,320.00000000001364,0.0,0.5921125784642064,0.05038304941181304,0.5417295290523934,80,40,32.0,True,0.07394945427862432,0.5921125784642064,computed_reduced_circuit_not_author_reproduction
1024,2.0,paired,B,trace_reset_ablation,7d0bef4f3c8741d89e73ddeb,0036d300256c76a4f5896c9a67c09337f62afc17d020e7827ddb9cdd844e3729,c0884cebe7b0f2b07196671ae081b171395ea0764390c2420b9e35bc441e1ecc,318.00000000001364,320.00000000001364,0.0,0.5836371250737298,0.0,0.5836371250737298,80,40,32.0,True,0.07102996116916882,0.5836371250737298,computed_reduced_circuit_not_author_reproduction
1024,2.0,explicitly_unpaired,A,carry_trace,9a4db3349d617dd9d836c8af,0036d300256c76a4f5896c9a67c09337f62afc17d020e7827ddb9cdd844e3729,0036d300256c76a4f5896c9a67c09337f62afc17d020e7827ddb9cdd844e3729,318.00000000001353,320.00000000001353,0.0,0.0,0.0,0.0,80,40,32.0,False,0.0,0.0,computed_reduced_circuit_not_author_reproduction
1024,2.0,explicitly_unpaired,A,trace_reset_ablation,29756c6c6b8cabdae9f7ff25,0036d300256c76a4f5896c9a67c09337f62afc17d020e7827ddb9cdd844e3729,0036d300256c76a4f5896c9a67c09337f62afc17d020e7827ddb9cdd844e3729,318.00000000001353,320.00000000001353,0.0,0.0,0.0,0.0,80,40,32.0,False,0.0,0.0,computed_reduced_circuit_not_author_reproduction
1024,2.0,explicitly_unpaired,B,carry_trace,89e39c05f062c26e7b924f77,0036d300256c76a4f5896c9a67c09337f62afc17d020e7827ddb9cdd844e3729,0036d300256c76a4f5896c9a67c09337f62afc17d020e7827ddb9cdd844e3729,318.00000000001353,320.00000000001353,0.0,0.0,0.0,0.0,80,40,32.0,False,0.0,0.0,computed_reduced_circuit_not_author_reproduction
1024,2.0,explicitly_unpaired,B,trace_reset_ablation,758a6a3b5397022f861198ed,0036d300256c76a4f5896c9a67c09337f62afc17d020e7827ddb9cdd844e3729,0036d300256c76a4f5896c9a67c09337f62afc17d020e7827ddb9cdd844e3729,318.00000000001353,320.00000000001353,0.0,0.0,0.0,0.0,80,40,32.0,False,0.0,0.0,computed_reduced_circuit_not_author_reproduction
1024,2.0,no_reward,A,carry_trace,29ddf84b039d7be5cabb3d94,0036d300256c76a4f5896c9a67c09337f62afc17d020e7827ddb9cdd844e3729,0036d300256c76a4f5896c9a67c09337f62afc17d020e7827ddb9cdd844e3729,318.00000000001364,320.00000000001364,0.0,0.0,0.0,0.0,80,0,0.0,False,0.0,0.0,computed_reduced_circuit_not_author_reproduction
1024,2.0,no_reward,A,trace_reset_ablation,ff046c47909ae7b93e8909dd,0036d300256c76a4f5896c9a67c09337f62afc17d020e7827ddb9cdd844e3729,0036d300256c76a4f5896c9a67c09337f62afc17d020e7827ddb9cdd844e3729,318.00000000001364,320.00000000001364,0.0,0.0,0.0,0.0,80,0,0.0,False,0.0,0.0,computed_reduced_circuit_not_author_reproduction
1024,2.0,no_reward,B,carry_trace,bb996bb1678ff65fba032dfc,0036d300256c76a4f5896c9a67c09337f62afc17d020e7827ddb9cdd844e3729,0036d300256c76a4f5896c9a67c09337f62afc17d020e7827ddb9cdd844e3729,318.00000000001364,320.00000000001364,0.0,0.0,0.0,0.0,80,0,0.0,False,0.0,0.0,computed_reduced_circuit_not_author_reproduction
1024,2.0,no_reward,B,trace_reset_ablation,9e31c23eb4cf5de57492c77a,0036d300256c76a4f5896c9a67c09337f62afc17d020e7827ddb9cdd844e3729,0036d300256c76a4f5896c9a67c09337f62afc17d020e7827ddb9cdd844e3729,318.00000000001364,320.00000000001364,0.0,0.0,0.0,0.0,80,0,0.0,False,0.0,0.0,computed_reduced_circuit_not_author_reproduction
1024,2.0,plasticity_disabled,A,carry_trace,208523595e62a7863061029d,0036d300256c76a4f5896c9a67c09337f62afc17d020e7827ddb9cdd844e3729,0036d300256c76a4f5896c9a67c09337f62afc17d020e7827ddb9cdd844e3729,318.00000000001364,320.00000000001364,0.0,0.0,0.0,0.0,80,40,32.0,False,0.0,0.0,computed_reduced_circuit_not_author_reproduction
1024,2.0,plasticity_disabled,A,trace_reset_ablation,9d27d60d102b5d34823342c6,0036d300256c76a4f5896c9a67c09337f62afc17d020e7827ddb9cdd844e3729,0036d300256c76a4f5896c9a67c09337f62afc17d020e7827ddb9cdd844e3729,318.00000000001364,320.00000000001364,0.0,0.0,0.0,0.0,80,40,32.0,False,0.0,0.0,computed_reduced_circuit_not_author_reproduction
1024,2.0,plasticity_disabled,B,carry_trace,716cabdf3dacea9df6b442d1,0036d300256c76a4f5896c9a67c09337f62afc17d020e7827ddb9cdd844e3729,0036d300256c76a4f5896c9a67c09337f62afc17d020e7827ddb9cdd844e3729,318.00000000001364,320.00000000001364,0.0,0.0,0.0,0.0,80,40,32.0,False,0.0,0.0,computed_reduced_circuit_not_author_reproduction
1024,2.0,plasticity_disabled,B,trace_reset_ablation,d1ada03ee7da16df733e8835,0036d300256c76a4f5896c9a67c09337f62afc17d020e7827ddb9cdd844e3729,0036d300256c76a4f5896c9a67c09337f62afc17d020e7827ddb9cdd844e3729,318.00000000001364,320.00000000001364,0.0,0.0,0.0,0.0,80,40,32.0,False,0.0,0.0,computed_reduced_circuit_not_author_reproduction
1024,10.0,paired,A,carry_trace,a5e91b11c0527157fb57c857,0036d300256c76a4f5896c9a67c09337f62afc17d020e7827ddb9cdd844e3729,119e685cbc6026007eb8910e60c26e15b030f0c15fe6d8fb32ffd1d3c5ee2053,949.9999999999714,951.9999999999714,0.0,0.5771608276435648,0.0008110482108307782,0.576349779432734,80,40,32.0,True,0.07534299618721307,0.5771608276435648,computed_reduced_circuit_not_author_reproduction
1024,10.0,paired,A,trace_reset_ablation,4730d52b15ebfb3053e27439,0036d300256c76a4f5896c9a67c09337f62afc17d020e7827ddb9cdd844e3729,b045ba96eefa96a3fb0eefbcbb11772d45290c9120f210ba5a1def7c85301290,949.9999999999714,951.9999999999714,0.0,0.5769148885978298,0.0,0.5769148885978298,80,40,32.0,True,0.07529657309052074,0.5769148885978298,computed_reduced_circuit_not_author_reproduction
1024,10.0,paired,B,carry_trace,28530b884be0203d75826eeb,0036d300256c76a4f5896c9a67c09337f62afc17d020e7827ddb9cdd844e3729,5c66114199039d9f1dbbd5ebe75454a384496f518b3e082e681b7d9b6f237a45,949.9999999999714,951.9999999999714,0.0,0.5838613029198589,0.0008361895366704175,0.5830251133831885,80,40,32.0,True,0.07106957654102164,0.5838613029198589,computed_reduced_circuit_not_author_reproduction
1024,10.0,paired,B,trace_reset_ablation,958d337cdd190088378a7195,0036d300256c76a4f5896c9a67c09337f62afc17d020e7827ddb9cdd844e3729,c0884cebe7b0f2b07196671ae081b171395ea0764390c2420b9e35bc441e1ecc,949.9999999999714,951.9999999999714,0.0,0.5836371250737298,0.0,0.5836371250737298,80,40,32.0,True,0.07102996116916882,0.5836371250737298,computed_reduced_circuit_not_author_reproduction
1024,10.0,explicitly_unpaired,A,carry_trace,53256c7ae227f09d7eb2f0d5,0036d300256c76a4f5896c9a67c09337f62afc17d020e7827ddb9cdd844e3729,0036d300256c76a4f5896c9a67c09337f62afc17d020e7827ddb9cdd844e3729,949.9999999999711,951.9999999999711,0.0,0.0,0.0,0.0,80,40,32.0,False,0.0,0.0,computed_reduced_circuit_not_author_reproduction
1024,10.0,explicitly_unpaired,A,trace_reset_ablation,9748424e8d1fe5788875f452,0036d300256c76a4f5896c9a67c09337f62afc17d020e7827ddb9cdd844e3729,0036d300256c76a4f5896c9a67c09337f62afc17d020e7827ddb9cdd844e3729,949.9999999999711,951.9999999999711,0.0,0.0,0.0,0.0,80,40,32.0,False,0.0,0.0,computed_reduced_circuit_not_author_reproduction
1024,10.0,explicitly_unpaired,B,carry_trace,00cb8d5428a73ce0c9a4fc72,0036d300256c76a4f5896c9a67c09337f62afc17d020e7827ddb9cdd844e3729,0036d300256c76a4f5896c9a67c09337f62afc17d020e7827ddb9cdd844e3729,949.9999999999711,951.9999999999711,0.0,0.0,0.0,0.0,80,40,32.0,False,0.0,0.0,computed_reduced_circuit_not_author_reproduction
1024,10.0,explicitly_unpaired,B,trace_reset_ablation,3b68fcf14cfb1a1114829435,0036d300256c76a4f5896c9a67c09337f62afc17d020e7827ddb9cdd844e3729,0036d300256c76a4f5896c9a67c09337f62afc17d020e7827ddb9cdd844e3729,949.9999999999711,951.9999999999711,0.0,0.0,0.0,0.0,80,40,32.0,False,0.0,0.0,computed_reduced_circuit_not_author_reproduction
1024,10.0,no_reward,A,carry_trace,983769f1e0f89497bbdd5ad3,0036d300256c76a4f5896c9a67c09337f62afc17d020e7827ddb9cdd844e3729,0036d300256c76a4f5896c9a67c09337f62afc17d020e7827ddb9cdd844e3729,949.9999999999714,951.9999999999714,0.0,0.0,0.0,0.0,80,0,0.0,False,0.0,0.0,computed_reduced_circuit_not_author_reproduction
1024,10.0,no_reward,A,trace_reset_ablation,294e6a87a368516f35211100,0036d300256c76a4f5896c9a67c09337f62afc17d020e7827ddb9cdd844e3729,0036d300256c76a4f5896c9a67c09337f62afc17d020e7827ddb9cdd844e3729,949.9999999999714,951.9999999999714,0.0,0.0,0.0,0.0,80,0,0.0,False,0.0,0.0,computed_reduced_circuit_not_author_reproduction
1024,10.0,no_reward,B,carry_trace,a51264e880862ef2b58060e6,0036d300256c76a4f5896c9a67c09337f62afc17d020e7827ddb9cdd844e3729,0036d300256c76a4f5896c9a67c09337f62afc17d020e7827ddb9cdd844e3729,949.9999999999714,951.9999999999714,0.0,0.0,0.0,0.0,80,0,0.0,False,0.0,0.0,computed_reduced_circuit_not_author_reproduction
1024,10.0,no_reward,B,trace_reset_ablation,45f91170f633d1406b5fb671,0036d300256c76a4f5896c9a67c09337f62afc17d020e7827ddb9cdd844e3729,0036d300256c76a4f5896c9a67c09337f62afc17d020e7827ddb9cdd844e3729,949.9999999999714,951.9999999999714,0.0,0.0,0.0,0.0,80,0,0.0,False,0.0,0.0,computed_reduced_circuit_not_author_reproduction
1024,10.0,plasticity_disabled,A,carry_trace,ea2981189e770e2a85a8cbdd,0036d300256c76a4f5896c9a67c09337f62afc17d020e7827ddb9cdd844e3729,0036d300256c76a4f5896c9a67c09337f62afc17d020e7827ddb9cdd844e3729,949.9999999999714,951.9999999999714,0.0,0.0,0.0,0.0,80,40,32.0,False,0.0,0.0,computed_reduced_circuit_not_author_reproduction
1024,10.0,plasticity_disabled,A,trace_reset_ablation,30a9c7038c33539349f7677a,0036d300256c76a4f5896c9a67c09337f62afc17d020e7827ddb9cdd844e3729,0036d300256c76a4f5896c9a67c09337f62afc17d020e7827ddb9cdd844e3729,949.9999999999714,951.9999999999714,0.0,0.0,0.0,0.0,80,40,32.0,False,0.0,0.0,computed_reduced_circuit_not_author_reproduction
1024,10.0,plasticity_disabled,B,carry_trace,423c4bd1ee35bc3efa88f25e,0036d300256c76a4f5896c9a67c09337f62afc17d020e7827ddb9cdd844e3729,0036d300256c76a4f5896c9a67c09337f62afc17d020e7827ddb9cdd844e3729,949.9999999999714,951.9999999999714,0.0,0.0,0.0,0.0,80,40,32.0,False,0.0,0.0,computed_reduced_circuit_not_author_reproduction
1024,10.0,plasticity_disabled,B,trace_reset_ablation,ccfdb65c024c99f8e7cbbb65,0036d300256c76a4f5896c9a67c09337f62afc17d020e7827ddb9cdd844e3729,0036d300256c76a4f5896c9a67c09337f62afc17d020e7827ddb9cdd844e3729,949.9999999999714,951.9999999999714,0.0,0.0,0.0,0.0,80,40,32.0,False,0.0,0.0,computed_reduced_circuit_not_author_reproduction
1024,40.0,paired,A,carry_trace,e69405792b7b9dd16734a5c1,0036d300256c76a4f5896c9a67c09337f62afc17d020e7827ddb9cdd844e3729,82134f6ea5881388d6aa804303246699bd188acbdc03482e31ac28e41b46915a,3320.0000000000846,3322.0000000000846,0.0,0.576914888673461,2.476570060139238e-10,0.576914888425804,80,40,32.0,True,0.07529657310466065,0.576914888673461,computed_reduced_circuit_not_author_reproduction
1024,40.0,paired,A,trace_reset_ablation,6ce72977ec348973b4cbae57,0036d300256c76a4f5896c9a67c09337f62afc17d020e7827ddb9cdd844e3729,b045ba96eefa96a3fb0eefbcbb11772d45290c9120f210ba5a1def7c85301290,3320.0000000000846,3322.0000000000846,0.0,0.5769148885978298,0.0,0.5769148885978298,80,40,32.0,True,0.07529657309052074,0.5769148885978298,computed_reduced_circuit_not_author_reproduction
1024,40.0,paired,B,carry_trace,d26fa63a0c034cd97c6a1729,0036d300256c76a4f5896c9a67c09337f62afc17d020e7827ddb9cdd844e3729,7d48e40bf1062291ba7953e5aec0772a4593bf8f44c67534c1ee99a47068d7f2,3320.0000000000846,3322.0000000000846,0.0,0.5836371251426443,2.55448995289953e-10,0.5836371248871953,80,40,32.0,True,0.0710299611812274,0.5836371251426443,computed_reduced_circuit_not_author_reproduction
1024,40.0,paired,B,trace_reset_ablation,1f0e8290d7c442f005cabaee,0036d300256c76a4f5896c9a67c09337f62afc17d020e7827ddb9cdd844e3729,c0884cebe7b0f2b07196671ae081b171395ea0764390c2420b9e35bc441e1ecc,3320.0000000000846,3322.0000000000846,0.0,0.5836371250737298,0.0,0.5836371250737298,80,40,32.0,True,0.07102996116916882,0.5836371250737298,computed_reduced_circuit_not_author_reproduction
1024,40.0,explicitly_unpaired,A,carry_trace,dbbf0c17adb1648979b6f544,0036d300256c76a4f5896c9a67c09337f62afc17d020e7827ddb9cdd844e3729,0036d300256c76a4f5896c9a67c09337f62afc17d020e7827ddb9cdd844e3729,3320.0000000000846,3322.0000000000846,0.0,0.0,0.0,0.0,80,40,32.0,False,0.0,0.0,computed_reduced_circuit_not_author_reproduction
1024,40.0,explicitly_unpaired,A,trace_reset_ablation,9bba4ea9662af446cfb066bb,0036d300256c76a4f5896c9a67c09337f62afc17d020e7827ddb9cdd844e3729,0036d300256c76a4f5896c9a67c09337f62afc17d020e7827ddb9cdd844e3729,3320.0000000000846,3322.0000000000846,0.0,0.0,0.0,0.0,80,40,32.0,False,0.0,0.0,computed_reduced_circuit_not_author_reproduction
1024,40.0,explicitly_unpaired,B,carry_trace,ca574a7d3242ed45c3616855,0036d300256c76a4f5896c9a67c09337f62afc17d020e7827ddb9cdd844e3729,0036d300256c76a4f5896c9a67c09337f62afc17d020e7827ddb9cdd844e3729,3320.0000000000846,3322.0000000000846,0.0,0.0,0.0,0.0,80,40,32.0,False,0.0,0.0,computed_reduced_circuit_not_author_reproduction
1024,40.0,explicitly_unpaired,B,trace_reset_ablation,5143243f3f0dfed9d5210dc7,0036d300256c76a4f5896c9a67c09337f62afc17d020e7827ddb9cdd844e3729,0036d300256c76a4f5896c9a67c09337f62afc17d020e7827ddb9cdd844e3729,3320.0000000000846,3322.0000000000846,0.0,0.0,0.0,0.0,80,40,32.0,False,0.0,0.0,computed_reduced_circuit_not_author_reproduction
1024,40.0,no_reward,A,carry_trace,aa3164abcdf4cd631657a5bc,0036d300256c76a4f5896c9a67c09337f62afc17d020e7827ddb9cdd844e3729,0036d300256c76a4f5896c9a67c09337f62afc17d020e7827ddb9cdd844e3729,3320.0000000000846,3322.0000000000846,0.0,0.0,0.0,0.0,80,0,0.0,False,0.0,0.0,computed_reduced_circuit_not_author_reproduction
1024,40.0,no_reward,A,trace_reset_ablation,5c1ad58b6fc0f6e29965efa4,0036d300256c76a4f5896c9a67c09337f62afc17d020e7827ddb9cdd844e3729,0036d300256c76a4f5896c9a67c09337f62afc17d020e7827ddb9cdd844e3729,3320.0000000000846,3322.0000000000846,0.0,0.0,0.0,0.0,80,0,0.0,False,0.0,0.0,computed_reduced_circuit_not_author_reproduction
1024,40.0,no_reward,B,carry_trace,7a1f6779ecf3044ed2d80b92,0036d300256c76a4f5896c9a67c09337f62afc17d020e7827ddb9cdd844e3729,0036d300256c76a4f5896c9a67c09337f62afc17d020e7827ddb9cdd844e3729,3320.0000000000846,3322.0000000000846,0.0,0.0,0.0,0.0,80,0,0.0,False,0.0,0.0,computed_reduced_circuit_not_author_reproduction
1024,40.0,no_reward,B,trace_reset_ablation,38bd462e4de4929a98e1b458,0036d300256c76a4f5896c9a67c09337f62afc17d020e7827ddb9cdd844e3729,0036d300256c76a4f5896c9a67c09337f62afc17d020e7827ddb9cdd844e3729,3320.0000000000846,3322.0000000000846,0.0,0.0,0.0,0.0,80,0,0.0,False,0.0,0.0,computed_reduced_circuit_not_author_reproduction
1024,40.0,plasticity_disabled,A,carry_trace,49eb4dead7ba74cbfca7e3a4,0036d300256c76a4f5896c9a67c09337f62afc17d020e7827ddb9cdd844e3729,0036d300256c76a4f5896c9a67c09337f62afc17d020e7827ddb9cdd844e3729,3320.0000000000846,3322.0000000000846,0.0,0.0,0.0,0.0,80,40,32.0,False,0.0,0.0,computed_reduced_circuit_not_author_reproduction
1024,40.0,plasticity_disabled,A,trace_reset_ablation,953c8948b9d78ebf15569045,0036d300256c76a4f5896c9a67c09337f62afc17d020e7827ddb9cdd844e3729,0036d300256c76a4f5896c9a67c09337f62afc17d020e7827ddb9cdd844e3729,3320.0000000000846,3322.0000000000846,0.0,0.0,0.0,0.0,80,40,32.0,False,0.0,0.0,computed_reduced_circuit_not_author_reproduction
1024,40.0,plasticity_disabled,B,carry_trace,ab359b6b827d344d2094245c,0036d300256c76a4f5896c9a67c09337f62afc17d020e7827ddb9cdd844e3729,0036d300256c76a4f5896c9a67c09337f62afc17d020e7827ddb9cdd844e3729,3320.0000000000846,3322.0000000000846,0.0,0.0,0.0,0.0,80,40,32.0,False,0.0,0.0,computed_reduced_circuit_not_author_reproduction
1024,40.0,plasticity_disabled,B,trace_reset_ablation,3a9a4d226e99812d3665645e,0036d300256c76a4f5896c9a67c09337f62afc17d020e7827ddb9cdd844e3729,0036d300256c76a4f5896c9a67c09337f62afc17d020e7827ddb9cdd844e3729,3320.0000000000846,3322.0000000000846,0.0,0.0,0.0,0.0,80,40,32.0,False,0.0,0.0,computed_reduced_circuit_not_author_reproduction
1025,2.0,paired,A,carry_trace,04dd5dd6e423944f97c4b9bb,0036d300256c76a4f5896c9a67c09337f62afc17d020e7827ddb9cdd844e3729,1c1817938bcc22c1b7a2f66779772432b0a07b7132782e500b4809e6a0e98e10,318.00000000001364,320.00000000001364,0.0,0.5897162420269082,0.04934762613350652,0.5403686158934017,80,40,32.0,True,0.08062549675979702,0.5897162420269082,computed_reduced_circuit_not_author_reproduction
1025,2.0,paired,A,trace_reset_ablation,a893f59fcf89679c85f5e3f4,0036d300256c76a4f5896c9a67c09337f62afc17d020e7827ddb9cdd844e3729,02155c00167974cb656f8c1b63643915819a603cabb7a3280737f84ea6adf8fd,318.00000000001364,320.00000000001364,0.0,0.5802506443324901,0.0,0.5802506443324901,80,40,32.0,True,0.07736758537349886,0.5802506443324901,computed_reduced_circuit_not_author_reproduction
1025,2.0,paired,B,carry_trace,a144ded2c1d13d1695abd03e,0036d300256c76a4f5896c9a67c09337f62afc17d020e7827ddb9cdd844e3729,765950a431b83213eb31bb3fdd1490a349ad11d402d08ef1fff6b42d60371798,318.00000000001364,320.00000000001364,0.0,0.5892445557307471,0.04529413186563802,0.5439504238651091,80,40,32.0,True,0.07779016586696408,0.5892445557307471,computed_reduced_circuit_not_author_reproduction
1025,2.0,paired,B,trace_reset_ablation,d7eaff9b0f625a0b4781edef,0036d300256c76a4f5896c9a67c09337f62afc17d020e7827ddb9cdd844e3729,30070856ce083e3bca6e42277389a73ec267c00f0e904a55e4ff92de0a5d2569,318.00000000001364,320.00000000001364,0.0,0.580961268039,0.0,0.580961268039,80,40,32.0,True,0.074895540114989,0.580961268039,computed_reduced_circuit_not_author_reproduction
1025,2.0,explicitly_unpaired,A,carry_trace,9e2112cdbe97c68b2be76c60,0036d300256c76a4f5896c9a67c09337f62afc17d020e7827ddb9cdd844e3729,0036d300256c76a4f5896c9a67c09337f62afc17d020e7827ddb9cdd844e3729,318.00000000001353,320.00000000001353,0.0,0.0,0.0,0.0,80,40,32.0,False,0.0,0.0,computed_reduced_circuit_not_author_reproduction
1025,2.0,explicitly_unpaired,A,trace_reset_ablation,c2432d10d877d0d00945084e,0036d300256c76a4f5896c9a67c09337f62afc17d020e7827ddb9cdd844e3729,0036d300256c76a4f5896c9a67c09337f62afc17d020e7827ddb9cdd844e3729,318.00000000001353,320.00000000001353,0.0,0.0,0.0,0.0,80,40,32.0,False,0.0,0.0,computed_reduced_circuit_not_author_reproduction
1025,2.0,explicitly_unpaired,B,carry_trace,dc3bc3ebf2c1f6c9a353aa9e,0036d300256c76a4f5896c9a67c09337f62afc17d020e7827ddb9cdd844e3729,0036d300256c76a4f5896c9a67c09337f62afc17d020e7827ddb9cdd844e3729,318.00000000001353,320.00000000001353,0.0,0.0,0.0,0.0,80,40,32.0,False,0.0,0.0,computed_reduced_circuit_not_author_reproduction
1025,2.0,explicitly_unpaired,B,trace_reset_ablation,18474f4fb1a28cb823943a25,0036d300256c76a4f5896c9a67c09337f62afc17d020e7827ddb9cdd844e3729,0036d300256c76a4f5896c9a67c09337f62afc17d020e7827ddb9cdd844e3729,318.00000000001353,320.00000000001353,0.0,0.0,0.0,0.0,80,40,32.0,False,0.0,0.0,computed_reduced_circuit_not_author_reproduction
1025,2.0,no_reward,A,carry_trace,022cdaf8ad8149481b919661,0036d300256c76a4f5896c9a67c09337f62afc17d020e7827ddb9cdd844e3729,0036d300256c76a4f5896c9a67c09337f62afc17d020e7827ddb9cdd844e3729,318.00000000001364,320.00000000001364,0.0,0.0,0.0,0.0,80,0,0.0,False,0.0,0.0,computed_reduced_circuit_not_author_reproduction
1025,2.0,no_reward,A,trace_reset_ablation,941a98fb5c3cc5c98290fb5a,0036d300256c76a4f5896c9a67c09337f62afc17d020e7827ddb9cdd844e3729,0036d300256c76a4f5896c9a67c09337f62afc17d020e7827ddb9cdd844e3729,318.00000000001364,320.00000000001364,0.0,0.0,0.0,0.0,80,0,0.0,False,0.0,0.0,computed_reduced_circuit_not_author_reproduction
1025,2.0,no_reward,B,carry_trace,444ac7208e33bc0a49ffbe2f,0036d300256c76a4f5896c9a67c09337f62afc17d020e7827ddb9cdd844e3729,0036d300256c76a4f5896c9a67c09337f62afc17d020e7827ddb9cdd844e3729,318.00000000001364,320.00000000001364,0.0,0.0,0.0,0.0,80,0,0.0,False,0.0,0.0,computed_reduced_circuit_not_author_reproduction
1025,2.0,no_reward,B,trace_reset_ablation,f7efd0e09a1b965dcd8ce545,0036d300256c76a4f5896c9a67c09337f62afc17d020e7827ddb9cdd844e3729,0036d300256c76a4f5896c9a67c09337f62afc17d020e7827ddb9cdd844e3729,318.00000000001364,320.00000000001364,0.0,0.0,0.0,0.0,80,0,0.0,False,0.0,0.0,computed_reduced_circuit_not_author_reproduction
1025,2.0,plasticity_disabled,A,carry_trace,0388a2fcd683f25d6c974e6d,0036d300256c76a4f5896c9a67c09337f62afc17d020e7827ddb9cdd844e3729,0036d300256c76a4f5896c9a67c09337f62afc17d020e7827ddb9cdd844e3729,318.00000000001364,320.00000000001364,0.0,0.0,0.0,0.0,80,40,32.0,False,0.0,0.0,computed_reduced_circuit_not_author_reproduction
1025,2.0,plasticity_disabled,A,trace_reset_ablation,953dfb28fd4e4d927bb7cfe7,0036d300256c76a4f5896c9a67c09337f62afc17d020e7827ddb9cdd844e3729,0036d300256c76a4f5896c9a67c09337f62afc17d020e7827ddb9cdd844e3729,318.00000000001364,320.00000000001364,0.0,0.0,0.0,0.0,80,40,32.0,False,0.0,0.0,computed_reduced_circuit_not_author_reproduction
1025,2.0,plasticity_disabled,B,carry_trace,1cf6383164bf4ac3310c8595,0036d300256c76a4f5896c9a67c09337f62afc17d020e7827ddb9cdd844e3729,0036d300256c76a4f5896c9a67c09337f62afc17d020e7827ddb9cdd844e3729,318.00000000001364,320.00000000001364,0.0,0.0,0.0,0.0,80,40,32.0,False,0.0,0.0,computed_reduced_circuit_not_author_reproduction
1025,2.0,plasticity_disabled,B,trace_reset_ablation,11c424805697f6ef84c4d422,0036d300256c76a4f5896c9a67c09337f62afc17d020e7827ddb9cdd844e3729,0036d300256c76a4f5896c9a67c09337f62afc17d020e7827ddb9cdd844e3729,318.00000000001364,320.00000000001364,0.0,0.0,0.0,0.0,80,40,32.0,False,0.0,0.0,computed_reduced_circuit_not_author_reproduction
1025,10.0,paired,A,carry_trace,bbba48d1c8dfa1dbdee5a413,0036d300256c76a4f5896c9a67c09337f62afc17d020e7827ddb9cdd844e3729,a4254bdd74284322737b6a233da81890ff8d0c967b9b53a2e0684b336366ad0b,949.9999999999714,951.9999999999714,0.0,0.5804771340101983,0.000799732605333503,0.5796774014048648,80,40,32.0,True,0.07741132641492621,0.5804771340101983,computed_reduced_circuit_not_author_reproduction
1025,10.0,paired,A,trace_reset_ablation,bbf743155e526c95cd028af5,0036d300256c76a4f5896c9a67c09337f62afc17d020e7827ddb9cdd844e3729,02155c00167974cb656f8c1b63643915819a603cabb7a3280737f84ea6adf8fd,949.9999999999714,951.9999999999714,0.0,0.5802506443324901,0.0,0.5802506443324901,80,40,32.0,True,0.07736758537349886,0.5802506443324901,computed_reduced_circuit_not_author_reproduction
1025,10.0,paired,B,carry_trace,4f4d32ff3c47cc4cbbcdbfc8,0036d300256c76a4f5896c9a67c09337f62afc17d020e7827ddb9cdd844e3729,0e0dd837a6ed0be6da59325aa463beffc8b25d9cf9128257253efbf0d4b06455,949.9999999999714,951.9999999999714,0.0,0.5811774630196926,0.0007208306141203158,0.5804566324055723,80,40,32.0,True,0.07493592501744595,0.5811774630196926,computed_reduced_circuit_not_author_reproduction
1025,10.0,paired,B,trace_reset_ablation,89a29c50563ecf232237f393,0036d300256c76a4f5896c9a67c09337f62afc17d020e7827ddb9cdd844e3729,30070856ce083e3bca6e42277389a73ec267c00f0e904a55e4ff92de0a5d2569,949.9999999999714,951.9999999999714,0.0,0.580961268039,0.0,0.580961268039,80,40,32.0,True,0.074895540114989,0.580961268039,computed_reduced_circuit_not_author_reproduction
1025,10.0,explicitly_unpaired,A,carry_trace,9ba04fa593cd0d610d4a6744,0036d300256c76a4f5896c9a67c09337f62afc17d020e7827ddb9cdd844e3729,0036d300256c76a4f5896c9a67c09337f62afc17d020e7827ddb9cdd844e3729,949.9999999999711,951.9999999999711,0.0,0.0,0.0,0.0,80,40,32.0,False,0.0,0.0,computed_reduced_circuit_not_author_reproduction
1025,10.0,explicitly_unpaired,A,trace_reset_ablation,402f434304beb7b449ecd749,0036d300256c76a4f5896c9a67c09337f62afc17d020e7827ddb9cdd844e3729,0036d300256c76a4f5896c9a67c09337f62afc17d020e7827ddb9cdd844e3729,949.9999999999711,951.9999999999711,0.0,0.0,0.0,0.0,80,40,32.0,False,0.0,0.0,computed_reduced_circuit_not_author_reproduction
1025,10.0,explicitly_unpaired,B,carry_trace,b04bf6f048c8e2ecdc7c5ce2,0036d300256c76a4f5896c9a67c09337f62afc17d020e7827ddb9cdd844e3729,0036d300256c76a4f5896c9a67c09337f62afc17d020e7827ddb9cdd844e3729,949.9999999999711,951.9999999999711,0.0,0.0,0.0,0.0,80,40,32.0,False,0.0,0.0,computed_reduced_circuit_not_author_reproduction
1025,10.0,explicitly_unpaired,B,trace_reset_ablation,fd9c7ed60a3e2387856e43f3,0036d300256c76a4f5896c9a67c09337f62afc17d020e7827ddb9cdd844e3729,0036d300256c76a4f5896c9a67c09337f62afc17d020e7827ddb9cdd844e3729,949.9999999999711,951.9999999999711,0.0,0.0,0.0,0.0,80,40,32.0,False,0.0,0.0,computed_reduced_circuit_not_author_reproduction
1025,10.0,no_reward,A,carry_trace,531f9d2b54a47926fc118929,0036d300256c76a4f5896c9a67c09337f62afc17d020e7827ddb9cdd844e3729,0036d300256c76a4f5896c9a67c09337f62afc17d020e7827ddb9cdd844e3729,949.9999999999714,951.9999999999714,0.0,0.0,0.0,0.0,80,0,0.0,False,0.0,0.0,computed_reduced_circuit_not_author_reproduction
1025,10.0,no_reward,A,trace_reset_ablation,bc96075adfbd02e41a0a22e9,0036d300256c76a4f5896c9a67c09337f62afc17d020e7827ddb9cdd844e3729,0036d300256c76a4f5896c9a67c09337f62afc17d020e7827ddb9cdd844e3729,949.9999999999714,951.9999999999714,0.0,0.0,0.0,0.0,80,0,0.0,False,0.0,0.0,computed_reduced_circuit_not_author_reproduction
1025,10.0,no_reward,B,carry_trace,a24c941a039cf1ded6c44f8a,0036d300256c76a4f5896c9a67c09337f62afc17d020e7827ddb9cdd844e3729,0036d300256c76a4f5896c9a67c09337f62afc17d020e7827ddb9cdd844e3729,949.9999999999714,951.9999999999714,0.0,0.0,0.0,0.0,80,0,0.0,False,0.0,0.0,computed_reduced_circuit_not_author_reproduction
1025,10.0,no_reward,B,trace_reset_ablation,2e212669eb06ed477416fbf2,0036d300256c76a4f5896c9a67c09337f62afc17d020e7827ddb9cdd844e3729,0036d300256c76a4f5896c9a67c09337f62afc17d020e7827ddb9cdd844e3729,949.9999999999714,951.9999999999714,0.0,0.0,0.0,0.0,80,0,0.0,False,0.0,0.0,computed_reduced_circuit_not_author_reproduction
1025,10.0,plasticity_disabled,A,carry_trace,df1198455a3cfa78d4f2caff,0036d300256c76a4f5896c9a67c09337f62afc17d020e7827ddb9cdd844e3729,0036d300256c76a4f5896c9a67c09337f62afc17d020e7827ddb9cdd844e3729,949.9999999999714,951.9999999999714,0.0,0.0,0.0,0.0,80,40,32.0,False,0.0,0.0,computed_reduced_circuit_not_author_reproduction
1025,10.0,plasticity_disabled,A,trace_reset_ablation,9d7e67d22eee5c1d7833b614,0036d300256c76a4f5896c9a67c09337f62afc17d020e7827ddb9cdd844e3729,0036d300256c76a4f5896c9a67c09337f62afc17d020e7827ddb9cdd844e3729,949.9999999999714,951.9999999999714,0.0,0.0,0.0,0.0,80,40,32.0,False,0.0,0.0,computed_reduced_circuit_not_author_reproduction
1025,10.0,plasticity_disabled,B,carry_trace,b0c6bb201e81c70518a53aa5,0036d300256c76a4f5896c9a67c09337f62afc17d020e7827ddb9cdd844e3729,0036d300256c76a4f5896c9a67c09337f62afc17d020e7827ddb9cdd844e3729,949.9999999999714,951.9999999999714,0.0,0.0,0.0,0.0,80,40,32.0,False,0.0,0.0,computed_reduced_circuit_not_author_reproduction
1025,10.0,plasticity_disabled,B,trace_reset_ablation,6f25f86fb9bd17fef74a0946,0036d300256c76a4f5896c9a67c09337f62afc17d020e7827ddb9cdd844e3729,0036d300256c76a4f5896c9a67c09337f62afc17d020e7827ddb9cdd844e3729,949.9999999999714,951.9999999999714,0.0,0.0,0.0,0.0,80,40,32.0,False,0.0,0.0,computed_reduced_circuit_not_author_reproduction
1025,40.0,paired,A,carry_trace,07c7f8a290b4143f0750c49f,0036d300256c76a4f5896c9a67c09337f62afc17d020e7827ddb9cdd844e3729,663ea32726cc72150bcdfc4f100e81e40f6a301cf2c7ab2295e64c2214930c1c,3320.0000000000846,3322.0000000000846,0.0,0.5802506444020102,2.4418445043750125e-10,0.5802506441578258,80,40,32.0,True,0.07736758538681032,0.5802506444020102,computed_reduced_circuit_not_author_reproduction
1025,40.0,paired,A,trace_reset_ablation,c1e9a8d355e89a8b9fc3cfe7,0036d300256c76a4f5896c9a67c09337f62afc17d020e7827ddb9cdd844e3729,02155c00167974cb656f8c1b63643915819a603cabb7a3280737f84ea6adf8fd,3320.0000000000846,3322.0000000000846,0.0,0.5802506443324901,0.0,0.5802506443324901,80,40,32.0,True,0.07736758537349886,0.5802506443324901,computed_reduced_circuit_not_author_reproduction
1025,40.0,paired,B,carry_trace,8c669677937085d73ecc0c8c,0036d300256c76a4f5896c9a67c09337f62afc17d020e7827ddb9cdd844e3729,667d317b0f26f37532c04e72eaa9b91fcf9e00f934c35dde82eda9996738a36c,3320.0000000000846,3322.0000000000846,0.0,0.580961268105434,2.2000401500577027e-10,0.58096126788543,80,40,32.0,True,0.0748955401272886,0.580961268105434,computed_reduced_circuit_not_author_reproduction
1025,40.0,paired,B,trace_reset_ablation,174d756821beb5ace2feaf3b,0036d300256c76a4f5896c9a67c09337f62afc17d020e7827ddb9cdd844e3729,30070856ce083e3bca6e42277389a73ec267c00f0e904a55e4ff92de0a5d2569,3320.0000000000846,3322.0000000000846,0.0,0.580961268039,0.0,0.580961268039,80,40,32.0,True,0.074895540114989,0.580961268039,computed_reduced_circuit_not_author_reproduction
1025,40.0,explicitly_unpaired,A,carry_trace,e1eaf4a0bb774310d9589a77,0036d300256c76a4f5896c9a67c09337f62afc17d020e7827ddb9cdd844e3729,0036d300256c76a4f5896c9a67c09337f62afc17d020e7827ddb9cdd844e3729,3320.0000000000846,3322.0000000000846,0.0,0.0,0.0,0.0,80,40,32.0,False,0.0,0.0,computed_reduced_circuit_not_author_reproduction
1025,40.0,explicitly_unpaired,A,trace_reset_ablation,1e44286894d9da067c75981d,0036d300256c76a4f5896c9a67c09337f62afc17d020e7827ddb9cdd844e3729,0036d300256c76a4f5896c9a67c09337f62afc17d020e7827ddb9cdd844e3729,3320.0000000000846,3322.0000000000846,0.0,0.0,0.0,0.0,80,40,32.0,False,0.0,0.0,computed_reduced_circuit_not_author_reproduction
1025,40.0,explicitly_unpaired,B,carry_trace,c685c90088832ccf7cce3549,0036d300256c76a4f5896c9a67c09337f62afc17d020e7827ddb9cdd844e3729,0036d300256c76a4f5896c9a67c09337f62afc17d020e7827ddb9cdd844e3729,3320.0000000000846,3322.0000000000846,0.0,0.0,0.0,0.0,80,40,32.0,False,0.0,0.0,computed_reduced_circuit_not_author_reproduction
1025,40.0,explicitly_unpaired,B,trace_reset_ablation,28435a4732ebfbc65f82c10c,0036d300256c76a4f5896c9a67c09337f62afc17d020e7827ddb9cdd844e3729,0036d300256c76a4f5896c9a67c09337f62afc17d020e7827ddb9cdd844e3729,3320.0000000000846,3322.0000000000846,0.0,0.0,0.0,0.0,80,40,32.0,False,0.0,0.0,computed_reduced_circuit_not_author_reproduction
1025,40.0,no_reward,A,carry_trace,26963c6bff69f6aad301b2c0,0036d300256c76a4f5896c9a67c09337f62afc17d020e7827ddb9cdd844e3729,0036d300256c76a4f5896c9a67c09337f62afc17d020e7827ddb9cdd844e3729,3320.0000000000846,3322.0000000000846,0.0,0.0,0.0,0.0,80,0,0.0,False,0.0,0.0,computed_reduced_circuit_not_author_reproduction
1025,40.0,no_reward,A,trace_reset_ablation,ee81928904ee6c59f0896307,0036d300256c76a4f5896c9a67c09337f62afc17d020e7827ddb9cdd844e3729,0036d300256c76a4f5896c9a67c09337f62afc17d020e7827ddb9cdd844e3729,3320.0000000000846,3322.0000000000846,0.0,0.0,0.0,0.0,80,0,0.0,False,0.0,0.0,computed_reduced_circuit_not_author_reproduction
1025,40.0,no_reward,B,carry_trace,b2f33f4f0fd726d7f0f14115,0036d300256c76a4f5896c9a67c09337f62afc17d020e7827ddb9cdd844e3729,0036d300256c76a4f5896c9a67c09337f62afc17d020e7827ddb9cdd844e3729,3320.0000000000846,3322.0000000000846,0.0,0.0,0.0,0.0,80,0,0.0,False,0.0,0.0,computed_reduced_circuit_not_author_reproduction
1025,40.0,no_reward,B,trace_reset_ablation,4b31b2b99b0356c6d162d082,0036d300256c76a4f5896c9a67c09337f62afc17d020e7827ddb9cdd844e3729,0036d300256c76a4f5896c9a67c09337f62afc17d020e7827ddb9cdd844e3729,3320.0000000000846,3322.0000000000846,0.0,0.0,0.0,0.0,80,0,0.0,False,0.0,0.0,computed_reduced_circuit_not_author_reproduction
1025,40.0,plasticity_disabled,A,carry_trace,b512d4dcb58893fced462fb4,0036d300256c76a4f5896c9a67c09337f62afc17d020e7827ddb9cdd844e3729,0036d300256c76a4f5896c9a67c09337f62afc17d020e7827ddb9cdd844e3729,3320.0000000000846,3322.0000000000846,0.0,0.0,0.0,0.0,80,40,32.0,False,0.0,0.0,computed_reduced_circuit_not_author_reproduction
1025,40.0,plasticity_disabled,A,trace_reset_ablation,6b39266236d1684f3f21653b,0036d300256c76a4f5896c9a67c09337f62afc17d020e7827ddb9cdd844e3729,0036d300256c76a4f5896c9a67c09337f62afc17d020e7827ddb9cdd844e3729,3320.0000000000846,3322.0000000000846,0.0,0.0,0.0,0.0,80,40,32.0,False,0.0,0.0,computed_reduced_circuit_not_author_reproduction
1025,40.0,plasticity_disabled,B,carry_trace,40aeeb85efede67565652604,0036d300256c76a4f5896c9a67c09337f62afc17d020e7827ddb9cdd844e3729,0036d300256c76a4f5896c9a67c09337f62afc17d020e7827ddb9cdd844e3729,3320.0000000000846,3322.0000000000846,0.0,0.0,0.0,0.0,80,40,32.0,False,0.0,0.0,computed_reduced_circuit_not_author_reproduction
1025,40.0,plasticity_disabled,B,trace_reset_ablation,6eab302bee25029a8ddeeb91,0036d300256c76a4f5896c9a67c09337f62afc17d020e7827ddb9cdd844e3729,0036d300256c76a4f5896c9a67c09337f62afc17d020e7827ddb9cdd844e3729,3320.0000000000846,3322.0000000000846,0.0,0.0,0.0,0.0,80,40,32.0,False,0.0,0.0,computed_reduced_circuit_not_author_reproduction
1026,2.0,paired,A,carry_trace,bb788ba5aa085b86d3e48da5,0036d300256c76a4f5896c9a67c09337f62afc17d020e7827ddb9cdd844e3729,363347ced32225cd058178fd65d32d28dc2a4fc4e8141393c8c882772ce33bd4,318.00000000001364,320.00000000001364,0.0,0.5849278102154702,0.05374293605627767,0.5311848741591926,80,40,32.0,True,0.08917230199446502,0.5849278102154702,computed_reduced_circuit_not_author_reproduction
1026,2.0,paired,A,trace_reset_ablation,43c3fe18cf6aaecc5d580018,0036d300256c76a4f5896c9a67c09337f62afc17d020e7827ddb9cdd844e3729,44a337c20f78a73c2e4293d889753849dacf474d74d3f2f0891540d3c76e83d7,318.00000000001364,320.00000000001364,0.0,0.5755143941837971,0.0,0.5755143941837971,80,40,32.0,True,0.08551771167674144,0.5755143941837971,computed_reduced_circuit_not_author_reproduction
1026,2.0,paired,B,carry_trace,4bf5162c2fde858a4be25799,0036d300256c76a4f5896c9a67c09337f62afc17d020e7827ddb9cdd844e3729,21a0e296652d5555a89d631a05363ecc52f80ed99bc4e45975d79c6f67ecc258,318.00000000001364,320.00000000001364,0.0,0.5946499674096691,0.04855242979941676,0.5460975376102524,80,40,32.0,True,0.07905137147805164,0.5946499674096691,computed_reduced_circuit_not_author_reproduction
1026,2.0,paired,B,trace_reset_ablation,0b975a87b4bee722ef656ed4,0036d300256c76a4f5896c9a67c09337f62afc17d020e7827ddb9cdd844e3729,4e3a4c2c9a2ddfbb85cf67d441a27ef767378b78377ecd3d5734cd9e59d70713,318.00000000001364,320.00000000001364,0.0,0.5862084646930763,0.0,0.5862084646930763,80,40,32.0,True,0.07593474716140836,0.5862084646930763,computed_reduced_circuit_not_author_reproduction
1026,2.0,explicitly_unpaired,A,carry_trace,817a7592fa73e59213e370d0,0036d300256c76a4f5896c9a67c09337f62afc17d020e7827ddb9cdd844e3729,0036d300256c76a4f5896c9a67c09337f62afc17d020e7827ddb9cdd844e3729,318.00000000001353,320.00000000001353,0.0,0.0,0.0,0.0,80,40,32.0,False,0.0,0.0,computed_reduced_circuit_not_author_reproduction
1026,2.0,explicitly_unpaired,A,trace_reset_ablation,b0d539ae981be0004a21cb2c,0036d300256c76a4f5896c9a67c09337f62afc17d020e7827ddb9cdd844e3729,0036d300256c76a4f5896c9a67c09337f62afc17d020e7827ddb9cdd844e3729,318.00000000001353,320.00000000001353,0.0,0.0,0.0,0.0,80,40,32.0,False,0.0,0.0,computed_reduced_circuit_not_author_reproduction
1026,2.0,explicitly_unpaired,B,carry_trace,651a1bc2842d74c03f81af08,0036d300256c76a4f5896c9a67c09337f62afc17d020e7827ddb9cdd844e3729,0036d300256c76a4f5896c9a67c09337f62afc17d020e7827ddb9cdd844e3729,318.00000000001353,320.00000000001353,0.0,0.0,0.0,0.0,80,40,32.0,False,0.0,0.0,computed_reduced_circuit_not_author_reproduction
1026,2.0,explicitly_unpaired,B,trace_reset_ablation,b5bb6dd07c164ae22581610b,0036d300256c76a4f5896c9a67c09337f62afc17d020e7827ddb9cdd844e3729,0036d300256c76a4f5896c9a67c09337f62afc17d020e7827ddb9cdd844e3729,318.00000000001353,320.00000000001353,0.0,0.0,0.0,0.0,80,40,32.0,False,0.0,0.0,computed_reduced_circuit_not_author_reproduction
1026,2.0,no_reward,A,carry_trace,5a1e817d070aad2c70fe3fcb,0036d300256c76a4f5896c9a67c09337f62afc17d020e7827ddb9cdd844e3729,0036d300256c76a4f5896c9a67c09337f62afc17d020e7827ddb9cdd844e3729,318.00000000001364,320.00000000001364,0.0,0.0,0.0,0.0,80,0,0.0,False,0.0,0.0,computed_reduced_circuit_not_author_reproduction
1026,2.0,no_reward,A,trace_reset_ablation,d0110ae1d041e46fd6bdc8c9,0036d300256c76a4f5896c9a67c09337f62afc17d020e7827ddb9cdd844e3729,0036d300256c76a4f5896c9a67c09337f62afc17d020e7827ddb9cdd844e3729,318.00000000001364,320.00000000001364,0.0,0.0,0.0,0.0,80,0,0.0,False,0.0,0.0,computed_reduced_circuit_not_author_reproduction
1026,2.0,no_reward,B,carry_trace,4dfe443e967a25d36e58cb2b,0036d300256c76a4f5896c9a67c09337f62afc17d020e7827ddb9cdd844e3729,0036d300256c76a4f5896c9a67c09337f62afc17d020e7827ddb9cdd844e3729,318.00000000001364,320.00000000001364,0.0,0.0,0.0,0.0,80,0,0.0,False,0.0,0.0,computed_reduced_circuit_not_author_reproduction
1026,2.0,no_reward,B,trace_reset_ablation,5a54678eeebe97d4001a368c,0036d300256c76a4f5896c9a67c09337f62afc17d020e7827ddb9cdd844e3729,0036d300256c76a4f5896c9a67c09337f62afc17d020e7827ddb9cdd844e3729,318.00000000001364,320.00000000001364,0.0,0.0,0.0,0.0,80,0,0.0,False,0.0,0.0,computed_reduced_circuit_not_author_reproduction
1026,2.0,plasticity_disabled,A,carry_trace,94622e33b7fb72edbe7b7b1f,0036d300256c76a4f5896c9a67c09337f62afc17d020e7827ddb9cdd844e3729,0036d300256c76a4f5896c9a67c09337f62afc17d020e7827ddb9cdd844e3729,318.00000000001364,320.00000000001364,0.0,0.0,0.0,0.0,80,40,32.0,False,0.0,0.0,computed_reduced_circuit_not_author_reproduction
1026,2.0,plasticity_disabled,A,trace_reset_ablation,c35560684d0a4f62245e571b,0036d300256c76a4f5896c9a67c09337f62afc17d020e7827ddb9cdd844e3729,0036d300256c76a4f5896c9a67c09337f62afc17d020e7827ddb9cdd844e3729,318.00000000001364,320.00000000001364,0.0,0.0,0.0,0.0,80,40,32.0,False,0.0,0.0,computed_reduced_circuit_not_author_reproduction
1026,2.0,plasticity_disabled,B,carry_trace,2003f44d1ebd2e21a0ef0db6,0036d300256c76a4f5896c9a67c09337f62afc17d020e7827ddb9cdd844e3729,0036d300256c76a4f5896c9a67c09337f62afc17d020e7827ddb9cdd844e3729,318.00000000001364,320.00000000001364,0.0,0.0,0.0,0.0,80,40,32.0,False,0.0,0.0,computed_reduced_circuit_not_author_reproduction
1026,2.0,plasticity_disabled,B,trace_reset_ablation,611b864b7d57be1ba538faaf,0036d300256c76a4f5896c9a67c09337f62afc17d020e7827ddb9cdd844e3729,0036d300256c76a4f5896c9a67c09337f62afc17d020e7827ddb9cdd844e3729,318.00000000001364,320.00000000001364,0.0,0.0,0.0,0.0,80,40,32.0,False,0.0,0.0,computed_reduced_circuit_not_author_reproduction
1026,10.0,paired,A,carry_trace,1de27a3f6296ff1d643d93d7,0036d300256c76a4f5896c9a67c09337f62afc17d020e7827ddb9cdd844e3729,93669ea157c3de3228f447a3b73487b2b9d03982e3a8438eb56061df3f1ed901,949.9999999999714,951.9999999999714,0.0,0.5757580654322323,0.0008965362273016808,0.5748615292049306,80,40,32.0,True,0.08557004513609384,0.5757580654322323,computed_reduced_circuit_not_author_reproduction
1026,10.0,paired,A,trace_reset_ablation,0cb57f323f57ae5bfc7a6489,0036d300256c76a4f5896c9a67c09337f62afc17d020e7827ddb9cdd844e3729,44a337c20f78a73c2e4293d889753849dacf474d74d3f2f0891540d3c76e83d7,949.9999999999714,951.9999999999714,0.0,0.5755143941837971,0.0,0.5755143941837971,80,40,32.0,True,0.08551771167674144,0.5755143941837971,computed_reduced_circuit_not_author_reproduction
1026,10.0,paired,B,carry_trace,296e213daa2769e14b3985cc,0036d300256c76a4f5896c9a67c09337f62afc17d020e7827ddb9cdd844e3729,c0342c4a2e395b35293b1f4c746db787f0b0128e2918a9b1c9137b34126c3a11,949.9999999999714,951.9999999999714,0.0,0.586438367571904,0.0007944547848730554,0.585643912787031,80,40,32.0,True,0.07597808107237314,0.586438367571904,computed_reduced_circuit_not_author_reproduction
1026,10.0,paired,B,trace_reset_ablation,1fef361c15467a6e4dbc57b7,0036d300256c76a4f5896c9a67c09337f62afc17d020e7827ddb9cdd844e3729,4e3a4c2c9a2ddfbb85cf67d441a27ef767378b78377ecd3d5734cd9e59d70713,949.9999999999714,951.9999999999714,0.0,0.5862084646930763,0.0,0.5862084646930763,80,40,32.0,True,0.07593474716140836,0.5862084646930763,computed_reduced_circuit_not_author_reproduction
1026,10.0,explicitly_unpaired,A,carry_trace,e66b60c0cb3a93a32fcf364d,0036d300256c76a4f5896c9a67c09337f62afc17d020e7827ddb9cdd844e3729,0036d300256c76a4f5896c9a67c09337f62afc17d020e7827ddb9cdd844e3729,949.9999999999711,951.9999999999711,0.0,0.0,0.0,0.0,80,40,32.0,False,0.0,0.0,computed_reduced_circuit_not_author_reproduction
1026,10.0,explicitly_unpaired,A,trace_reset_ablation,0d33f546d10716016109b6eb,0036d300256c76a4f5896c9a67c09337f62afc17d020e7827ddb9cdd844e3729,0036d300256c76a4f5896c9a67c09337f62afc17d020e7827ddb9cdd844e3729,949.9999999999711,951.9999999999711,0.0,0.0,0.0,0.0,80,40,32.0,False,0.0,0.0,computed_reduced_circuit_not_author_reproduction
1026,10.0,explicitly_unpaired,B,carry_trace,4cf79cd0426e5671e43a9c65,0036d300256c76a4f5896c9a67c09337f62afc17d020e7827ddb9cdd844e3729,0036d300256c76a4f5896c9a67c09337f62afc17d020e7827ddb9cdd844e3729,949.9999999999711,951.9999999999711,0.0,0.0,0.0,0.0,80,40,32.0,False,0.0,0.0,computed_reduced_circuit_not_author_reproduction
1026,10.0,explicitly_unpaired,B,trace_reset_ablation,685bb4c5dc3053bff8bce2a0,0036d300256c76a4f5896c9a67c09337f62afc17d020e7827ddb9cdd844e3729,0036d300256c76a4f5896c9a67c09337f62afc17d020e7827ddb9cdd844e3729,949.9999999999711,951.9999999999711,0.0,0.0,0.0,0.0,80,40,32.0,False,0.0,0.0,computed_reduced_circuit_not_author_reproduction
1026,10.0,no_reward,A,carry_trace,8d98033c2ebca7260940c35d,0036d300256c76a4f5896c9a67c09337f62afc17d020e7827ddb9cdd844e3729,0036d300256c76a4f5896c9a67c09337f62afc17d020e7827ddb9cdd844e3729,949.9999999999714,951.9999999999714,0.0,0.0,0.0,0.0,80,0,0.0,False,0.0,0.0,computed_reduced_circuit_not_author_reproduction
1026,10.0,no_reward,A,trace_reset_ablation,df1c5d8aae3cb0a53181ec69,0036d300256c76a4f5896c9a67c09337f62afc17d020e7827ddb9cdd844e3729,0036d300256c76a4f5896c9a67c09337f62afc17d020e7827ddb9cdd844e3729,949.9999999999714,951.9999999999714,0.0,0.0,0.0,0.0,80,0,0.0,False,0.0,0.0,computed_reduced_circuit_not_author_reproduction
1026,10.0,no_reward,B,carry_trace,0d2b3f97e2dbfd5c5dc54ad7,0036d300256c76a4f5896c9a67c09337f62afc17d020e7827ddb9cdd844e3729,0036d300256c76a4f5896c9a67c09337f62afc17d020e7827ddb9cdd844e3729,949.9999999999714,951.9999999999714,0.0,0.0,0.0,0.0,80,0,0.0,False,0.0,0.0,computed_reduced_circuit_not_author_reproduction
1026,10.0,no_reward,B,trace_reset_ablation,925a24b1da732e069d6849c4,0036d300256c76a4f5896c9a67c09337f62afc17d020e7827ddb9cdd844e3729,0036d300256c76a4f5896c9a67c09337f62afc17d020e7827ddb9cdd844e3729,949.9999999999714,951.9999999999714,0.0,0.0,0.0,0.0,80,0,0.0,False,0.0,0.0,computed_reduced_circuit_not_author_reproduction
1026,10.0,plasticity_disabled,A,carry_trace,b0d7350066799ba2b984eb99,0036d300256c76a4f5896c9a67c09337f62afc17d020e7827ddb9cdd844e3729,0036d300256c76a4f5896c9a67c09337f62afc17d020e7827ddb9cdd844e3729,949.9999999999714,951.9999999999714,0.0,0.0,0.0,0.0,80,40,32.0,False,0.0,0.0,computed_reduced_circuit_not_author_reproduction
1026,10.0,plasticity_disabled,A,trace_reset_ablation,41f3ca352dabe0b23140d132,0036d300256c76a4f5896c9a67c09337f62afc17d020e7827ddb9cdd844e3729,0036d300256c76a4f5896c9a67c09337f62afc17d020e7827ddb9cdd844e3729,949.9999999999714,951.9999999999714,0.0,0.0,0.0,0.0,80,40,32.0,False,0.0,0.0,computed_reduced_circuit_not_author_reproduction
1026,10.0,plasticity_disabled,B,carry_trace,ca649871e23f9285f60bbb0d,0036d300256c76a4f5896c9a67c09337f62afc17d020e7827ddb9cdd844e3729,0036d300256c76a4f5896c9a67c09337f62afc17d020e7827ddb9cdd844e3729,949.9999999999714,951.9999999999714,0.0,0.0,0.0,0.0,80,40,32.0,False,0.0,0.0,computed_reduced_circuit_not_author_reproduction
1026,10.0,plasticity_disabled,B,trace_reset_ablation,1c05ecef58bb42a11cf8504b,0036d300256c76a4f5896c9a67c09337f62afc17d020e7827ddb9cdd844e3729,0036d300256c76a4f5896c9a67c09337f62afc17d020e7827ddb9cdd844e3729,949.9999999999714,951.9999999999714,0.0,0.0,0.0,0.0,80,40,32.0,False,0.0,0.0,computed_reduced_circuit_not_author_reproduction
1026,40.0,paired,A,carry_trace,c56a041c4da6ae55ba1cb982,0036d300256c76a4f5896c9a67c09337f62afc17d020e7827ddb9cdd844e3729,37bbd8b17861999660e76654ea3f633f87d9ce04d4612acdc619616016f3e5a4,3320.0000000000846,3322.0000000000846,0.0,0.5755143942586821,2.738991256023837e-10,0.575514393984783,80,40,32.0,True,0.08551771169269046,0.5755143942586821,computed_reduced_circuit_not_author_reproduction
1026,40.0,paired,A,trace_reset_ablation,bd91b866c3c4a30a44920452,0036d300256c76a4f5896c9a67c09337f62afc17d020e7827ddb9cdd844e3729,44a337c20f78a73c2e4293d889753849dacf474d74d3f2f0891540d3c76e83d7,3320.0000000000846,3322.0000000000846,0.0,0.5755143941837971,0.0,0.5755143941837971,80,40,32.0,True,0.08551771167674144,0.5755143941837971,computed_reduced_circuit_not_author_reproduction
1026,40.0,paired,B,carry_trace,033999918f9134d4254ce69b,0036d300256c76a4f5896c9a67c09337f62afc17d020e7827ddb9cdd844e3729,1193b22394ee30ca66420779fbee4481fc2f0632ee61ad206aecc8f7208547e8,3320.0000000000846,3322.0000000000846,0.0,0.586208464763782,2.4262125641882903e-10,0.5862084645211607,80,40,32.0,True,0.07593474717460857,0.586208464763782,computed_reduced_circuit_not_author_reproduction
1026,40.0,paired,B,trace_reset_ablation,63fd119b7a83faed727ace16,0036d300256c76a4f5896c9a67c09337f62afc17d020e7827ddb9cdd844e3729,4e3a4c2c9a2ddfbb85cf67d441a27ef767378b78377ecd3d5734cd9e59d70713,3320.0000000000846,3322.0000000000846,0.0,0.5862084646930763,0.0,0.5862084646930763,80,40,32.0,True,0.07593474716140836,0.5862084646930763,computed_reduced_circuit_not_author_reproduction
1026,40.0,explicitly_unpaired,A,carry_trace,d3d2b70817b306d3a1b77292,0036d300256c76a4f5896c9a67c09337f62afc17d020e7827ddb9cdd844e3729,0036d300256c76a4f5896c9a67c09337f62afc17d020e7827ddb9cdd844e3729,3320.0000000000846,3322.0000000000846,0.0,0.0,0.0,0.0,80,40,32.0,False,0.0,0.0,computed_reduced_circuit_not_author_reproduction
1026,40.0,explicitly_unpaired,A,trace_reset_ablation,f8af458cf8715f8505027806,0036d300256c76a4f5896c9a67c09337f62afc17d020e7827ddb9cdd844e3729,0036d300256c76a4f5896c9a67c09337f62afc17d020e7827ddb9cdd844e3729,3320.0000000000846,3322.0000000000846,0.0,0.0,0.0,0.0,80,40,32.0,False,0.0,0.0,computed_reduced_circuit_not_author_reproduction
1026,40.0,explicitly_unpaired,B,carry_trace,c74b31622016ca3fb6cab700,0036d300256c76a4f5896c9a67c09337f62afc17d020e7827ddb9cdd844e3729,0036d300256c76a4f5896c9a67c09337f62afc17d020e7827ddb9cdd844e3729,3320.0000000000846,3322.0000000000846,0.0,0.0,0.0,0.0,80,40,32.0,False,0.0,0.0,computed_reduced_circuit_not_author_reproduction
1026,40.0,explicitly_unpaired,B,trace_reset_ablation,8ca69135ff6670f962abe6d8,0036d300256c76a4f5896c9a67c09337f62afc17d020e7827ddb9cdd844e3729,0036d300256c76a4f5896c9a67c09337f62afc17d020e7827ddb9cdd844e3729,3320.0000000000846,3322.0000000000846,0.0,0.0,0.0,0.0,80,40,32.0,False,0.0,0.0,computed_reduced_circuit_not_author_reproduction
1026,40.0,no_reward,A,carry_trace,3101394a77636f0a1871e5c3,0036d300256c76a4f5896c9a67c09337f62afc17d020e7827ddb9cdd844e3729,0036d300256c76a4f5896c9a67c09337f62afc17d020e7827ddb9cdd844e3729,3320.0000000000846,3322.0000000000846,0.0,0.0,0.0,0.0,80,0,0.0,False,0.0,0.0,computed_reduced_circuit_not_author_reproduction
1026,40.0,no_reward,A,trace_reset_ablation,88cafe2ddeb62e638a7d3f4f,0036d300256c76a4f5896c9a67c09337f62afc17d020e7827ddb9cdd844e3729,0036d300256c76a4f5896c9a67c09337f62afc17d020e7827ddb9cdd844e3729,3320.0000000000846,3322.0000000000846,0.0,0.0,0.0,0.0,80,0,0.0,False,0.0,0.0,computed_reduced_circuit_not_author_reproduction
1026,40.0,no_reward,B,carry_trace,31e92effcdc3e91f3e44b3c8,0036d300256c76a4f5896c9a67c09337f62afc17d020e7827ddb9cdd844e3729,0036d300256c76a4f5896c9a67c09337f62afc17d020e7827ddb9cdd844e3729,3320.0000000000846,3322.0000000000846,0.0,0.0,0.0,0.0,80,0,0.0,False,0.0,0.0,computed_reduced_circuit_not_author_reproduction
1026,40.0,no_reward,B,trace_reset_ablation,2a296aed479348a85fe8fe6b,0036d300256c76a4f5896c9a67c09337f62afc17d020e7827ddb9cdd844e3729,0036d300256c76a4f5896c9a67c09337f62afc17d020e7827ddb9cdd844e3729,3320.0000000000846,3322.0000000000846,0.0,0.0,0.0,0.0,80,0,0.0,False,0.0,0.0,computed_reduced_circuit_not_author_reproduction
1026,40.0,plasticity_disabled,A,carry_trace,59a414e60a6acd56302151fb,0036d300256c76a4f5896c9a67c09337f62afc17d020e7827ddb9cdd844e3729,0036d300256c76a4f5896c9a67c09337f62afc17d020e7827ddb9cdd844e3729,3320.0000000000846,3322.0000000000846,0.0,0.0,0.0,0.0,80,40,32.0,False,0.0,0.0,computed_reduced_circuit_not_author_reproduction
1026,40.0,plasticity_disabled,A,trace_reset_ablation,15ac8f69b5d42e038da8d5d6,0036d300256c76a4f5896c9a67c09337f62afc17d020e7827ddb9cdd844e3729,0036d300256c76a4f5896c9a67c09337f62afc17d020e7827ddb9cdd844e3729,3320.0000000000846,3322.0000000000846,0.0,0.0,0.0,0.0,80,40,32.0,False,0.0,0.0,computed_reduced_circuit_not_author_reproduction
1026,40.0,plasticity_disabled,B,carry_trace,204b55257e79e2cbb3e33f60,0036d300256c76a4f5896c9a67c09337f62afc17d020e7827ddb9cdd844e3729,0036d300256c76a4f5896c9a67c09337f62afc17d020e7827ddb9cdd844e3729,3320.0000000000846,3322.0000000000846,0.0,0.0,0.0,0.0,80,40,32.0,False,0.0,0.0,computed_reduced_circuit_not_author_reproduction
1026,40.0,plasticity_disabled,B,trace_reset_ablation,ea458a24c7c1fc36a20f8652,0036d300256c76a4f5896c9a67c09337f62afc17d020e7827ddb9cdd844e3729,0036d300256c76a4f5896c9a67c09337f62afc17d020e7827ddb9cdd844e3729,3320.0000000000846,3322.0000000000846,0.0,0.0,0.0,0.0,80,40,32.0,False,0.0,0.0,computed_reduced_circuit_not_author_reproduction
1027,2.0,paired,A,carry_trace,223b8a3744a4cf9eee9bdb93,0036d300256c76a4f5896c9a67c09337f62afc17d020e7827ddb9cdd844e3729,43ab718471be107949b2388f328dee6916d9c57d629aa702d74bfdc639b2118a,318.00000000001364,320.00000000001364,0.0,0.5767027214439552,0.05157676402701894,0.5251259574169362,80,40,32.0,True,0.08209627528496954,0.5767027214439552,computed_reduced_circuit_not_author_reproduction
1027,2.0,paired,A,trace_reset_ablation,7641f207721ebf78fb93eabe,0036d300256c76a4f5896c9a67c09337f62afc17d020e7827ddb9cdd844e3729,28a206c26d272ebe66fe65cac738c58b218b0ea7ad66ab7c5e62c2f11ee69435,318.00000000001364,320.00000000001364,0.0,0.5681544637757318,0.0,0.5681544637757318,80,40,32.0,True,0.07880080960197011,0.5681544637757318,computed_reduced_circuit_not_author_reproduction
1027,2.0,paired,B,carry_trace,0ce37e4b1095467f57d4db3c,0036d300256c76a4f5896c9a67c09337f62afc17d020e7827ddb9cdd844e3729,a04b4a0664dae61fe37e9bdaf413f895dad5cf9da28180a248041a5ca5f3af76,318.00000000001364,320.00000000001364,0.0,0.5990129260513971,0.051365902323073254,0.5476470237283239,80,40,32.0,True,0.06910458088782112,0.5990129260513971,computed_reduced_circuit_not_author_reproduction
1027,2.0,paired,B,trace_reset_ablation,a9af4db3eecef599ee1e725e,0036d300256c76a4f5896c9a67c09337f62afc17d020e7827ddb9cdd844e3729,9b932af7c62787fd45d281540ef3657539b2f7ca66616cf37e1e30c56e82ec04,318.00000000001364,320.00000000001364,0.0,0.5915609743159501,0.0,0.5915609743159501,80,40,32.0,True,0.06656420082363113,0.5915609743159501,computed_reduced_circuit_not_author_reproduction
1027,2.0,explicitly_unpaired,A,carry_trace,507ce4fb1b8881d11e5cd28a,0036d300256c76a4f5896c9a67c09337f62afc17d020e7827ddb9cdd844e3729,0036d300256c76a4f5896c9a67c09337f62afc17d020e7827ddb9cdd844e3729,318.00000000001353,320.00000000001353,0.0,0.0,0.0,0.0,80,40,32.0,False,0.0,0.0,computed_reduced_circuit_not_author_reproduction
1027,2.0,explicitly_unpaired,A,trace_reset_ablation,44b10e9bb113963e55cde8c5,0036d300256c76a4f5896c9a67c09337f62afc17d020e7827ddb9cdd844e3729,0036d300256c76a4f5896c9a67c09337f62afc17d020e7827ddb9cdd844e3729,318.00000000001353,320.00000000001353,0.0,0.0,0.0,0.0,80,40,32.0,False,0.0,0.0,computed_reduced_circuit_not_author_reproduction
1027,2.0,explicitly_unpaired,B,carry_trace,c83a6e51be8fdb0e36eefffb,0036d300256c76a4f5896c9a67c09337f62afc17d020e7827ddb9cdd844e3729,0036d300256c76a4f5896c9a67c09337f62afc17d020e7827ddb9cdd844e3729,318.00000000001353,320.00000000001353,0.0,0.0,0.0,0.0,80,40,32.0,False,0.0,0.0,computed_reduced_circuit_not_author_reproduction
1027,2.0,explicitly_unpaired,B,trace_reset_ablation,fc96ddfba3b6af4b870c6db6,0036d300256c76a4f5896c9a67c09337f62afc17d020e7827ddb9cdd844e3729,0036d300256c76a4f5896c9a67c09337f62afc17d020e7827ddb9cdd844e3729,318.00000000001353,320.00000000001353,0.0,0.0,0.0,0.0,80,40,32.0,False,0.0,0.0,computed_reduced_circuit_not_author_reproduction
1027,2.0,no_reward,A,carry_trace,96b7d8b89c9c53e479a3f34a,0036d300256c76a4f5896c9a67c09337f62afc17d020e7827ddb9cdd844e3729,0036d300256c76a4f5896c9a67c09337f62afc17d020e7827ddb9cdd844e3729,318.00000000001364,320.00000000001364,0.0,0.0,0.0,0.0,80,0,0.0,False,0.0,0.0,computed_reduced_circuit_not_author_reproduction
1027,2.0,no_reward,A,trace_reset_ablation,d34a9072b453fff4f8beba81,0036d300256c76a4f5896c9a67c09337f62afc17d020e7827ddb9cdd844e3729,0036d300256c76a4f5896c9a67c09337f62afc17d020e7827ddb9cdd844e3729,318.00000000001364,320.00000000001364,0.0,0.0,0.0,0.0,80,0,0.0,False,0.0,0.0,computed_reduced_circuit_not_author_reproduction
1027,2.0,no_reward,B,carry_trace,a921eff47c6a1f8a698c333a,0036d300256c76a4f5896c9a67c09337f62afc17d020e7827ddb9cdd844e3729,0036d300256c76a4f5896c9a67c09337f62afc17d020e7827ddb9cdd844e3729,318.00000000001364,320.00000000001364,0.0,0.0,0.0,0.0,80,0,0.0,False,0.0,0.0,computed_reduced_circuit_not_author_reproduction
1027,2.0,no_reward,B,trace_reset_ablation,c54f4b7e1c79efe987dbda19,0036d300256c76a4f5896c9a67c09337f62afc17d020e7827ddb9cdd844e3729,0036d300256c76a4f5896c9a67c09337f62afc17d020e7827ddb9cdd844e3729,318.00000000001364,320.00000000001364,0.0,0.0,0.0,0.0,80,0,0.0,False,0.0,0.0,computed_reduced_circuit_not_author_reproduction
1027,2.0,plasticity_disabled,A,carry_trace,19ae872c3d0a15940b2a8bda,0036d300256c76a4f5896c9a67c09337f62afc17d020e7827ddb9cdd844e3729,0036d300256c76a4f5896c9a67c09337f62afc17d020e7827ddb9cdd844e3729,318.00000000001364,320.00000000001364,0.0,0.0,0.0,0.0,80,40,32.0,False,0.0,0.0,computed_reduced_circuit_not_author_reproduction
1027,2.0,plasticity_disabled,A,trace_reset_ablation,261cd0a2b3dd15a6b6a80aa4,0036d300256c76a4f5896c9a67c09337f62afc17d020e7827ddb9cdd844e3729,0036d300256c76a4f5896c9a67c09337f62afc17d020e7827ddb9cdd844e3729,318.00000000001364,320.00000000001364,0.0,0.0,0.0,0.0,80,40,32.0,False,0.0,0.0,computed_reduced_circuit_not_author_reproduction
1027,2.0,plasticity_disabled,B,carry_trace,17961ab17eaf87e3dc3c7bc6,0036d300256c76a4f5896c9a67c09337f62afc17d020e7827ddb9cdd844e3729,0036d300256c76a4f5896c9a67c09337f62afc17d020e7827ddb9cdd844e3729,318.00000000001364,320.00000000001364,0.0,0.0,0.0,0.0,80,40,32.0,False,0.0,0.0,computed_reduced_circuit_not_author_reproduction
1027,2.0,plasticity_disabled,B,trace_reset_ablation,6fa666803d1d5a188e7b9c29,0036d300256c76a4f5896c9a67c09337f62afc17d020e7827ddb9cdd844e3729,0036d300256c76a4f5896c9a67c09337f62afc17d020e7827ddb9cdd844e3729,318.00000000001364,320.00000000001364,0.0,0.0,0.0,0.0,80,40,32.0,False,0.0,0.0,computed_reduced_circuit_not_author_reproduction
1027,10.0,paired,A,carry_trace,24682f5c37a90f35481884f0,0036d300256c76a4f5896c9a67c09337f62afc17d020e7827ddb9cdd844e3729,bb74584ef9dda25d6d5d3b591c7fd7b5b5609abc8dfdc73a7f962c1cf63cfae9,949.9999999999714,951.9999999999714,0.0,0.5684020241743389,0.0008551853556311162,0.5675468388187078,80,40,32.0,True,0.07885018052119752,0.5684020241743389,computed_reduced_circuit_not_author_reproduction
1027,10.0,paired,A,trace_reset_ablation,a6f4705adaca669a026c5b92,0036d300256c76a4f5896c9a67c09337f62afc17d020e7827ddb9cdd844e3729,28a206c26d272ebe66fe65cac738c58b218b0ea7ad66ab7c5e62c2f11ee69435,949.9999999999714,951.9999999999714,0.0,0.5681544637757318,0.0,0.5681544637757318,80,40,32.0,True,0.07880080960197011,0.5681544637757318,computed_reduced_circuit_not_author_reproduction
1027,10.0,paired,B,carry_trace,e168aada6e1b96705b6aa6ab,0036d300256c76a4f5896c9a67c09337f62afc17d020e7827ddb9cdd844e3729,ac06db245e90bb009e683c26a37cc880be9416153e7e9507a01344d0b4131475,949.9999999999714,951.9999999999714,0.0,0.5917685164923223,0.0008644560422058634,0.5909040604501165,80,40,32.0,True,0.06659827533135976,0.5917685164923223,computed_reduced_circuit_not_author_reproduction
1027,10.0,paired,B,trace_reset_ablation,b3f1c27926057c32ea32705f,0036d300256c76a4f5896c9a67c09337f62afc17d020e7827ddb9cdd844e3729,9b932af7c62787fd45d281540ef3657539b2f7ca66616cf37e1e30c56e82ec04,949.9999999999714,951.9999999999714,0.0,0.5915609743159501,0.0,0.5915609743159501,80,40,32.0,True,0.06656420082363113,0.5915609743159501,computed_reduced_circuit_not_author_reproduction
1027,10.0,explicitly_unpaired,A,carry_trace,527bfc525ad262e5579254da,0036d300256c76a4f5896c9a67c09337f62afc17d020e7827ddb9cdd844e3729,0036d300256c76a4f5896c9a67c09337f62afc17d020e7827ddb9cdd844e3729,949.9999999999711,951.9999999999711,0.0,0.0,0.0,0.0,80,40,32.0,False,0.0,0.0,computed_reduced_circuit_not_author_reproduction
1027,10.0,explicitly_unpaired,A,trace_reset_ablation,8d8a54346738f146ad15b7f0,0036d300256c76a4f5896c9a67c09337f62afc17d020e7827ddb9cdd844e3729,0036d300256c76a4f5896c9a67c09337f62afc17d020e7827ddb9cdd844e3729,949.9999999999711,951.9999999999711,0.0,0.0,0.0,0.0,80,40,32.0,False,0.0,0.0,computed_reduced_circuit_not_author_reproduction
1027,10.0,explicitly_unpaired,B,carry_trace,47cc1e609fb464eab80101f1,0036d300256c76a4f5896c9a67c09337f62afc17d020e7827ddb9cdd844e3729,0036d300256c76a4f5896c9a67c09337f62afc17d020e7827ddb9cdd844e3729,949.9999999999711,951.9999999999711,0.0,0.0,0.0,0.0,80,40,32.0,False,0.0,0.0,computed_reduced_circuit_not_author_reproduction
1027,10.0,explicitly_unpaired,B,trace_reset_ablation,c863b20e5d5ffd609da8c1b7,0036d300256c76a4f5896c9a67c09337f62afc17d020e7827ddb9cdd844e3729,0036d300256c76a4f5896c9a67c09337f62afc17d020e7827ddb9cdd844e3729,949.9999999999711,951.9999999999711,0.0,0.0,0.0,0.0,80,40,32.0,False,0.0,0.0,computed_reduced_circuit_not_author_reproduction
1027,10.0,no_reward,A,carry_trace,9df9941beb8e3031deb24e16,0036d300256c76a4f5896c9a67c09337f62afc17d020e7827ddb9cdd844e3729,0036d300256c76a4f5896c9a67c09337f62afc17d020e7827ddb9cdd844e3729,949.9999999999714,951.9999999999714,0.0,0.0,0.0,0.0,80,0,0.0,False,0.0,0.0,computed_reduced_circuit_not_author_reproduction
1027,10.0,no_reward,A,trace_reset_ablation,801b7d01f7b5e652023e0350,0036d300256c76a4f5896c9a67c09337f62afc17d020e7827ddb9cdd844e3729,0036d300256c76a4f5896c9a67c09337f62afc17d020e7827ddb9cdd844e3729,949.9999999999714,951.9999999999714,0.0,0.0,0.0,0.0,80,0,0.0,False,0.0,0.0,computed_reduced_circuit_not_author_reproduction
1027,10.0,no_reward,B,carry_trace,dc601693810093e6796627ff,0036d300256c76a4f5896c9a67c09337f62afc17d020e7827ddb9cdd844e3729,0036d300256c76a4f5896c9a67c09337f62afc17d020e7827ddb9cdd844e3729,949.9999999999714,951.9999999999714,0.0,0.0,0.0,0.0,80,0,0.0,False,0.0,0.0,computed_reduced_circuit_not_author_reproduction
1027,10.0,no_reward,B,trace_reset_ablation,aa2c0e559bd2598ee9705ee8,0036d300256c76a4f5896c9a67c09337f62afc17d020e7827ddb9cdd844e3729,0036d300256c76a4f5896c9a67c09337f62afc17d020e7827ddb9cdd844e3729,949.9999999999714,951.9999999999714,0.0,0.0,0.0,0.0,80,0,0.0,False,0.0,0.0,computed_reduced_circuit_not_author_reproduction
1027,10.0,plasticity_disabled,A,carry_trace,7296ed91aeee98fe31deab2e,0036d300256c76a4f5896c9a67c09337f62afc17d020e7827ddb9cdd844e3729,0036d300256c76a4f5896c9a67c09337f62afc17d020e7827ddb9cdd844e3729,949.9999999999714,951.9999999999714,0.0,0.0,0.0,0.0,80,40,32.0,False,0.0,0.0,computed_reduced_circuit_not_author_reproduction
1027,10.0,plasticity_disabled,A,trace_reset_ablation,3b9f95ddfa3d7a280af9d690,0036d300256c76a4f5896c9a67c09337f62afc17d020e7827ddb9cdd844e3729,0036d300256c76a4f5896c9a67c09337f62afc17d020e7827ddb9cdd844e3729,949.9999999999714,951.9999999999714,0.0,0.0,0.0,0.0,80,40,32.0,False,0.0,0.0,computed_reduced_circuit_not_author_reproduction
1027,10.0,plasticity_disabled,B,carry_trace,4cabdfbb0576b9d997e6b98f,0036d300256c76a4f5896c9a67c09337f62afc17d020e7827ddb9cdd844e3729,0036d300256c76a4f5896c9a67c09337f62afc17d020e7827ddb9cdd844e3729,949.9999999999714,951.9999999999714,0.0,0.0,0.0,0.0,80,40,32.0,False,0.0,0.0,computed_reduced_circuit_not_author_reproduction
1027,10.0,plasticity_disabled,B,trace_reset_ablation,9394e96c3e20483df20036de,0036d300256c76a4f5896c9a67c09337f62afc17d020e7827ddb9cdd844e3729,0036d300256c76a4f5896c9a67c09337f62afc17d020e7827ddb9cdd844e3729,949.9999999999714,951.9999999999714,0.0,0.0,0.0,0.0,80,40,32.0,False,0.0,0.0,computed_reduced_circuit_not_author_reproduction
1027,40.0,paired,A,carry_trace,82339d6b095ebf8a0e0285f4,0036d300256c76a4f5896c9a67c09337f62afc17d020e7827ddb9cdd844e3729,56d0b46f767839ace25925362eef9953fea509835024bc6e48fc7360bc7c7137,3320.0000000000846,3322.0000000000846,0.0,0.5681544638519295,2.6124102880942246e-10,0.5681544635906884,80,40,32.0,True,0.07880080961703206,0.5681544638519295,computed_reduced_circuit_not_author_reproduction
1027,40.0,paired,A,trace_reset_ablation,963c13e9a3af22c4f262e0ff,0036d300256c76a4f5896c9a67c09337f62afc17d020e7827ddb9cdd844e3729,28a206c26d272ebe66fe65cac738c58b218b0ea7ad66ab7c5e62c2f11ee69435,3320.0000000000846,3322.0000000000846,0.0,0.5681544637757318,0.0,0.5681544637757318,80,40,32.0,True,0.07880080960197011,0.5681544637757318,computed_reduced_circuit_not_author_reproduction
1027,40.0,paired,B,carry_trace,a110d4148a24e18313c71fd7,0036d300256c76a4f5896c9a67c09337f62afc17d020e7827ddb9cdd844e3729,a670a43975f2aeaac9c40800c2aa03f3418a769190aa4e65fd9dd60480d0e187,3320.0000000000846,3322.0000000000846,0.0,0.5915609743798014,2.64153809936829e-10,0.5915609741156476,80,40,32.0,True,0.06656420083400305,0.5915609743798014,computed_reduced_circuit_not_author_reproduction
1027,40.0,paired,B,trace_reset_ablation,4329e5efe589afaed56f9baf,0036d300256c76a4f5896c9a67c09337f62afc17d020e7827ddb9cdd844e3729,9b932af7c62787fd45d281540ef3657539b2f7ca66616cf37e1e30c56e82ec04,3320.0000000000846,3322.0000000000846,0.0,0.5915609743159501,0.0,0.5915609743159501,80,40,32.0,True,0.06656420082363113,0.5915609743159501,computed_reduced_circuit_not_author_reproduction
1027,40.0,explicitly_unpaired,A,carry_trace,31969154ccf8ad6146ceb2df,0036d300256c76a4f5896c9a67c09337f62afc17d020e7827ddb9cdd844e3729,0036d300256c76a4f5896c9a67c09337f62afc17d020e7827ddb9cdd844e3729,3320.0000000000846,3322.0000000000846,0.0,0.0,0.0,0.0,80,40,32.0,False,0.0,0.0,computed_reduced_circuit_not_author_reproduction
1027,40.0,explicitly_unpaired,A,trace_reset_ablation,bd49a4af9e7739334e6eeac4,0036d300256c76a4f5896c9a67c09337f62afc17d020e7827ddb9cdd844e3729,0036d300256c76a4f5896c9a67c09337f62afc17d020e7827ddb9cdd844e3729,3320.0000000000846,3322.0000000000846,0.0,0.0,0.0,0.0,80,40,32.0,False,0.0,0.0,computed_reduced_circuit_not_author_reproduction
1027,40.0,explicitly_unpaired,B,carry_trace,5fb8733632d38e5c1cdcd5a6,0036d300256c76a4f5896c9a67c09337f62afc17d020e7827ddb9cdd844e3729,0036d300256c76a4f5896c9a67c09337f62afc17d020e7827ddb9cdd844e3729,3320.0000000000846,3322.0000000000846,0.0,0.0,0.0,0.0,80,40,32.0,False,0.0,0.0,computed_reduced_circuit_not_author_reproduction
1027,40.0,explicitly_unpaired,B,trace_reset_ablation,accc732c7f8a41aa2544367a,0036d300256c76a4f5896c9a67c09337f62afc17d020e7827ddb9cdd844e3729,0036d300256c76a4f5896c9a67c09337f62afc17d020e7827ddb9cdd844e3729,3320.0000000000846,3322.0000000000846,0.0,0.0,0.0,0.0,80,40,32.0,False,0.0,0.0,computed_reduced_circuit_not_author_reproduction
1027,40.0,no_reward,A,carry_trace,33f1bb594e0843e1b2211577,0036d300256c76a4f5896c9a67c09337f62afc17d020e7827ddb9cdd844e3729,0036d300256c76a4f5896c9a67c09337f62afc17d020e7827ddb9cdd844e3729,3320.0000000000846,3322.0000000000846,0.0,0.0,0.0,0.0,80,0,0.0,False,0.0,0.0,computed_reduced_circuit_not_author_reproduction
1027,40.0,no_reward,A,trace_reset_ablation,64b0b3dd61084253ab0a9b46,0036d300256c76a4f5896c9a67c09337f62afc17d020e7827ddb9cdd844e3729,0036d300256c76a4f5896c9a67c09337f62afc17d020e7827ddb9cdd844e3729,3320.0000000000846,3322.0000000000846,0.0,0.0,0.0,0.0,80,0,0.0,False,0.0,0.0,computed_reduced_circuit_not_author_reproduction
1027,40.0,no_reward,B,carry_trace,146f173333c3489287971481,0036d300256c76a4f5896c9a67c09337f62afc17d020e7827ddb9cdd844e3729,0036d300256c76a4f5896c9a67c09337f62afc17d020e7827ddb9cdd844e3729,3320.0000000000846,3322.0000000000846,0.0,0.0,0.0,0.0,80,0,0.0,False,0.0,0.0,computed_reduced_circuit_not_author_reproduction
1027,40.0,no_reward,B,trace_reset_ablation,876eadda88ecb60c59a6873b,0036d300256c76a4f5896c9a67c09337f62afc17d020e7827ddb9cdd844e3729,0036d300256c76a4f5896c9a67c09337f62afc17d020e7827ddb9cdd844e3729,3320.0000000000846,3322.0000000000846,0.0,0.0,0.0,0.0,80,0,0.0,False,0.0,0.0,computed_reduced_circuit_not_author_reproduction
1027,40.0,plasticity_disabled,A,carry_trace,a23e85c15dedfb94ca004377,0036d300256c76a4f5896c9a67c09337f62afc17d020e7827ddb9cdd844e3729,0036d300256c76a4f5896c9a67c09337f62afc17d020e7827ddb9cdd844e3729,3320.0000000000846,3322.0000000000846,0.0,0.0,0.0,0.0,80,40,32.0,False,0.0,0.0,computed_reduced_circuit_not_author_reproduction
1027,40.0,plasticity_disabled,A,trace_reset_ablation,88aa73c5ea30ba27803adbef,0036d300256c76a4f5896c9a67c09337f62afc17d020e7827ddb9cdd844e3729,0036d300256c76a4f5896c9a67c09337f62afc17d020e7827ddb9cdd844e3729,3320.0000000000846,3322.0000000000846,0.0,0.0,0.0,0.0,80,40,32.0,False,0.0,0.0,computed_reduced_circuit_not_author_reproduction
1027,40.0,plasticity_disabled,B,carry_trace,7be5389302ba19d7019fa731,0036d300256c76a4f5896c9a67c09337f62afc17d020e7827ddb9cdd844e3729,0036d300256c76a4f5896c9a67c09337f62afc17d020e7827ddb9cdd844e3729,3320.0000000000846,3322.0000000000846,0.0,0.0,0.0,0.0,80,40,32.0,False,0.0,0.0,computed_reduced_circuit_not_author_reproduction
1027,40.0,plasticity_disabled,B,trace_reset_ablation,f9e38d57b8431eada9665f5a,0036d300256c76a4f5896c9a67c09337f62afc17d020e7827ddb9cdd844e3729,0036d300256c76a4f5896c9a67c09337f62afc17d020e7827ddb9cdd844e3729,3320.0000000000846,3322.0000000000846,0.0,0.0,0.0,0.0,80,40,32.0,False,0.0,0.0,computed_reduced_circuit_not_author_reproduction
1028,2.0,paired,A,carry_trace,3587c9810d4b935036992614,0036d300256c76a4f5896c9a67c09337f62afc17d020e7827ddb9cdd844e3729,b2e036d64b054adfa4f0934e9dd4e08118566e75b153b436f7bee55ffefdcd06,318.00000000001364,320.00000000001364,0.0,0.5983366739072721,0.04904184771068687,0.5492948261965852,80,40,32.0,True,0.0764000953058952,0.5983366739072721,computed_reduced_circuit_not_author_reproduction
1028,2.0,paired,A,trace_reset_ablation,c75dba95e4b07ee1dcaa8851,0036d300256c76a4f5896c9a67c09337f62afc17d020e7827ddb9cdd844e3729,ecfc1e93c5778ddb575295494f4c5f9fd56d5f10552ffe43f3a4ee373703d0c8,318.00000000001364,320.00000000001364,0.0,0.5889905150767493,0.0,0.5889905150767493,80,40,32.0,True,0.0732300211459137,0.5889905150767493,computed_reduced_circuit_not_author_reproduction
1028,2.0,paired,B,carry_trace,df5708fef65910ab50aa9b43,0036d300256c76a4f5896c9a67c09337f62afc17d020e7827ddb9cdd844e3729,840d3b829203fefc16d73fcfdb614acb330ec0aa196469599c2cd5e88efdd536,318.00000000001364,320.00000000001364,0.0,0.5823095436551761,0.05111598654487559,0.5311935571103005,80,40,32.0,True,0.08971653698198839,0.5823095436551761,computed_reduced_circuit_not_author_reproduction
1028,2.0,paired,B,trace_reset_ablation,e4cc47a7357991cd61c65c6c,0036d300256c76a4f5896c9a67c09337f62afc17d020e7827ddb9cdd844e3729,c964d7448364d0de9043640aac2bdcecd1d6d139e633b9c58d8d236c1e6c6fb6,318.00000000001364,320.00000000001364,0.0,0.5722024228261384,0.0,0.5722024228261384,80,40,32.0,True,0.0858018918617211,0.5722024228261384,computed_reduced_circuit_not_author_reproduction
1028,2.0,explicitly_unpaired,A,carry_trace,b925cce0c59c69735f09b421,0036d300256c76a4f5896c9a67c09337f62afc17d020e7827ddb9cdd844e3729,0036d300256c76a4f5896c9a67c09337f62afc17d020e7827ddb9cdd844e3729,318.00000000001353,320.00000000001353,0.0,0.0,0.0,0.0,80,40,32.0,False,0.0,0.0,computed_reduced_circuit_not_author_reproduction
1028,2.0,explicitly_unpaired,A,trace_reset_ablation,3655a63989892545df0cd46a,0036d300256c76a4f5896c9a67c09337f62afc17d020e7827ddb9cdd844e3729,0036d300256c76a4f5896c9a67c09337f62afc17d020e7827ddb9cdd844e3729,318.00000000001353,320.00000000001353,0.0,0.0,0.0,0.0,80,40,32.0,False,0.0,0.0,computed_reduced_circuit_not_author_reproduction
1028,2.0,explicitly_unpaired,B,carry_trace,64e261484845cf8920ede874,0036d300256c76a4f5896c9a67c09337f62afc17d020e7827ddb9cdd844e3729,0036d300256c76a4f5896c9a67c09337f62afc17d020e7827ddb9cdd844e3729,318.00000000001353,320.00000000001353,0.0,0.0,0.0,0.0,80,40,32.0,False,0.0,0.0,computed_reduced_circuit_not_author_reproduction
1028,2.0,explicitly_unpaired,B,trace_reset_ablation,6ac0203a7a41b11c91f60bd1,0036d300256c76a4f5896c9a67c09337f62afc17d020e7827ddb9cdd844e3729,0036d300256c76a4f5896c9a67c09337f62afc17d020e7827ddb9cdd844e3729,318.00000000001353,320.00000000001353,0.0,0.0,0.0,0.0,80,40,32.0,False,0.0,0.0,computed_reduced_circuit_not_author_reproduction
1028,2.0,no_reward,A,carry_trace,3cd28ab0842b665607ee8afc,0036d300256c76a4f5896c9a67c09337f62afc17d020e7827ddb9cdd844e3729,0036d300256c76a4f5896c9a67c09337f62afc17d020e7827ddb9cdd844e3729,318.00000000001364,320.00000000001364,0.0,0.0,0.0,0.0,80,0,0.0,False,0.0,0.0,computed_reduced_circuit_not_author_reproduction
1028,2.0,no_reward,A,trace_reset_ablation,095ed75072f8c48c5631c835,0036d300256c76a4f5896c9a67c09337f62afc17d020e7827ddb9cdd844e3729,0036d300256c76a4f5896c9a67c09337f62afc17d020e7827ddb9cdd844e3729,318.00000000001364,320.00000000001364,0.0,0.0,0.0,0.0,80,0,0.0,False,0.0,0.0,computed_reduced_circuit_not_author_reproduction
1028,2.0,no_reward,B,carry_trace,a7364320d6f6928c246799a7,0036d300256c76a4f5896c9a67c09337f62afc17d020e7827ddb9cdd844e3729,0036d300256c76a4f5896c9a67c09337f62afc17d020e7827ddb9cdd844e3729,318.00000000001364,320.00000000001364,0.0,0.0,0.0,0.0,80,0,0.0,False,0.0,0.0,computed_reduced_circuit_not_author_reproduction
1028,2.0,no_reward,B,trace_reset_ablation,eefb6de65f4454412189387b,0036d300256c76a4f5896c9a67c09337f62afc17d020e7827ddb9cdd844e3729,0036d300256c76a4f5896c9a67c09337f62afc17d020e7827ddb9cdd844e3729,318.00000000001364,320.00000000001364,0.0,0.0,0.0,0.0,80,0,0.0,False,0.0,0.0,computed_reduced_circuit_not_author_reproduction
1028,2.0,plasticity_disabled,A,carry_trace,cc74189e69a1e9eacfe090a6,0036d300256c76a4f5896c9a67c09337f62afc17d020e7827ddb9cdd844e3729,0036d300256c76a4f5896c9a67c09337f62afc17d020e7827ddb9cdd844e3729,318.00000000001364,320.00000000001364,0.0,0.0,0.0,0.0,80,40,32.0,False,0.0,0.0,computed_reduced_circuit_not_author_reproduction
1028,2.0,plasticity_disabled,A,trace_reset_ablation,4484ce2f4b60ad23de02a54f,0036d300256c76a4f5896c9a67c09337f62afc17d020e7827ddb9cdd844e3729,0036d300256c76a4f5896c9a67c09337f62afc17d020e7827ddb9cdd844e3729,318.00000000001364,320.00000000001364,0.0,0.0,0.0,0.0,80,40,32.0,False,0.0,0.0,computed_reduced_circuit_not_author_reproduction
1028,2.0,plasticity_disabled,B,carry_trace,e0fadcc4113eb31accb34a28,0036d300256c76a4f5896c9a67c09337f62afc17d020e7827ddb9cdd844e3729,0036d300256c76a4f5896c9a67c09337f62afc17d020e7827ddb9cdd844e3729,318.00000000001364,320.00000000001364,0.0,0.0,0.0,0.0,80,40,32.0,False,0.0,0.0,computed_reduced_circuit_not_author_reproduction
1028,2.0,plasticity_disabled,B,trace_reset_ablation,c136ab4027beb4a4203c3b10,0036d300256c76a4f5896c9a67c09337f62afc17d020e7827ddb9cdd844e3729,0036d300256c76a4f5896c9a67c09337f62afc17d020e7827ddb9cdd844e3729,318.00000000001364,320.00000000001364,0.0,0.0,0.0,0.0,80,40,32.0,False,0.0,0.0,computed_reduced_circuit_not_author_reproduction
1028,10.0,paired,A,carry_trace,34da638007a3cc207e51310d,0036d300256c76a4f5896c9a67c09337f62afc17d020e7827ddb9cdd844e3729,9f6cbd21149e39f4c8c9398b10ee531e31f4a392d1e2ccbf556af02a8553dc5a,949.9999999999714,951.9999999999714,0.0,0.5892226465117649,0.0008068591593017871,0.5884157873524631,80,40,32.0,True,0.07327207045942585,0.5892226465117649,computed_reduced_circuit_not_author_reproduction
1028,10.0,paired,A,trace_reset_ablation,adec6ada636508e8365c0276,0036d300256c76a4f5896c9a67c09337f62afc17d020e7827ddb9cdd844e3729,ecfc1e93c5778ddb575295494f4c5f9fd56d5f10552ffe43f3a4ee373703d0c8,949.9999999999714,951.9999999999714,0.0,0.5889905150767493,0.0,0.5889905150767493,80,40,32.0,True,0.0732300211459137,0.5889905150767493,computed_reduced_circuit_not_author_reproduction
1028,10.0,paired,B,carry_trace,0126692e30cfc1b5af89ed46,0036d300256c76a4f5896c9a67c09337f62afc17d020e7827ddb9cdd844e3729,2ab9bba5b6b563198e0321752e40c9ac75c2f2fb60d28be01482eaed9a0293c9,949.9999999999714,951.9999999999714,0.0,0.5724612613307007,0.0008269119501935762,0.5716343493805072,80,40,32.0,True,0.08585787108515952,0.5724612613307007,computed_reduced_circuit_not_author_reproduction
1028,10.0,paired,B,trace_reset_ablation,97e1c0fd5cd9568374aaad80,0036d300256c76a4f5896c9a67c09337f62afc17d020e7827ddb9cdd844e3729,c964d7448364d0de9043640aac2bdcecd1d6d139e633b9c58d8d236c1e6c6fb6,949.9999999999714,951.9999999999714,0.0,0.5722024228261384,0.0,0.5722024228261384,80,40,32.0,True,0.0858018918617211,0.5722024228261384,computed_reduced_circuit_not_author_reproduction
1028,10.0,explicitly_unpaired,A,carry_trace,769e0af86c35b690cd7fb40b,0036d300256c76a4f5896c9a67c09337f62afc17d020e7827ddb9cdd844e3729,0036d300256c76a4f5896c9a67c09337f62afc17d020e7827ddb9cdd844e3729,949.9999999999711,951.9999999999711,0.0,0.0,0.0,0.0,80,40,32.0,False,0.0,0.0,computed_reduced_circuit_not_author_reproduction
1028,10.0,explicitly_unpaired,A,trace_reset_ablation,4810f0254bc227d66a826f3e,0036d300256c76a4f5896c9a67c09337f62afc17d020e7827ddb9cdd844e3729,0036d300256c76a4f5896c9a67c09337f62afc17d020e7827ddb9cdd844e3729,949.9999999999711,951.9999999999711,0.0,0.0,0.0,0.0,80,40,32.0,False,0.0,0.0,computed_reduced_circuit_not_author_reproduction
1028,10.0,explicitly_unpaired,B,carry_trace,105ff125c8919cd0252872f0,0036d300256c76a4f5896c9a67c09337f62afc17d020e7827ddb9cdd844e3729,0036d300256c76a4f5896c9a67c09337f62afc17d020e7827ddb9cdd844e3729,949.9999999999711,951.9999999999711,0.0,0.0,0.0,0.0,80,40,32.0,False,0.0,0.0,computed_reduced_circuit_not_author_reproduction
1028,10.0,explicitly_unpaired,B,trace_reset_ablation,928b1e45635879b2fff9c084,0036d300256c76a4f5896c9a67c09337f62afc17d020e7827ddb9cdd844e3729,0036d300256c76a4f5896c9a67c09337f62afc17d020e7827ddb9cdd844e3729,949.9999999999711,951.9999999999711,0.0,0.0,0.0,0.0,80,40,32.0,False,0.0,0.0,computed_reduced_circuit_not_author_reproduction
1028,10.0,no_reward,A,carry_trace,f622b892e60463c68cace55c,0036d300256c76a4f5896c9a67c09337f62afc17d020e7827ddb9cdd844e3729,0036d300256c76a4f5896c9a67c09337f62afc17d020e7827ddb9cdd844e3729,949.9999999999714,951.9999999999714,0.0,0.0,0.0,0.0,80,0,0.0,False,0.0,0.0,computed_reduced_circuit_not_author_reproduction
1028,10.0,no_reward,A,trace_reset_ablation,47d6557915b71380960625ad,0036d300256c76a4f5896c9a67c09337f62afc17d020e7827ddb9cdd844e3729,0036d300256c76a4f5896c9a67c09337f62afc17d020e7827ddb9cdd844e3729,949.9999999999714,951.9999999999714,0.0,0.0,0.0,0.0,80,0,0.0,False,0.0,0.0,computed_reduced_circuit_not_author_reproduction
1028,10.0,no_reward,B,carry_trace,41924348b2c27b084e1e59cb,0036d300256c76a4f5896c9a67c09337f62afc17d020e7827ddb9cdd844e3729,0036d300256c76a4f5896c9a67c09337f62afc17d020e7827ddb9cdd844e3729,949.9999999999714,951.9999999999714,0.0,0.0,0.0,0.0,80,0,0.0,False,0.0,0.0,computed_reduced_circuit_not_author_reproduction
1028,10.0,no_reward,B,trace_reset_ablation,3b715be444ed6e400f1ed1aa,0036d300256c76a4f5896c9a67c09337f62afc17d020e7827ddb9cdd844e3729,0036d300256c76a4f5896c9a67c09337f62afc17d020e7827ddb9cdd844e3729,949.9999999999714,951.9999999999714,0.0,0.0,0.0,0.0,80,0,0.0,False,0.0,0.0,computed_reduced_circuit_not_author_reproduction
1028,10.0,plasticity_disabled,A,carry_trace,510909d90e5fb9e10bc35eda,0036d300256c76a4f5896c9a67c09337f62afc17d020e7827ddb9cdd844e3729,0036d300256c76a4f5896c9a67c09337f62afc17d020e7827ddb9cdd844e3729,949.9999999999714,951.9999999999714,0.0,0.0,0.0,0.0,80,40,32.0,False,0.0,0.0,computed_reduced_circuit_not_author_reproduction
1028,10.0,plasticity_disabled,A,trace_reset_ablation,1fddd9e6c27d9bef60c93f28,0036d300256c76a4f5896c9a67c09337f62afc17d020e7827ddb9cdd844e3729,0036d300256c76a4f5896c9a67c09337f62afc17d020e7827ddb9cdd844e3729,949.9999999999714,951.9999999999714,0.0,0.0,0.0,0.0,80,40,32.0,False,0.0,0.0,computed_reduced_circuit_not_author_reproduction
1028,10.0,plasticity_disabled,B,carry_trace,ee311274128e6f30229463ad,0036d300256c76a4f5896c9a67c09337f62afc17d020e7827ddb9cdd844e3729,0036d300256c76a4f5896c9a67c09337f62afc17d020e7827ddb9cdd844e3729,949.9999999999714,951.9999999999714,0.0,0.0,0.0,0.0,80,40,32.0,False,0.0,0.0,computed_reduced_circuit_not_author_reproduction
1028,10.0,plasticity_disabled,B,trace_reset_ablation,74a9615c8b83fc487fb402d4,0036d300256c76a4f5896c9a67c09337f62afc17d020e7827ddb9cdd844e3729,0036d300256c76a4f5896c9a67c09337f62afc17d020e7827ddb9cdd844e3729,949.9999999999714,951.9999999999714,0.0,0.0,0.0,0.0,80,40,32.0,False,0.0,0.0,computed_reduced_circuit_not_author_reproduction
1028,40.0,paired,A,carry_trace,95fc246667e2886035757845,0036d300256c76a4f5896c9a67c09337f62afc17d020e7827ddb9cdd844e3729,3037b9d6ff0ae89413a64887148c98d64f616e94a949bcdf7620e9746fe20f67,3320.0000000000846,3322.0000000000846,0.0,0.588990515148046,2.4644075669044696e-10,0.5889905149016053,80,40,32.0,True,0.07323002115870658,0.588990515148046,computed_reduced_circuit_not_author_reproduction
1028,40.0,paired,A,trace_reset_ablation,802e27aabaa14c4b02c11c0d,0036d300256c76a4f5896c9a67c09337f62afc17d020e7827ddb9cdd844e3729,ecfc1e93c5778ddb575295494f4c5f9fd56d5f10552ffe43f3a4ee373703d0c8,3320.0000000000846,3322.0000000000846,0.0,0.5889905150767493,0.0,0.5889905150767493,80,40,32.0,True,0.0732300211459137,0.5889905150767493,computed_reduced_circuit_not_author_reproduction
1028,40.0,paired,B,carry_trace,b01e5c615ed41a7087a79de3,0036d300256c76a4f5896c9a67c09337f62afc17d020e7827ddb9cdd844e3729,0a928df248df038b85a6d835ccfc8dc4ef070dc0bbc56c7159fce6cc3cf2f203,3320.0000000000846,3322.0000000000846,0.0,0.5722024229056779,2.5247337553935267e-10,0.5722024226532045,80,40,32.0,True,0.08580189187877818,0.5722024229056779,computed_reduced_circuit_not_author_reproduction
1028,40.0,paired,B,trace_reset_ablation,dfa34bcbcbe3eb580eb0dce4,0036d300256c76a4f5896c9a67c09337f62afc17d020e7827ddb9cdd844e3729,c964d7448364d0de9043640aac2bdcecd1d6d139e633b9c58d8d236c1e6c6fb6,3320.0000000000846,3322.0000000000846,0.0,0.5722024228261384,0.0,0.5722024228261384,80,40,32.0,True,0.0858018918617211,0.5722024228261384,computed_reduced_circuit_not_author_reproduction
1028,40.0,explicitly_unpaired,A,carry_trace,66b7f914a31dcc441429222d,0036d300256c76a4f5896c9a67c09337f62afc17d020e7827ddb9cdd844e3729,0036d300256c76a4f5896c9a67c09337f62afc17d020e7827ddb9cdd844e3729,3320.0000000000846,3322.0000000000846,0.0,0.0,0.0,0.0,80,40,32.0,False,0.0,0.0,computed_reduced_circuit_not_author_reproduction
1028,40.0,explicitly_unpaired,A,trace_reset_ablation,703f1e576537e4eaccbbe3b2,0036d300256c76a4f5896c9a67c09337f62afc17d020e7827ddb9cdd844e3729,0036d300256c76a4f5896c9a67c09337f62afc17d020e7827ddb9cdd844e3729,3320.0000000000846,3322.0000000000846,0.0,0.0,0.0,0.0,80,40,32.0,False,0.0,0.0,computed_reduced_circuit_not_author_reproduction
1028,40.0,explicitly_unpaired,B,carry_trace,367c6c93d5f75b0a7491b32d,0036d300256c76a4f5896c9a67c09337f62afc17d020e7827ddb9cdd844e3729,0036d300256c76a4f5896c9a67c09337f62afc17d020e7827ddb9cdd844e3729,3320.0000000000846,3322.0000000000846,0.0,0.0,0.0,0.0,80,40,32.0,False,0.0,0.0,computed_reduced_circuit_not_author_reproduction
1028,40.0,explicitly_unpaired,B,trace_reset_ablation,52397af5d36def40dcac32f3,0036d300256c76a4f5896c9a67c09337f62afc17d020e7827ddb9cdd844e3729,0036d300256c76a4f5896c9a67c09337f62afc17d020e7827ddb9cdd844e3729,3320.0000000000846,3322.0000000000846,0.0,0.0,0.0,0.0,80,40,32.0,False,0.0,0.0,computed_reduced_circuit_not_author_reproduction
1028,40.0,no_reward,A,carry_trace,803bf7331bbe47f50b53375c,0036d300256c76a4f5896c9a67c09337f62afc17d020e7827ddb9cdd844e3729,0036d300256c76a4f5896c9a67c09337f62afc17d020e7827ddb9cdd844e3729,3320.0000000000846,3322.0000000000846,0.0,0.0,0.0,0.0,80,0,0.0,False,0.0,0.0,computed_reduced_circuit_not_author_reproduction
1028,40.0,no_reward,A,trace_reset_ablation,2e0e612e7aec8b072c9e4b2f,0036d300256c76a4f5896c9a67c09337f62afc17d020e7827ddb9cdd844e3729,0036d300256c76a4f5896c9a67c09337f62afc17d020e7827ddb9cdd844e3729,3320.0000000000846,3322.0000000000846,0.0,0.0,0.0,0.0,80,0,0.0,False,0.0,0.0,computed_reduced_circuit_not_author_reproduction
1028,40.0,no_reward,B,carry_trace,36a439883f17356dd6c9074c,0036d300256c76a4f5896c9a67c09337f62afc17d020e7827ddb9cdd844e3729,0036d300256c76a4f5896c9a67c09337f62afc17d020e7827ddb9cdd844e3729,3320.0000000000846,3322.0000000000846,0.0,0.0,0.0,0.0,80,0,0.0,False,0.0,0.0,computed_reduced_circuit_not_author_reproduction
1028,40.0,no_reward,B,trace_reset_ablation,5a63443348acfe932f2907c2,0036d300256c76a4f5896c9a67c09337f62afc17d020e7827ddb9cdd844e3729,0036d300256c76a4f5896c9a67c09337f62afc17d020e7827ddb9cdd844e3729,3320.0000000000846,3322.0000000000846,0.0,0.0,0.0,0.0,80,0,0.0,False,0.0,0.0,computed_reduced_circuit_not_author_reproduction
1028,40.0,plasticity_disabled,A,carry_trace,6d1871c562a5736aa537f328,0036d300256c76a4f5896c9a67c09337f62afc17d020e7827ddb9cdd844e3729,0036d300256c76a4f5896c9a67c09337f62afc17d020e7827ddb9cdd844e3729,3320.0000000000846,3322.0000000000846,0.0,0.0,0.0,0.0,80,40,32.0,False,0.0,0.0,computed_reduced_circuit_not_author_reproduction
1028,40.0,plasticity_disabled,A,trace_reset_ablation,8b30ca023b0ffee4f7a424e0,0036d300256c76a4f5896c9a67c09337f62afc17d020e7827ddb9cdd844e3729,0036d300256c76a4f5896c9a67c09337f62afc17d020e7827ddb9cdd844e3729,3320.0000000000846,3322.0000000000846,0.0,0.0,0.0,0.0,80,40,32.0,False,0.0,0.0,computed_reduced_circuit_not_author_reproduction
1028,40.0,plasticity_disabled,B,carry_trace,c6d9b0890fdc7ab046020b3b,0036d300256c76a4f5896c9a67c09337f62afc17d020e7827ddb9cdd844e3729,0036d300256c76a4f5896c9a67c09337f62afc17d020e7827ddb9cdd844e3729,3320.0000000000846,3322.0000000000846,0.0,0.0,0.0,0.0,80,40,32.0,False,0.0,0.0,computed_reduced_circuit_not_author_reproduction
1028,40.0,plasticity_disabled,B,trace_reset_ablation,da213048c4e51e5882ce97b4,0036d300256c76a4f5896c9a67c09337f62afc17d020e7827ddb9cdd844e3729,0036d300256c76a4f5896c9a67c09337f62afc17d020e7827ddb9cdd844e3729,3320.0000000000846,3322.0000000000846,0.0,0.0,0.0,0.0,80,40,32.0,False,0.0,0.0,computed_reduced_circuit_not_author_reproduction
1029,2.0,paired,A,carry_trace,2a33ff9d5c392f5494a33520,0036d300256c76a4f5896c9a67c09337f62afc17d020e7827ddb9cdd844e3729,147b06c1527b45577d4f06fe950f502039b3a2a61f73e2cbe58a2c9fa66cde17,318.00000000001364,320.00000000001364,0.0,0.5852786460697729,0.04991161013470036,0.5353670359350725,80,40,32.0,True,0.08342093270464113,0.5852786460697729,computed_reduced_circuit_not_author_reproduction
1029,2.0,paired,A,trace_reset_ablation,75d4666d716b1db76da24d73,0036d300256c76a4f5896c9a67c09337f62afc17d020e7827ddb9cdd844e3729,0c4e10dfc1a50e336d3e4c2750b26dd22d440e960204b7d33ce84b523b02dabd,318.00000000001364,320.00000000001364,0.0,0.5755482446489112,0.0,0.5755482446489112,80,40,32.0,True,0.07975669249895434,0.5755482446489112,computed_reduced_circuit_not_author_reproduction
1029,2.0,paired,B,carry_trace,f2e37fa8ea6fe69361ba10c3,0036d300256c76a4f5896c9a67c09337f62afc17d020e7827ddb9cdd844e3729,0305270ce05eaa9861be6dbc0eb9be7f663fb571738ce05e10feee01fe23cd6c,318.00000000001364,320.00000000001364,0.0,0.5950025005929678,0.05025179750787456,0.5447507030850932,80,40,32.0,True,0.07575119777634609,0.5950025005929678,computed_reduced_circuit_not_author_reproduction
1029,2.0,paired,B,trace_reset_ablation,a869d935cda7d2bff50c6b64,0036d300256c76a4f5896c9a67c09337f62afc17d020e7827ddb9cdd844e3729,52e049b9ef6c1e3573ceeb8df82caf63125c8fd32f97edcd7e614963dd42d1a9,318.00000000001364,320.00000000001364,0.0,0.5855238750991002,0.0,0.5855238750991002,80,40,32.0,True,0.07251377620722632,0.5855238750991002,computed_reduced_circuit_not_author_reproduction
1029,2.0,explicitly_unpaired,A,carry_trace,d238ed9a27ae5fbd0bd8364e,0036d300256c76a4f5896c9a67c09337f62afc17d020e7827ddb9cdd844e3729,0036d300256c76a4f5896c9a67c09337f62afc17d020e7827ddb9cdd844e3729,318.00000000001353,320.00000000001353,0.0,0.0,0.0,0.0,80,40,32.0,False,0.0,0.0,computed_reduced_circuit_not_author_reproduction
1029,2.0,explicitly_unpaired,A,trace_reset_ablation,66b7d6c054e6a332702f994a,0036d300256c76a4f5896c9a67c09337f62afc17d020e7827ddb9cdd844e3729,0036d300256c76a4f5896c9a67c09337f62afc17d020e7827ddb9cdd844e3729,318.00000000001353,320.00000000001353,0.0,0.0,0.0,0.0,80,40,32.0,False,0.0,0.0,computed_reduced_circuit_not_author_reproduction
1029,2.0,explicitly_unpaired,B,carry_trace,a8058ac7bb4bc091ef4380b9,0036d300256c76a4f5896c9a67c09337f62afc17d020e7827ddb9cdd844e3729,0036d300256c76a4f5896c9a67c09337f62afc17d020e7827ddb9cdd844e3729,318.00000000001353,320.00000000001353,0.0,0.0,0.0,0.0,80,40,32.0,False,0.0,0.0,computed_reduced_circuit_not_author_reproduction
1029,2.0,explicitly_unpaired,B,trace_reset_ablation,ed09d56a19b2c3c06cbece94,0036d300256c76a4f5896c9a67c09337f62afc17d020e7827ddb9cdd844e3729,0036d300256c76a4f5896c9a67c09337f62afc17d020e7827ddb9cdd844e3729,318.00000000001353,320.00000000001353,0.0,0.0,0.0,0.0,80,40,32.0,False,0.0,0.0,computed_reduced_circuit_not_author_reproduction
1029,2.0,no_reward,A,carry_trace,eaaa44be47a0ef5f2a8dd79c,0036d300256c76a4f5896c9a67c09337f62afc17d020e7827ddb9cdd844e3729,0036d300256c76a4f5896c9a67c09337f62afc17d020e7827ddb9cdd844e3729,318.00000000001364,320.00000000001364,0.0,0.0,0.0,0.0,80,0,0.0,False,0.0,0.0,computed_reduced_circuit_not_author_reproduction
1029,2.0,no_reward,A,trace_reset_ablation,808602ce560ad942a2b86dcb,0036d300256c76a4f5896c9a67c09337f62afc17d020e7827ddb9cdd844e3729,0036d300256c76a4f5896c9a67c09337f62afc17d020e7827ddb9cdd844e3729,318.00000000001364,320.00000000001364,0.0,0.0,0.0,0.0,80,0,0.0,False,0.0,0.0,computed_reduced_circuit_not_author_reproduction
1029,2.0,no_reward,B,carry_trace,b1b52ea1b7701405bba05c0e,0036d300256c76a4f5896c9a67c09337f62afc17d020e7827ddb9cdd844e3729,0036d300256c76a4f5896c9a67c09337f62afc17d020e7827ddb9cdd844e3729,318.00000000001364,320.00000000001364,0.0,0.0,0.0,0.0,80,0,0.0,False,0.0,0.0,computed_reduced_circuit_not_author_reproduction
1029,2.0,no_reward,B,trace_reset_ablation,7d3d61bcf43e1c76ef655014,0036d300256c76a4f5896c9a67c09337f62afc17d020e7827ddb9cdd844e3729,0036d300256c76a4f5896c9a67c09337f62afc17d020e7827ddb9cdd844e3729,318.00000000001364,320.00000000001364,0.0,0.0,0.0,0.0,80,0,0.0,False,0.0,0.0,computed_reduced_circuit_not_author_reproduction
1029,2.0,plasticity_disabled,A,carry_trace,55a6561c313c4ff5cf945ee3,0036d300256c76a4f5896c9a67c09337f62afc17d020e7827ddb9cdd844e3729,0036d300256c76a4f5896c9a67c09337f62afc17d020e7827ddb9cdd844e3729,318.00000000001364,320.00000000001364,0.0,0.0,0.0,0.0,80,40,32.0,False,0.0,0.0,computed_reduced_circuit_not_author_reproduction
1029,2.0,plasticity_disabled,A,trace_reset_ablation,292ffdc53dff8082c9821b58,0036d300256c76a4f5896c9a67c09337f62afc17d020e7827ddb9cdd844e3729,0036d300256c76a4f5896c9a67c09337f62afc17d020e7827ddb9cdd844e3729,318.00000000001364,320.00000000001364,0.0,0.0,0.0,0.0,80,40,32.0,False,0.0,0.0,computed_reduced_circuit_not_author_reproduction
1029,2.0,plasticity_disabled,B,carry_trace,bd8581375977d5c36957a211,0036d300256c76a4f5896c9a67c09337f62afc17d020e7827ddb9cdd844e3729,0036d300256c76a4f5896c9a67c09337f62afc17d020e7827ddb9cdd844e3729,318.00000000001364,320.00000000001364,0.0,0.0,0.0,0.0,80,40,32.0,False,0.0,0.0,computed_reduced_circuit_not_author_reproduction
1029,2.0,plasticity_disabled,B,trace_reset_ablation,2845515d3537aca58f39211a,0036d300256c76a4f5896c9a67c09337f62afc17d020e7827ddb9cdd844e3729,0036d300256c76a4f5896c9a67c09337f62afc17d020e7827ddb9cdd844e3729,318.00000000001364,320.00000000001364,0.0,0.0,0.0,0.0,80,40,32.0,False,0.0,0.0,computed_reduced_circuit_not_author_reproduction
1029,10.0,paired,A,carry_trace,dad1c98814668bdef9428838,0036d300256c76a4f5896c9a67c09337f62afc17d020e7827ddb9cdd844e3729,4a31e2581da7f41814bb81c606da91b6304ab036ce876390251cbdc841af0656,949.9999999999714,951.9999999999714,0.0,0.5758061016934739,0.0008035361384608475,0.5750025655550131,80,40,32.0,True,0.0798083446982698,0.5758061016934739,computed_reduced_circuit_not_author_reproduction
1029,10.0,paired,A,trace_reset_ablation,74dcf5b3f80cea83a6678ab3,0036d300256c76a4f5896c9a67c09337f62afc17d020e7827ddb9cdd844e3729,0c4e10dfc1a50e336d3e4c2750b26dd22d440e960204b7d33ce84b523b02dabd,949.9999999999714,951.9999999999714,0.0,0.5755482446489112,0.0,0.5755482446489112,80,40,32.0,True,0.07975669249895434,0.5755482446489112,computed_reduced_circuit_not_author_reproduction
1029,10.0,paired,B,carry_trace,fe38043b6d10519aa1024888,0036d300256c76a4f5896c9a67c09337f62afc17d020e7827ddb9cdd844e3729,a561196b1cfc90faf1e07274e2cf92a7a0fb51eee0743c6ecac531604cfa86da,949.9999999999714,951.9999999999714,0.0,0.585760593153313,0.000825069317953453,0.5849355238353595,80,40,32.0,True,0.07255640273216513,0.585760593153313,computed_reduced_circuit_not_author_reproduction
1029,10.0,paired,B,trace_reset_ablation,f62748ad42d674bbd07fc36f,0036d300256c76a4f5896c9a67c09337f62afc17d020e7827ddb9cdd844e3729,52e049b9ef6c1e3573ceeb8df82caf63125c8fd32f97edcd7e614963dd42d1a9,949.9999999999714,951.9999999999714,0.0,0.5855238750991002,0.0,0.5855238750991002,80,40,32.0,True,0.07251377620722632,0.5855238750991002,computed_reduced_circuit_not_author_reproduction
1029,10.0,explicitly_unpaired,A,carry_trace,c121c3b7af77d3dd84d4146f,0036d300256c76a4f5896c9a67c09337f62afc17d020e7827ddb9cdd844e3729,0036d300256c76a4f5896c9a67c09337f62afc17d020e7827ddb9cdd844e3729,949.9999999999711,951.9999999999711,0.0,0.0,0.0,0.0,80,40,32.0,False,0.0,0.0,computed_reduced_circuit_not_author_reproduction
1029,10.0,explicitly_unpaired,A,trace_reset_ablation,5aaf44ed537c5c817d9075ac,0036d300256c76a4f5896c9a67c09337f62afc17d020e7827ddb9cdd844e3729,0036d300256c76a4f5896c9a67c09337f62afc17d020e7827ddb9cdd844e3729,949.9999999999711,951.9999999999711,0.0,0.0,0.0,0.0,80,40,32.0,False,0.0,0.0,computed_reduced_circuit_not_author_reproduction
1029,10.0,explicitly_unpaired,B,carry_trace,d0efc5e1e8b6a84f0693b45d,0036d300256c76a4f5896c9a67c09337f62afc17d020e7827ddb9cdd844e3729,0036d300256c76a4f5896c9a67c09337f62afc17d020e7827ddb9cdd844e3729,949.9999999999711,951.9999999999711,0.0,0.0,0.0,0.0,80,40,32.0,False,0.0,0.0,computed_reduced_circuit_not_author_reproduction
1029,10.0,explicitly_unpaired,B,trace_reset_ablation,0e0a02235528adf51ef065b0,0036d300256c76a4f5896c9a67c09337f62afc17d020e7827ddb9cdd844e3729,0036d300256c76a4f5896c9a67c09337f62afc17d020e7827ddb9cdd844e3729,949.9999999999711,951.9999999999711,0.0,0.0,0.0,0.0,80,40,32.0,False,0.0,0.0,computed_reduced_circuit_not_author_reproduction
1029,10.0,no_reward,A,carry_trace,f718e9d11c87fd43509ac78d,0036d300256c76a4f5896c9a67c09337f62afc17d020e7827ddb9cdd844e3729,0036d300256c76a4f5896c9a67c09337f62afc17d020e7827ddb9cdd844e3729,949.9999999999714,951.9999999999714,0.0,0.0,0.0,0.0,80,0,0.0,False,0.0,0.0,computed_reduced_circuit_not_author_reproduction
1029,10.0,no_reward,A,trace_reset_ablation,922380e2d9ca6850d8b7a91a,0036d300256c76a4f5896c9a67c09337f62afc17d020e7827ddb9cdd844e3729,0036d300256c76a4f5896c9a67c09337f62afc17d020e7827ddb9cdd844e3729,949.9999999999714,951.9999999999714,0.0,0.0,0.0,0.0,80,0,0.0,False,0.0,0.0,computed_reduced_circuit_not_author_reproduction
1029,10.0,no_reward,B,carry_trace,3e526f800507aa1167034262,0036d300256c76a4f5896c9a67c09337f62afc17d020e7827ddb9cdd844e3729,0036d300256c76a4f5896c9a67c09337f62afc17d020e7827ddb9cdd844e3729,949.9999999999714,951.9999999999714,0.0,0.0,0.0,0.0,80,0,0.0,False,0.0,0.0,computed_reduced_circuit_not_author_reproduction
1029,10.0,no_reward,B,trace_reset_ablation,547012810c98b632b74f7a02,0036d300256c76a4f5896c9a67c09337f62afc17d020e7827ddb9cdd844e3729,0036d300256c76a4f5896c9a67c09337f62afc17d020e7827ddb9cdd844e3729,949.9999999999714,951.9999999999714,0.0,0.0,0.0,0.0,80,0,0.0,False,0.0,0.0,computed_reduced_circuit_not_author_reproduction
1029,10.0,plasticity_disabled,A,carry_trace,465d7af0faff912edf59d1fd,0036d300256c76a4f5896c9a67c09337f62afc17d020e7827ddb9cdd844e3729,0036d300256c76a4f5896c9a67c09337f62afc17d020e7827ddb9cdd844e3729,949.9999999999714,951.9999999999714,0.0,0.0,0.0,0.0,80,40,32.0,False,0.0,0.0,computed_reduced_circuit_not_author_reproduction
1029,10.0,plasticity_disabled,A,trace_reset_ablation,7e62a79e1517759a458fc8f0,0036d300256c76a4f5896c9a67c09337f62afc17d020e7827ddb9cdd844e3729,0036d300256c76a4f5896c9a67c09337f62afc17d020e7827ddb9cdd844e3729,949.9999999999714,951.9999999999714,0.0,0.0,0.0,0.0,80,40,32.0,False,0.0,0.0,computed_reduced_circuit_not_author_reproduction
1029,10.0,plasticity_disabled,B,carry_trace,1dcd21b6237b57390bae389b,0036d300256c76a4f5896c9a67c09337f62afc17d020e7827ddb9cdd844e3729,0036d300256c76a4f5896c9a67c09337f62afc17d020e7827ddb9cdd844e3729,949.9999999999714,951.9999999999714,0.0,0.0,0.0,0.0,80,40,32.0,False,0.0,0.0,computed_reduced_circuit_not_author_reproduction
1029,10.0,plasticity_disabled,B,trace_reset_ablation,d22cfaa42ddcbc80c3022d49,0036d300256c76a4f5896c9a67c09337f62afc17d020e7827ddb9cdd844e3729,0036d300256c76a4f5896c9a67c09337f62afc17d020e7827ddb9cdd844e3729,949.9999999999714,951.9999999999714,0.0,0.0,0.0,0.0,80,40,32.0,False,0.0,0.0,computed_reduced_circuit_not_author_reproduction
1029,40.0,paired,A,carry_trace,c23a685b5ebab713026f28a9,0036d300256c76a4f5896c9a67c09337f62afc17d020e7827ddb9cdd844e3729,0cdf16ac61e8d58a0b7eed06edb69631cb15fcc606f35d178140798ecef36263,3320.0000000000846,3322.0000000000846,0.0,0.575548244728188,2.4532509357300114e-10,0.5755482444828629,80,40,32.0,True,0.07975669251468831,0.575548244728188,computed_reduced_circuit_not_author_reproduction
1029,40.0,paired,A,trace_reset_ablation,82ee6bdd990b86c07f767d50,0036d300256c76a4f5896c9a67c09337f62afc17d020e7827ddb9cdd844e3729,0c4e10dfc1a50e336d3e4c2750b26dd22d440e960204b7d33ce84b523b02dabd,3320.0000000000846,3322.0000000000846,0.0,0.5755482446489112,0.0,0.5755482446489112,80,40,32.0,True,0.07975669249895434,0.5755482446489112,computed_reduced_circuit_not_author_reproduction
1029,40.0,paired,B,carry_trace,7b05d7cdff219c2d424421b2,0036d300256c76a4f5896c9a67c09337f62afc17d020e7827ddb9cdd844e3729,4846d54c8960c65d5fba8ae2cef8dbeeef09c794e8f6a24740445abc6f5e9ab2,3320.0000000000846,3322.0000000000846,0.0,0.5855238751718215,2.5200452835605347e-10,0.585523874919817,80,40,32.0,True,0.07251377622019584,0.5855238751718215,computed_reduced_circuit_not_author_reproduction
1029,40.0,paired,B,trace_reset_ablation,465409cefa2cf8fadec39918,0036d300256c76a4f5896c9a67c09337f62afc17d020e7827ddb9cdd844e3729,52e049b9ef6c1e3573ceeb8df82caf63125c8fd32f97edcd7e614963dd42d1a9,3320.0000000000846,3322.0000000000846,0.0,0.5855238750991002,0.0,0.5855238750991002,80,40,32.0,True,0.07251377620722632,0.5855238750991002,computed_reduced_circuit_not_author_reproduction
1029,40.0,explicitly_unpaired,A,carry_trace,0c77b9322d09efa23aa6143c,0036d300256c76a4f5896c9a67c09337f62afc17d020e7827ddb9cdd844e3729,0036d300256c76a4f5896c9a67c09337f62afc17d020e7827ddb9cdd844e3729,3320.0000000000846,3322.0000000000846,0.0,0.0,0.0,0.0,80,40,32.0,False,0.0,0.0,computed_reduced_circuit_not_author_reproduction
1029,40.0,explicitly_unpaired,A,trace_reset_ablation,15fd8fd14bb510cc9202fb67,0036d300256c76a4f5896c9a67c09337f62afc17d020e7827ddb9cdd844e3729,0036d300256c76a4f5896c9a67c09337f62afc17d020e7827ddb9cdd844e3729,3320.0000000000846,3322.0000000000846,0.0,0.0,0.0,0.0,80,40,32.0,False,0.0,0.0,computed_reduced_circuit_not_author_reproduction
1029,40.0,explicitly_unpaired,B,carry_trace,37d458a23cd95616679575aa,0036d300256c76a4f5896c9a67c09337f62afc17d020e7827ddb9cdd844e3729,0036d300256c76a4f5896c9a67c09337f62afc17d020e7827ddb9cdd844e3729,3320.0000000000846,3322.0000000000846,0.0,0.0,0.0,0.0,80,40,32.0,False,0.0,0.0,computed_reduced_circuit_not_author_reproduction
1029,40.0,explicitly_unpaired,B,trace_reset_ablation,8c74b526d8b1d0775df2d6d8,0036d300256c76a4f5896c9a67c09337f62afc17d020e7827ddb9cdd844e3729,0036d300256c76a4f5896c9a67c09337f62afc17d020e7827ddb9cdd844e3729,3320.0000000000846,3322.0000000000846,0.0,0.0,0.0,0.0,80,40,32.0,False,0.0,0.0,computed_reduced_circuit_not_author_reproduction
1029,40.0,no_reward,A,carry_trace,98bc08cbe6b9ca292b949b19,0036d300256c76a4f5896c9a67c09337f62afc17d020e7827ddb9cdd844e3729,0036d300256c76a4f5896c9a67c09337f62afc17d020e7827ddb9cdd844e3729,3320.0000000000846,3322.0000000000846,0.0,0.0,0.0,0.0,80,0,0.0,False,0.0,0.0,computed_reduced_circuit_not_author_reproduction
1029,40.0,no_reward,A,trace_reset_ablation,446d366aa7379af411038cff,0036d300256c76a4f5896c9a67c09337f62afc17d020e7827ddb9cdd844e3729,0036d300256c76a4f5896c9a67c09337f62afc17d020e7827ddb9cdd844e3729,3320.0000000000846,3322.0000000000846,0.0,0.0,0.0,0.0,80,0,0.0,False,0.0,0.0,computed_reduced_circuit_not_author_reproduction
1029,40.0,no_reward,B,carry_trace,f94ad98e69f5e349a1ca1b07,0036d300256c76a4f5896c9a67c09337f62afc17d020e7827ddb9cdd844e3729,0036d300256c76a4f5896c9a67c09337f62afc17d020e7827ddb9cdd844e3729,3320.0000000000846,3322.0000000000846,0.0,0.0,0.0,0.0,80,0,0.0,False,0.0,0.0,computed_reduced_circuit_not_author_reproduction
1029,40.0,no_reward,B,trace_reset_ablation,9095554204faf3662a12d5fd,0036d300256c76a4f5896c9a67c09337f62afc17d020e7827ddb9cdd844e3729,0036d300256c76a4f5896c9a67c09337f62afc17d020e7827ddb9cdd844e3729,3320.0000000000846,3322.0000000000846,0.0,0.0,0.0,0.0,80,0,0.0,False,0.0,0.0,computed_reduced_circuit_not_author_reproduction
1029,40.0,plasticity_disabled,A,carry_trace,4fe9529a8b221b3e1ac1ee31,0036d300256c76a4f5896c9a67c09337f62afc17d020e7827ddb9cdd844e3729,0036d300256c76a4f5896c9a67c09337f62afc17d020e7827ddb9cdd844e3729,3320.0000000000846,3322.0000000000846,0.0,0.0,0.0,0.0,80,40,32.0,False,0.0,0.0,computed_reduced_circuit_not_author_reproduction
1029,40.0,plasticity_disabled,A,trace_reset_ablation,8ac220cd613de66708345130,0036d300256c76a4f5896c9a67c09337f62afc17d020e7827ddb9cdd844e3729,0036d300256c76a4f5896c9a67c09337f62afc17d020e7827ddb9cdd844e3729,3320.0000000000846,3322.0000000000846,0.0,0.0,0.0,0.0,80,40,32.0,False,0.0,0.0,computed_reduced_circuit_not_author_reproduction
1029,40.0,plasticity_disabled,B,carry_trace,ccd6c99083e93af54da02df5,0036d300256c76a4f5896c9a67c09337f62afc17d020e7827ddb9cdd844e3729,0036d300256c76a4f5896c9a67c09337f62afc17d020e7827ddb9cdd844e3729,3320.0000000000846,3322.0000000000846,0.0,0.0,0.0,0.0,80,40,32.0,False,0.0,0.0,computed_reduced_circuit_not_author_reproduction
1029,40.0,plasticity_disabled,B,trace_reset_ablation,9c2d512b4df43a20175a0f63,0036d300256c76a4f5896c9a67c09337f62afc17d020e7827ddb9cdd844e3729,0036d300256c76a4f5896c9a67c09337f62afc17d020e7827ddb9cdd844e3729,3320.0000000000846,3322.0000000000846,0.0,0.0,0.0,0.0,80,40,32.0,False,0.0,0.0,computed_reduced_circuit_not_author_reproduction
1030,2.0,paired,A,carry_trace,e8fdad55f54c00c907ed3cdf,0036d300256c76a4f5896c9a67c09337f62afc17d020e7827ddb9cdd844e3729,88b7e9d04ef2b7b6eb4fa03feac0a7e5b7269bef5bce4955727d9fcebbdcf499,318.00000000001364,320.00000000001364,0.0,0.5849308390084326,0.05096716160413084,0.5339636774043017,80,40,32.0,True,0.08862271280081602,0.5849308390084326,computed_reduced_circuit_not_author_reproduction
1030,2.0,paired,A,trace_reset_ablation,37d497461885134d8f8c7edc,0036d300256c76a4f5896c9a67c09337f62afc17d020e7827ddb9cdd844e3729,eb204d56912c2798466518d095c4c4b8aee32b69c1f0c222ceef9f4d4d4ea99b,318.00000000001364,320.00000000001364,0.0,0.5756448241534753,0.0,0.5756448241534753,80,40,32.0,True,0.08508145632208225,0.5756448241534753,computed_reduced_circuit_not_author_reproduction
1030,2.0,paired,B,carry_trace,30230e5d06ff3b0242d85f41,0036d300256c76a4f5896c9a67c09337f62afc17d020e7827ddb9cdd844e3729,c8c1cddd5bf4ee1292fda9284eff9c22569561a0b976bea25165353a9bad830c,318.00000000001364,320.00000000001364,0.0,0.5947810237913707,0.04835463444521615,0.5464263893461545,80,40,32.0,True,0.08198939525750171,0.5947810237913707,computed_reduced_circuit_not_author_reproduction
1030,2.0,paired,B,trace_reset_ablation,eb93bae6306824dac4889f17,0036d300256c76a4f5896c9a67c09337f62afc17d020e7827ddb9cdd844e3729,d143272b9929c90d7689659b29c78a43458adbc8015b91fd54e2f1f349976b5d,318.00000000001364,320.00000000001364,0.0,0.5864065555502945,0.0,0.5864065555502945,80,40,32.0,True,0.07884830620314254,0.5864065555502945,computed_reduced_circuit_not_author_reproduction
1030,2.0,explicitly_unpaired,A,carry_trace,17f79ccaba7559a3d1a55cf9,0036d300256c76a4f5896c9a67c09337f62afc17d020e7827ddb9cdd844e3729,0036d300256c76a4f5896c9a67c09337f62afc17d020e7827ddb9cdd844e3729,318.00000000001353,320.00000000001353,0.0,0.0,0.0,0.0,80,40,32.0,False,0.0,0.0,computed_reduced_circuit_not_author_reproduction
1030,2.0,explicitly_unpaired,A,trace_reset_ablation,df4929592c83d49cc33bd8fd,0036d300256c76a4f5896c9a67c09337f62afc17d020e7827ddb9cdd844e3729,0036d300256c76a4f5896c9a67c09337f62afc17d020e7827ddb9cdd844e3729,318.00000000001353,320.00000000001353,0.0,0.0,0.0,0.0,80,40,32.0,False,0.0,0.0,computed_reduced_circuit_not_author_reproduction
1030,2.0,explicitly_unpaired,B,carry_trace,fffc185f29ec03fd929ab457,0036d300256c76a4f5896c9a67c09337f62afc17d020e7827ddb9cdd844e3729,0036d300256c76a4f5896c9a67c09337f62afc17d020e7827ddb9cdd844e3729,318.00000000001353,320.00000000001353,0.0,0.0,0.0,0.0,80,40,32.0,False,0.0,0.0,computed_reduced_circuit_not_author_reproduction
1030,2.0,explicitly_unpaired,B,trace_reset_ablation,8de8c993fa40e38fb714161e,0036d300256c76a4f5896c9a67c09337f62afc17d020e7827ddb9cdd844e3729,0036d300256c76a4f5896c9a67c09337f62afc17d020e7827ddb9cdd844e3729,318.00000000001353,320.00000000001353,0.0,0.0,0.0,0.0,80,40,32.0,False,0.0,0.0,computed_reduced_circuit_not_author_reproduction
1030,2.0,no_reward,A,carry_trace,5f53a4c64138a35632010934,0036d300256c76a4f5896c9a67c09337f62afc17d020e7827ddb9cdd844e3729,0036d300256c76a4f5896c9a67c09337f62afc17d020e7827ddb9cdd844e3729,318.00000000001364,320.00000000001364,0.0,0.0,0.0,0.0,80,0,0.0,False,0.0,0.0,computed_reduced_circuit_not_author_reproduction
1030,2.0,no_reward,A,trace_reset_ablation,265b8afcf51046ef5c89ef96,0036d300256c76a4f5896c9a67c09337f62afc17d020e7827ddb9cdd844e3729,0036d300256c76a4f5896c9a67c09337f62afc17d020e7827ddb9cdd844e3729,318.00000000001364,320.00000000001364,0.0,0.0,0.0,0.0,80,0,0.0,False,0.0,0.0,computed_reduced_circuit_not_author_reproduction
1030,2.0,no_reward,B,carry_trace,7c6dd13101eff50c77e48970,0036d300256c76a4f5896c9a67c09337f62afc17d020e7827ddb9cdd844e3729,0036d300256c76a4f5896c9a67c09337f62afc17d020e7827ddb9cdd844e3729,318.00000000001364,320.00000000001364,0.0,0.0,0.0,0.0,80,0,0.0,False,0.0,0.0,computed_reduced_circuit_not_author_reproduction
1030,2.0,no_reward,B,trace_reset_ablation,821bbddf07b7118a53146703,0036d300256c76a4f5896c9a67c09337f62afc17d020e7827ddb9cdd844e3729,0036d300256c76a4f5896c9a67c09337f62afc17d020e7827ddb9cdd844e3729,318.00000000001364,320.00000000001364,0.0,0.0,0.0,0.0,80,0,0.0,False,0.0,0.0,computed_reduced_circuit_not_author_reproduction
1030,2.0,plasticity_disabled,A,carry_trace,0e98d8ce4f5396a16bfc9778,0036d300256c76a4f5896c9a67c09337f62afc17d020e7827ddb9cdd844e3729,0036d300256c76a4f5896c9a67c09337f62afc17d020e7827ddb9cdd844e3729,318.00000000001364,320.00000000001364,0.0,0.0,0.0,0.0,80,40,32.0,False,0.0,0.0,computed_reduced_circuit_not_author_reproduction
1030,2.0,plasticity_disabled,A,trace_reset_ablation,30fab08de4b7ca9aa4a9938a,0036d300256c76a4f5896c9a67c09337f62afc17d020e7827ddb9cdd844e3729,0036d300256c76a4f5896c9a67c09337f62afc17d020e7827ddb9cdd844e3729,318.00000000001364,320.00000000001364,0.0,0.0,0.0,0.0,80,40,32.0,False,0.0,0.0,computed_reduced_circuit_not_author_reproduction
1030,2.0,plasticity_disabled,B,carry_trace,cda4ff7bcc548e53bf85e45a,0036d300256c76a4f5896c9a67c09337f62afc17d020e7827ddb9cdd844e3729,0036d300256c76a4f5896c9a67c09337f62afc17d020e7827ddb9cdd844e3729,318.00000000001364,320.00000000001364,0.0,0.0,0.0,0.0,80,40,32.0,False,0.0,0.0,computed_reduced_circuit_not_author_reproduction
1030,2.0,plasticity_disabled,B,trace_reset_ablation,10eb9322318abc8908953064,0036d300256c76a4f5896c9a67c09337f62afc17d020e7827ddb9cdd844e3729,0036d300256c76a4f5896c9a67c09337f62afc17d020e7827ddb9cdd844e3729,318.00000000001364,320.00000000001364,0.0,0.0,0.0,0.0,80,40,32.0,False,0.0,0.0,computed_reduced_circuit_not_author_reproduction
1030,10.0,paired,A,carry_trace,5d2406f57561f37cafe1c1ac,0036d300256c76a4f5896c9a67c09337f62afc17d020e7827ddb9cdd844e3729,93288591fc5c016fe44c17f791f6349d45a0821e61bba3c36a0763b10ef2ceb1,949.9999999999714,951.9999999999714,0.0,0.5758825657447572,0.0008402431089091777,0.575042322635848,80,40,32.0,True,0.08513223338765907,0.5758825657447572,computed_reduced_circuit_not_author_reproduction
1030,10.0,paired,A,trace_reset_ablation,9e2d6a63715b9b6a9df91239,0036d300256c76a4f5896c9a67c09337f62afc17d020e7827ddb9cdd844e3729,eb204d56912c2798466518d095c4c4b8aee32b69c1f0c222ceef9f4d4d4ea99b,949.9999999999714,951.9999999999714,0.0,0.5756448241534753,0.0,0.5756448241534753,80,40,32.0,True,0.08508145632208225,0.5756448241534753,computed_reduced_circuit_not_author_reproduction
1030,10.0,paired,B,carry_trace,c88ea5a48fff16502e9c7695,0036d300256c76a4f5896c9a67c09337f62afc17d020e7827ddb9cdd844e3729,8c8ebf8c4bccfc4d070822e696dd114f1b59e219dc67e25f1695048983cca637,949.9999999999714,951.9999999999714,0.0,0.5866289864734108,0.0007818271729901349,0.5858471593004206,80,40,32.0,True,0.07889183680588274,0.5866289864734108,computed_reduced_circuit_not_author_reproduction
1030,10.0,paired,B,trace_reset_ablation,39020516cc81fbfb6ecbfb6e,0036d300256c76a4f5896c9a67c09337f62afc17d020e7827ddb9cdd844e3729,d143272b9929c90d7689659b29c78a43458adbc8015b91fd54e2f1f349976b5d,949.9999999999714,951.9999999999714,0.0,0.5864065555502945,0.0,0.5864065555502945,80,40,32.0,True,0.07884830620314254,0.5864065555502945,computed_reduced_circuit_not_author_reproduction
1030,10.0,explicitly_unpaired,A,carry_trace,40e1a63289127bd7e040f2b4,0036d300256c76a4f5896c9a67c09337f62afc17d020e7827ddb9cdd844e3729,0036d300256c76a4f5896c9a67c09337f62afc17d020e7827ddb9cdd844e3729,949.9999999999711,951.9999999999711,0.0,0.0,0.0,0.0,80,40,32.0,False,0.0,0.0,computed_reduced_circuit_not_author_reproduction
1030,10.0,explicitly_unpaired,A,trace_reset_ablation,ba680f2e4da944918f4b654e,0036d300256c76a4f5896c9a67c09337f62afc17d020e7827ddb9cdd844e3729,0036d300256c76a4f5896c9a67c09337f62afc17d020e7827ddb9cdd844e3729,949.9999999999711,951.9999999999711,0.0,0.0,0.0,0.0,80,40,32.0,False,0.0,0.0,computed_reduced_circuit_not_author_reproduction
1030,10.0,explicitly_unpaired,B,carry_trace,324788bd4c658407960fe0fa,0036d300256c76a4f5896c9a67c09337f62afc17d020e7827ddb9cdd844e3729,0036d300256c76a4f5896c9a67c09337f62afc17d020e7827ddb9cdd844e3729,949.9999999999711,951.9999999999711,0.0,0.0,0.0,0.0,80,40,32.0,False,0.0,0.0,computed_reduced_circuit_not_author_reproduction
1030,10.0,explicitly_unpaired,B,trace_reset_ablation,8e6d1b7da6e0163d98860e61,0036d300256c76a4f5896c9a67c09337f62afc17d020e7827ddb9cdd844e3729,0036d300256c76a4f5896c9a67c09337f62afc17d020e7827ddb9cdd844e3729,949.9999999999711,951.9999999999711,0.0,0.0,0.0,0.0,80,40,32.0,False,0.0,0.0,computed_reduced_circuit_not_author_reproduction
1030,10.0,no_reward,A,carry_trace,edde84a4169e5cc68aac4ef7,0036d300256c76a4f5896c9a67c09337f62afc17d020e7827ddb9cdd844e3729,0036d300256c76a4f5896c9a67c09337f62afc17d020e7827ddb9cdd844e3729,949.9999999999714,951.9999999999714,0.0,0.0,0.0,0.0,80,0,0.0,False,0.0,0.0,computed_reduced_circuit_not_author_reproduction
1030,10.0,no_reward,A,trace_reset_ablation,6cbe4b766fd68ffab8a6a1c4,0036d300256c76a4f5896c9a67c09337f62afc17d020e7827ddb9cdd844e3729,0036d300256c76a4f5896c9a67c09337f62afc17d020e7827ddb9cdd844e3729,949.9999999999714,951.9999999999714,0.0,0.0,0.0,0.0,80,0,0.0,False,0.0,0.0,computed_reduced_circuit_not_author_reproduction
1030,10.0,no_reward,B,carry_trace,40ea958b548de499a3f14a85,0036d300256c76a4f5896c9a67c09337f62afc17d020e7827ddb9cdd844e3729,0036d300256c76a4f5896c9a67c09337f62afc17d020e7827ddb9cdd844e3729,949.9999999999714,951.9999999999714,0.0,0.0,0.0,0.0,80,0,0.0,False,0.0,0.0,computed_reduced_circuit_not_author_reproduction
1030,10.0,no_reward,B,trace_reset_ablation,796bc226cb60cc07b420945e,0036d300256c76a4f5896c9a67c09337f62afc17d020e7827ddb9cdd844e3729,0036d300256c76a4f5896c9a67c09337f62afc17d020e7827ddb9cdd844e3729,949.9999999999714,951.9999999999714,0.0,0.0,0.0,0.0,80,0,0.0,False,0.0,0.0,computed_reduced_circuit_not_author_reproduction
1030,10.0,plasticity_disabled,A,carry_trace,a0c8433c6ec29859180d3e1f,0036d300256c76a4f5896c9a67c09337f62afc17d020e7827ddb9cdd844e3729,0036d300256c76a4f5896c9a67c09337f62afc17d020e7827ddb9cdd844e3729,949.9999999999714,951.9999999999714,0.0,0.0,0.0,0.0,80,40,32.0,False,0.0,0.0,computed_reduced_circuit_not_author_reproduction
1030,10.0,plasticity_disabled,A,trace_reset_ablation,1991e1d7546d4814ff69e417,0036d300256c76a4f5896c9a67c09337f62afc17d020e7827ddb9cdd844e3729,0036d300256c76a4f5896c9a67c09337f62afc17d020e7827ddb9cdd844e3729,949.9999999999714,951.9999999999714,0.0,0.0,0.0,0.0,80,40,32.0,False,0.0,0.0,computed_reduced_circuit_not_author_reproduction
1030,10.0,plasticity_disabled,B,carry_trace,71b509f438ac9aaf1e0daa8e,0036d300256c76a4f5896c9a67c09337f62afc17d020e7827ddb9cdd844e3729,0036d300256c76a4f5896c9a67c09337f62afc17d020e7827ddb9cdd844e3729,949.9999999999714,951.9999999999714,0.0,0.0,0.0,0.0,80,40,32.0,False,0.0,0.0,computed_reduced_circuit_not_author_reproduction
1030,10.0,plasticity_disabled,B,trace_reset_ablation,e57130bbb645c3018e3a8119,0036d300256c76a4f5896c9a67c09337f62afc17d020e7827ddb9cdd844e3729,0036d300256c76a4f5896c9a67c09337f62afc17d020e7827ddb9cdd844e3729,949.9999999999714,951.9999999999714,0.0,0.0,0.0,0.0,80,40,32.0,False,0.0,0.0,computed_reduced_circuit_not_author_reproduction
1030,40.0,paired,A,carry_trace,d26b62296f5f9eb6c863f765,0036d300256c76a4f5896c9a67c09337f62afc17d020e7827ddb9cdd844e3729,d8597b365f8ef1c9136517d521a08beaf598d04353c31e81054418eeca982ece,3320.0000000000846,3322.0000000000846,0.0,0.5756448242265179,2.566391543723512e-10,0.5756448239698787,80,40,32.0,True,0.0850814563375556,0.5756448242265179,computed_reduced_circuit_not_author_reproduction
1030,40.0,paired,A,trace_reset_ablation,5b8dbb73063511f09e96aaa2,0036d300256c76a4f5896c9a67c09337f62afc17d020e7827ddb9cdd844e3729,eb204d56912c2798466518d095c4c4b8aee32b69c1f0c222ceef9f4d4d4ea99b,3320.0000000000846,3322.0000000000846,0.0,0.5756448241534753,0.0,0.5756448241534753,80,40,32.0,True,0.08508145632208225,0.5756448241534753,computed_reduced_circuit_not_author_reproduction
1030,40.0,paired,B,carry_trace,ce637d13952676d0ddfd1307,0036d300256c76a4f5896c9a67c09337f62afc17d020e7827ddb9cdd844e3729,ac7a50c880f7ebf39a64e8db63e510d9976c239bd42cba11ea02ea4952132267,3320.0000000000846,3322.0000000000846,0.0,0.5864065556186777,2.3870183607499484e-10,0.5864065553799759,80,40,32.0,True,0.07884830621640315,0.5864065556186777,computed_reduced_circuit_not_author_reproduction
1030,40.0,paired,B,trace_reset_ablation,4e3969424ae74a069402cc72,0036d300256c76a4f5896c9a67c09337f62afc17d020e7827ddb9cdd844e3729,d143272b9929c90d7689659b29c78a43458adbc8015b91fd54e2f1f349976b5d,3320.0000000000846,3322.0000000000846,0.0,0.5864065555502945,0.0,0.5864065555502945,80,40,32.0,True,0.07884830620314254,0.5864065555502945,computed_reduced_circuit_not_author_reproduction
1030,40.0,explicitly_unpaired,A,carry_trace,d30e97ea5d89d153922f5d15,0036d300256c76a4f5896c9a67c09337f62afc17d020e7827ddb9cdd844e3729,0036d300256c76a4f5896c9a67c09337f62afc17d020e7827ddb9cdd844e3729,3320.0000000000846,3322.0000000000846,0.0,0.0,0.0,0.0,80,40,32.0,False,0.0,0.0,computed_reduced_circuit_not_author_reproduction
1030,40.0,explicitly_unpaired,A,trace_reset_ablation,89de67dcc532c18ae19cf2f6,0036d300256c76a4f5896c9a67c09337f62afc17d020e7827ddb9cdd844e3729,0036d300256c76a4f5896c9a67c09337f62afc17d020e7827ddb9cdd844e3729,3320.0000000000846,3322.0000000000846,0.0,0.0,0.0,0.0,80,40,32.0,False,0.0,0.0,computed_reduced_circuit_not_author_reproduction
1030,40.0,explicitly_unpaired,B,carry_trace,57e9c0f9978b35c45570aa35,0036d300256c76a4f5896c9a67c09337f62afc17d020e7827ddb9cdd844e3729,0036d300256c76a4f5896c9a67c09337f62afc17d020e7827ddb9cdd844e3729,3320.0000000000846,3322.0000000000846,0.0,0.0,0.0,0.0,80,40,32.0,False,0.0,0.0,computed_reduced_circuit_not_author_reproduction
1030,40.0,explicitly_unpaired,B,trace_reset_ablation,96dfd43d430bb9f7d368cf61,0036d300256c76a4f5896c9a67c09337f62afc17d020e7827ddb9cdd844e3729,0036d300256c76a4f5896c9a67c09337f62afc17d020e7827ddb9cdd844e3729,3320.0000000000846,3322.0000000000846,0.0,0.0,0.0,0.0,80,40,32.0,False,0.0,0.0,computed_reduced_circuit_not_author_reproduction
1030,40.0,no_reward,A,carry_trace,22ab1b0197da57690fe9f742,0036d300256c76a4f5896c9a67c09337f62afc17d020e7827ddb9cdd844e3729,0036d300256c76a4f5896c9a67c09337f62afc17d020e7827ddb9cdd844e3729,3320.0000000000846,3322.0000000000846,0.0,0.0,0.0,0.0,80,0,0.0,False,0.0,0.0,computed_reduced_circuit_not_author_reproduction
1030,40.0,no_reward,A,trace_reset_ablation,020540c35991dbd1310d9be1,0036d300256c76a4f5896c9a67c09337f62afc17d020e7827ddb9cdd844e3729,0036d300256c76a4f5896c9a67c09337f62afc17d020e7827ddb9cdd844e3729,3320.0000000000846,3322.0000000000846,0.0,0.0,0.0,0.0,80,0,0.0,False,0.0,0.0,computed_reduced_circuit_not_author_reproduction
1030,40.0,no_reward,B,carry_trace,16cc4d6312aa689f65999f25,0036d300256c76a4f5896c9a67c09337f62afc17d020e7827ddb9cdd844e3729,0036d300256c76a4f5896c9a67c09337f62afc17d020e7827ddb9cdd844e3729,3320.0000000000846,3322.0000000000846,0.0,0.0,0.0,0.0,80,0,0.0,False,0.0,0.0,computed_reduced_circuit_not_author_reproduction
1030,40.0,no_reward,B,trace_reset_ablation,b6c41afa6c37cd3ed882fd74,0036d300256c76a4f5896c9a67c09337f62afc17d020e7827ddb9cdd844e3729,0036d300256c76a4f5896c9a67c09337f62afc17d020e7827ddb9cdd844e3729,3320.0000000000846,3322.0000000000846,0.0,0.0,0.0,0.0,80,0,0.0,False,0.0,0.0,computed_reduced_circuit_not_author_reproduction
1030,40.0,plasticity_disabled,A,carry_trace,80b8ac18f4fc165fd4e131f3,0036d300256c76a4f5896c9a67c09337f62afc17d020e7827ddb9cdd844e3729,0036d300256c76a4f5896c9a67c09337f62afc17d020e7827ddb9cdd844e3729,3320.0000000000846,3322.0000000000846,0.0,0.0,0.0,0.0,80,40,32.0,False,0.0,0.0,computed_reduced_circuit_not_author_reproduction
1030,40.0,plasticity_disabled,A,trace_reset_ablation,6ade016368b9aafce28bfdef,0036d300256c76a4f5896c9a67c09337f62afc17d020e7827ddb9cdd844e3729,0036d300256c76a4f5896c9a67c09337f62afc17d020e7827ddb9cdd844e3729,3320.0000000000846,3322.0000000000846,0.0,0.0,0.0,0.0,80,40,32.0,False,0.0,0.0,computed_reduced_circuit_not_author_reproduction
1030,40.0,plasticity_disabled,B,carry_trace,90f4246a472761256e1caceb,0036d300256c76a4f5896c9a67c09337f62afc17d020e7827ddb9cdd844e3729,0036d300256c76a4f5896c9a67c09337f62afc17d020e7827ddb9cdd844e3729,3320.0000000000846,3322.0000000000846,0.0,0.0,0.0,0.0,80,40,32.0,False,0.0,0.0,computed_reduced_circuit_not_author_reproduction
1030,40.0,plasticity_disabled,B,trace_reset_ablation,eb29327fc7c39781e8d85bb1,0036d300256c76a4f5896c9a67c09337f62afc17d020e7827ddb9cdd844e3729,0036d300256c76a4f5896c9a67c09337f62afc17d020e7827ddb9cdd844e3729,3320.0000000000846,3322.0000000000846,0.0,0.0,0.0,0.0,80,40,32.0,False,0.0,0.0,computed_reduced_circuit_not_author_reproduction
1031,2.0,paired,A,carry_trace,61d2c95005de4153cdd36b02,0036d300256c76a4f5896c9a67c09337f62afc17d020e7827ddb9cdd844e3729,396f76f7351f85012e067251df402b61c38f3ae5977d4df8ec9eafa7897ba94e,318.00000000001364,320.00000000001364,0.0,0.5948827506438303,0.04880943350532119,0.5460733171385092,80,40,32.0,True,0.08034904644678975,0.5948827506438303,computed_reduced_circuit_not_author_reproduction
1031,2.0,paired,A,trace_reset_ablation,080d4faa61c436b53246ab27,0036d300256c76a4f5896c9a67c09337f62afc17d020e7827ddb9cdd844e3729,7a1caf2cba19a939544b5b03989ec5f8d77aef7aba2e4ef8182f12f8f5b3c6e8,318.00000000001364,320.00000000001364,0.0,0.5869501907048684,0.0,0.5869501907048684,80,40,32.0,True,0.07727594396619608,0.5869501907048684,computed_reduced_circuit_not_author_reproduction
1031,2.0,paired,B,carry_trace,3749c1bdbbf57194e3ceceae,0036d300256c76a4f5896c9a67c09337f62afc17d020e7827ddb9cdd844e3729,2eb8e07fd92d5d4997cc74509d5b0e94705780caabb045d1ca5c8069d8cffa38,318.00000000001364,320.00000000001364,0.0,0.5839773419873107,0.05405077558921856,0.5299265663980921,80,40,32.0,True,0.0908872496433315,0.5839773419873107,computed_reduced_circuit_not_author_reproduction
1031,2.0,paired,B,trace_reset_ablation,9ff7ead124281dc111fd5f7f,0036d300256c76a4f5896c9a67c09337f62afc17d020e7827ddb9cdd844e3729,5f27ffaad5dff1e65e9d0e2e15f20510c56fa5274e96492621d1f627982d6ad5,318.00000000001364,320.00000000001364,0.0,0.5749557804471639,0.0,0.5749557804471639,80,40,32.0,True,0.08723348497902861,0.5749557804471639,computed_reduced_circuit_not_author_reproduction
1031,2.0,explicitly_unpaired,A,carry_trace,793d2ff2d946b8a77d759d5d,0036d300256c76a4f5896c9a67c09337f62afc17d020e7827ddb9cdd844e3729,0036d300256c76a4f5896c9a67c09337f62afc17d020e7827ddb9cdd844e3729,318.00000000001353,320.00000000001353,0.0,0.0,0.0,0.0,80,40,32.0,False,0.0,0.0,computed_reduced_circuit_not_author_reproduction
1031,2.0,explicitly_unpaired,A,trace_reset_ablation,1bb4808486d7431e23efe29f,0036d300256c76a4f5896c9a67c09337f62afc17d020e7827ddb9cdd844e3729,0036d300256c76a4f5896c9a67c09337f62afc17d020e7827ddb9cdd844e3729,318.00000000001353,320.00000000001353,0.0,0.0,0.0,0.0,80,40,32.0,False,0.0,0.0,computed_reduced_circuit_not_author_reproduction
1031,2.0,explicitly_unpaired,B,carry_trace,6b06827b5ac20cab5136ee4e,0036d300256c76a4f5896c9a67c09337f62afc17d020e7827ddb9cdd844e3729,0036d300256c76a4f5896c9a67c09337f62afc17d020e7827ddb9cdd844e3729,318.00000000001353,320.00000000001353,0.0,0.0,0.0,0.0,80,40,32.0,False,0.0,0.0,computed_reduced_circuit_not_author_reproduction
1031,2.0,explicitly_unpaired,B,trace_reset_ablation,27fdcca2c187d66437de9248,0036d300256c76a4f5896c9a67c09337f62afc17d020e7827ddb9cdd844e3729,0036d300256c76a4f5896c9a67c09337f62afc17d020e7827ddb9cdd844e3729,318.00000000001353,320.00000000001353,0.0,0.0,0.0,0.0,80,40,32.0,False,0.0,0.0,computed_reduced_circuit_not_author_reproduction
1031,2.0,no_reward,A,carry_trace,40a8d91851e89c28d7d28119,0036d300256c76a4f5896c9a67c09337f62afc17d020e7827ddb9cdd844e3729,0036d300256c76a4f5896c9a67c09337f62afc17d020e7827ddb9cdd844e3729,318.00000000001364,320.00000000001364,0.0,0.0,0.0,0.0,80,0,0.0,False,0.0,0.0,computed_reduced_circuit_not_author_reproduction
1031,2.0,no_reward,A,trace_reset_ablation,ad2167ad7a21a6fc7003bbd2,0036d300256c76a4f5896c9a67c09337f62afc17d020e7827ddb9cdd844e3729,0036d300256c76a4f5896c9a67c09337f62afc17d020e7827ddb9cdd844e3729,318.00000000001364,320.00000000001364,0.0,0.0,0.0,0.0,80,0,0.0,False,0.0,0.0,computed_reduced_circuit_not_author_reproduction
1031,2.0,no_reward,B,carry_trace,e88b7ce173e4d90005a39613,0036d300256c76a4f5896c9a67c09337f62afc17d020e7827ddb9cdd844e3729,0036d300256c76a4f5896c9a67c09337f62afc17d020e7827ddb9cdd844e3729,318.00000000001364,320.00000000001364,0.0,0.0,0.0,0.0,80,0,0.0,False,0.0,0.0,computed_reduced_circuit_not_author_reproduction
1031,2.0,no_reward,B,trace_reset_ablation,3086f40f01c397107630117b,0036d300256c76a4f5896c9a67c09337f62afc17d020e7827ddb9cdd844e3729,0036d300256c76a4f5896c9a67c09337f62afc17d020e7827ddb9cdd844e3729,318.00000000001364,320.00000000001364,0.0,0.0,0.0,0.0,80,0,0.0,False,0.0,0.0,computed_reduced_circuit_not_author_reproduction
1031,2.0,plasticity_disabled,A,carry_trace,8c5ee80eb8481f4148f9cc11,0036d300256c76a4f5896c9a67c09337f62afc17d020e7827ddb9cdd844e3729,0036d300256c76a4f5896c9a67c09337f62afc17d020e7827ddb9cdd844e3729,318.00000000001364,320.00000000001364,0.0,0.0,0.0,0.0,80,40,32.0,False,0.0,0.0,computed_reduced_circuit_not_author_reproduction
1031,2.0,plasticity_disabled,A,trace_reset_ablation,f20d34027f124efe1509d6c3,0036d300256c76a4f5896c9a67c09337f62afc17d020e7827ddb9cdd844e3729,0036d300256c76a4f5896c9a67c09337f62afc17d020e7827ddb9cdd844e3729,318.00000000001364,320.00000000001364,0.0,0.0,0.0,0.0,80,40,32.0,False,0.0,0.0,computed_reduced_circuit_not_author_reproduction
1031,2.0,plasticity_disabled,B,carry_trace,fffd6220ffc064f6faa849ba,0036d300256c76a4f5896c9a67c09337f62afc17d020e7827ddb9cdd844e3729,0036d300256c76a4f5896c9a67c09337f62afc17d020e7827ddb9cdd844e3729,318.00000000001364,320.00000000001364,0.0,0.0,0.0,0.0,80,40,32.0,False,0.0,0.0,computed_reduced_circuit_not_author_reproduction
1031,2.0,plasticity_disabled,B,trace_reset_ablation,69641db7efb7b2b183f54b88,0036d300256c76a4f5896c9a67c09337f62afc17d020e7827ddb9cdd844e3729,0036d300256c76a4f5896c9a67c09337f62afc17d020e7827ddb9cdd844e3729,318.00000000001364,320.00000000001364,0.0,0.0,0.0,0.0,80,40,32.0,False,0.0,0.0,computed_reduced_circuit_not_author_reproduction
1031,10.0,paired,A,carry_trace,12fd1082aa02acb5d4dce59c,0036d300256c76a4f5896c9a67c09337f62afc17d020e7827ddb9cdd844e3729,1784a57ceb53d1c82d383976a0ad43b3bc4cb5052094a64a81b1da0b35789e0d,949.9999999999714,951.9999999999714,0.0,0.5871767411491141,0.0007975752348450271,0.5863791659142691,80,40,32.0,True,0.07731938418313344,0.5871767411491141,computed_reduced_circuit_not_author_reproduction
1031,10.0,paired,A,trace_reset_ablation,02cfda9ebc2d8953d889a283,0036d300256c76a4f5896c9a67c09337f62afc17d020e7827ddb9cdd844e3729,7a1caf2cba19a939544b5b03989ec5f8d77aef7aba2e4ef8182f12f8f5b3c6e8,949.9999999999714,951.9999999999714,0.0,0.5869501907048684,0.0,0.5869501907048684,80,40,32.0,True,0.07727594396619608,0.5869501907048684,computed_reduced_circuit_not_author_reproduction
1031,10.0,paired,B,carry_trace,92b5b1750f7d7f606036ec1f,0036d300256c76a4f5896c9a67c09337f62afc17d020e7827ddb9cdd844e3729,aba0001775ce23b47482d7a00f195a22b572ec48d3e71fa551d4a3f39052656d,949.9999999999714,951.9999999999714,0.0,0.5751983016081605,0.0009002984446626616,0.5742980031634979,80,40,32.0,True,0.08728666705016341,0.5751983016081605,computed_reduced_circuit_not_author_reproduction
1031,10.0,paired,B,trace_reset_ablation,a410908fad2673c241002012,0036d300256c76a4f5896c9a67c09337f62afc17d020e7827ddb9cdd844e3729,5f27ffaad5dff1e65e9d0e2e15f20510c56fa5274e96492621d1f627982d6ad5,949.9999999999714,951.9999999999714,0.0,0.5749557804471639,0.0,0.5749557804471639,80,40,32.0,True,0.08723348497902861,0.5749557804471639,computed_reduced_circuit_not_author_reproduction
1031,10.0,explicitly_unpaired,A,carry_trace,9a8ff3c31dc45fff4cc1694c,0036d300256c76a4f5896c9a67c09337f62afc17d020e7827ddb9cdd844e3729,0036d300256c76a4f5896c9a67c09337f62afc17d020e7827ddb9cdd844e3729,949.9999999999711,951.9999999999711,0.0,0.0,0.0,0.0,80,40,32.0,False,0.0,0.0,computed_reduced_circuit_not_author_reproduction
1031,10.0,explicitly_unpaired,A,trace_reset_ablation,b525e04ca0a1a2f6b4f07db2,0036d300256c76a4f5896c9a67c09337f62afc17d020e7827ddb9cdd844e3729,0036d300256c76a4f5896c9a67c09337f62afc17d020e7827ddb9cdd844e3729,949.9999999999711,951.9999999999711,0.0,0.0,0.0,0.0,80,40,32.0,False,0.0,0.0,computed_reduced_circuit_not_author_reproduction
1031,10.0,explicitly_unpaired,B,carry_trace,0c7234dac78c7ac3ca64ead2,0036d300256c76a4f5896c9a67c09337f62afc17d020e7827ddb9cdd844e3729,0036d300256c76a4f5896c9a67c09337f62afc17d020e7827ddb9cdd844e3729,949.9999999999711,951.9999999999711,0.0,0.0,0.0,0.0,80,40,32.0,False,0.0,0.0,computed_reduced_circuit_not_author_reproduction
1031,10.0,explicitly_unpaired,B,trace_reset_ablation,dab0b69dbaa769ac79f318cd,0036d300256c76a4f5896c9a67c09337f62afc17d020e7827ddb9cdd844e3729,0036d300256c76a4f5896c9a67c09337f62afc17d020e7827ddb9cdd844e3729,949.9999999999711,951.9999999999711,0.0,0.0,0.0,0.0,80,40,32.0,False,0.0,0.0,computed_reduced_circuit_not_author_reproduction
1031,10.0,no_reward,A,carry_trace,8aaa3ce5fd3747741082dbcc,0036d300256c76a4f5896c9a67c09337f62afc17d020e7827ddb9cdd844e3729,0036d300256c76a4f5896c9a67c09337f62afc17d020e7827ddb9cdd844e3729,949.9999999999714,951.9999999999714,0.0,0.0,0.0,0.0,80,0,0.0,False,0.0,0.0,computed_reduced_circuit_not_author_reproduction
1031,10.0,no_reward,A,trace_reset_ablation,2ee173bbed880f724f5815fe,0036d300256c76a4f5896c9a67c09337f62afc17d020e7827ddb9cdd844e3729,0036d300256c76a4f5896c9a67c09337f62afc17d020e7827ddb9cdd844e3729,949.9999999999714,951.9999999999714,0.0,0.0,0.0,0.0,80,0,0.0,False,0.0,0.0,computed_reduced_circuit_not_author_reproduction
1031,10.0,no_reward,B,carry_trace,b6d59f88fedb6c64b41519ee,0036d300256c76a4f5896c9a67c09337f62afc17d020e7827ddb9cdd844e3729,0036d300256c76a4f5896c9a67c09337f62afc17d020e7827ddb9cdd844e3729,949.9999999999714,951.9999999999714,0.0,0.0,0.0,0.0,80,0,0.0,False,0.0,0.0,computed_reduced_circuit_not_author_reproduction
1031,10.0,no_reward,B,trace_reset_ablation,cec1c8ea5f371dccefde4059,0036d300256c76a4f5896c9a67c09337f62afc17d020e7827ddb9cdd844e3729,0036d300256c76a4f5896c9a67c09337f62afc17d020e7827ddb9cdd844e3729,949.9999999999714,951.9999999999714,0.0,0.0,0.0,0.0,80,0,0.0,False,0.0,0.0,computed_reduced_circuit_not_author_reproduction
1031,10.0,plasticity_disabled,A,carry_trace,294cc26788ce28ec1262eabb,0036d300256c76a4f5896c9a67c09337f62afc17d020e7827ddb9cdd844e3729,0036d300256c76a4f5896c9a67c09337f62afc17d020e7827ddb9cdd844e3729,949.9999999999714,951.9999999999714,0.0,0.0,0.0,0.0,80,40,32.0,False,0.0,0.0,computed_reduced_circuit_not_author_reproduction
1031,10.0,plasticity_disabled,A,trace_reset_ablation,1039587368cc1adf46be6b7e,0036d300256c76a4f5896c9a67c09337f62afc17d020e7827ddb9cdd844e3729,0036d300256c76a4f5896c9a67c09337f62afc17d020e7827ddb9cdd844e3729,949.9999999999714,951.9999999999714,0.0,0.0,0.0,0.0,80,40,32.0,False,0.0,0.0,computed_reduced_circuit_not_author_reproduction
1031,10.0,plasticity_disabled,B,carry_trace,c4aa4b42558544342052f908,0036d300256c76a4f5896c9a67c09337f62afc17d020e7827ddb9cdd844e3729,0036d300256c76a4f5896c9a67c09337f62afc17d020e7827ddb9cdd844e3729,949.9999999999714,951.9999999999714,0.0,0.0,0.0,0.0,80,40,32.0,False,0.0,0.0,computed_reduced_circuit_not_author_reproduction
1031,10.0,plasticity_disabled,B,trace_reset_ablation,219a0b70c6eabcca539e129d,0036d300256c76a4f5896c9a67c09337f62afc17d020e7827ddb9cdd844e3729,0036d300256c76a4f5896c9a67c09337f62afc17d020e7827ddb9cdd844e3729,949.9999999999714,951.9999999999714,0.0,0.0,0.0,0.0,80,40,32.0,False,0.0,0.0,computed_reduced_circuit_not_author_reproduction
1031,40.0,paired,A,carry_trace,373cad053b3f49c484834897,0036d300256c76a4f5896c9a67c09337f62afc17d020e7827ddb9cdd844e3729,9ec8ed6d46343cbc0bdf5b543777f4ec05128c0f83175ba02b1ae4d7e0a39151,3320.0000000000846,3322.0000000000846,0.0,0.5869501907745872,2.435727175509328e-10,0.5869501905310145,80,40,32.0,True,0.07727594397943505,0.5869501907745872,computed_reduced_circuit_not_author_reproduction
1031,40.0,paired,A,trace_reset_ablation,69296c98591a5a3ae077b3f0,0036d300256c76a4f5896c9a67c09337f62afc17d020e7827ddb9cdd844e3729,7a1caf2cba19a939544b5b03989ec5f8d77aef7aba2e4ef8182f12f8f5b3c6e8,3320.0000000000846,3322.0000000000846,0.0,0.5869501907048684,0.0,0.5869501907048684,80,40,32.0,True,0.07727594396619608,0.5869501907048684,computed_reduced_circuit_not_author_reproduction
1031,40.0,paired,B,carry_trace,a3ea2e68ccfc571f162accaf,0036d300256c76a4f5896c9a67c09337f62afc17d020e7827ddb9cdd844e3729,6cc039eec233fa4ce49742ee3864b87e3be063982b1c8b90dbf4408fe29ec91f,3320.0000000000846,3322.0000000000846,0.0,0.5749557805217353,2.7504643007603136e-10,0.5749557802466889,80,40,32.0,True,0.08723348499524125,0.5749557805217353,computed_reduced_circuit_not_author_reproduction
1031,40.0,paired,B,trace_reset_ablation,e7dae1a8023d8a9e69707a49,0036d300256c76a4f5896c9a67c09337f62afc17d020e7827ddb9cdd844e3729,5f27ffaad5dff1e65e9d0e2e15f20510c56fa5274e96492621d1f627982d6ad5,3320.0000000000846,3322.0000000000846,0.0,0.5749557804471639,0.0,0.5749557804471639,80,40,32.0,True,0.08723348497902861,0.5749557804471639,computed_reduced_circuit_not_author_reproduction
1031,40.0,explicitly_unpaired,A,carry_trace,09e1c4d1cecd135fd7ffe427,0036d300256c76a4f5896c9a67c09337f62afc17d020e7827ddb9cdd844e3729,0036d300256c76a4f5896c9a67c09337f62afc17d020e7827ddb9cdd844e3729,3320.0000000000846,3322.0000000000846,0.0,0.0,0.0,0.0,80,40,32.0,False,0.0,0.0,computed_reduced_circuit_not_author_reproduction
1031,40.0,explicitly_unpaired,A,trace_reset_ablation,9937076ad1940eb03c82141c,0036d300256c76a4f5896c9a67c09337f62afc17d020e7827ddb9cdd844e3729,0036d300256c76a4f5896c9a67c09337f62afc17d020e7827ddb9cdd844e3729,3320.0000000000846,3322.0000000000846,0.0,0.0,0.0,0.0,80,40,32.0,False,0.0,0.0,computed_reduced_circuit_not_author_reproduction
1031,40.0,explicitly_unpaired,B,carry_trace,ce77987d5d8d3697ccdffd6d,0036d300256c76a4f5896c9a67c09337f62afc17d020e7827ddb9cdd844e3729,0036d300256c76a4f5896c9a67c09337f62afc17d020e7827ddb9cdd844e3729,3320.0000000000846,3322.0000000000846,0.0,0.0,0.0,0.0,80,40,32.0,False,0.0,0.0,computed_reduced_circuit_not_author_reproduction
1031,40.0,explicitly_unpaired,B,trace_reset_ablation,7b4badaed480c55236ebeab6,0036d300256c76a4f5896c9a67c09337f62afc17d020e7827ddb9cdd844e3729,0036d300256c76a4f5896c9a67c09337f62afc17d020e7827ddb9cdd844e3729,3320.0000000000846,3322.0000000000846,0.0,0.0,0.0,0.0,80,40,32.0,False,0.0,0.0,computed_reduced_circuit_not_author_reproduction
1031,40.0,no_reward,A,carry_trace,96bb34bf2ac713a9d334cc63,0036d300256c76a4f5896c9a67c09337f62afc17d020e7827ddb9cdd844e3729,0036d300256c76a4f5896c9a67c09337f62afc17d020e7827ddb9cdd844e3729,3320.0000000000846,3322.0000000000846,0.0,0.0,0.0,0.0,80,0,0.0,False,0.0,0.0,computed_reduced_circuit_not_author_reproduction
1031,40.0,no_reward,A,trace_reset_ablation,bde9832d3074c3440c68980e,0036d300256c76a4f5896c9a67c09337f62afc17d020e7827ddb9cdd844e3729,0036d300256c76a4f5896c9a67c09337f62afc17d020e7827ddb9cdd844e3729,3320.0000000000846,3322.0000000000846,0.0,0.0,0.0,0.0,80,0,0.0,False,0.0,0.0,computed_reduced_circuit_not_author_reproduction
1031,40.0,no_reward,B,carry_trace,22d056bc8f0eac6c1f44d47c,0036d300256c76a4f5896c9a67c09337f62afc17d020e7827ddb9cdd844e3729,0036d300256c76a4f5896c9a67c09337f62afc17d020e7827ddb9cdd844e3729,3320.0000000000846,3322.0000000000846,0.0,0.0,0.0,0.0,80,0,0.0,False,0.0,0.0,computed_reduced_circuit_not_author_reproduction
1031,40.0,no_reward,B,trace_reset_ablation,1e90b304ef7157d8b4c11211,0036d300256c76a4f5896c9a67c09337f62afc17d020e7827ddb9cdd844e3729,0036d300256c76a4f5896c9a67c09337f62afc17d020e7827ddb9cdd844e3729,3320.0000000000846,3322.0000000000846,0.0,0.0,0.0,0.0,80,0,0.0,False,0.0,0.0,computed_reduced_circuit_not_author_reproduction
1031,40.0,plasticity_disabled,A,carry_trace,3e4b03eb910d6ab7db2b2509,0036d300256c76a4f5896c9a67c09337f62afc17d020e7827ddb9cdd844e3729,0036d300256c76a4f5896c9a67c09337f62afc17d020e7827ddb9cdd844e3729,3320.0000000000846,3322.0000000000846,0.0,0.0,0.0,0.0,80,40,32.0,False,0.0,0.0,computed_reduced_circuit_not_author_reproduction
1031,40.0,plasticity_disabled,A,trace_reset_ablation,6f9c649b16834bc64ca9a8b6,0036d300256c76a4f5896c9a67c09337f62afc17d020e7827ddb9cdd844e3729,0036d300256c76a4f5896c9a67c09337f62afc17d020e7827ddb9cdd844e3729,3320.0000000000846,3322.0000000000846,0.0,0.0,0.0,0.0,80,40,32.0,False,0.0,0.0,computed_reduced_circuit_not_author_reproduction
1031,40.0,plasticity_disabled,B,carry_trace,e4859bcdcc6cc781eb2a2202,0036d300256c76a4f5896c9a67c09337f62afc17d020e7827ddb9cdd844e3729,0036d300256c76a4f5896c9a67c09337f62afc17d020e7827ddb9cdd844e3729,3320.0000000000846,3322.0000000000846,0.0,0.0,0.0,0.0,80,40,32.0,False,0.0,0.0,computed_reduced_circuit_not_author_reproduction
1031,40.0,plasticity_disabled,B,trace_reset_ablation,651cf485e2f2b20972319819,0036d300256c76a4f5896c9a67c09337f62afc17d020e7827ddb9cdd844e3729,0036d300256c76a4f5896c9a67c09337f62afc17d020e7827ddb9cdd844e3729,3320.0000000000846,3322.0000000000846,0.0,0.0,0.0,0.0,80,40,32.0,False,0.0,0.0,computed_reduced_circuit_not_author_reproduction
1032,2.0,paired,A,carry_trace,d0625424d15adb6ed4e9aecb,0036d300256c76a4f5896c9a67c09337f62afc17d020e7827ddb9cdd844e3729,1ba8c43fca1a79319125d596994a0cff589dc430767a5c77a7f14ff0cb8a92d6,318.00000000001364,320.00000000001364,0.0,0.5884728674156362,0.04864149514149385,0.5398313722741424,80,40,32.0,True,0.07571999534853147,0.5884728674156362,computed_reduced_circuit_not_author_reproduction
1032,2.0,paired,A,trace_reset_ablation,6955259db6d1da9db40e2b39,0036d300256c76a4f5896c9a67c09337f62afc17d020e7827ddb9cdd844e3729,5494d270e46ad16c8d14fedf95be0fcbbb30cc3e71df5146e59198cce69732b5,318.00000000001364,320.00000000001364,0.0,0.5814500045471237,0.0,0.5814500045471237,80,40,32.0,True,0.07305607725095331,0.5814500045471237,computed_reduced_circuit_not_author_reproduction
1032,2.0,paired,B,carry_trace,2ef6f3d0fd6aef30c5105491,0036d300256c76a4f5896c9a67c09337f62afc17d020e7827ddb9cdd844e3729,e21a67751d96682f34eb4b55c6e1cd6458a88949ac5a1cdb6f25b7f1a26e8ea3,318.00000000001364,320.00000000001364,0.0,0.5876367680288469,0.05248494662465586,0.535151821404191,80,40,32.0,True,0.0789807799045058,0.5876367680288469,computed_reduced_circuit_not_author_reproduction
1032,2.0,paired,B,trace_reset_ablation,2a609c25703bfcfcafd3aac6,0036d300256c76a4f5896c9a67c09337f62afc17d020e7827ddb9cdd844e3729,fee6b709a2c610f810347409f8bdb696e8ae456e9602d47004ba0b0a885c27c9,318.00000000001364,320.00000000001364,0.0,0.5794327293624814,0.0,0.5794327293624814,80,40,32.0,True,0.07595071126742647,0.5794327293624814,computed_reduced_circuit_not_author_reproduction
1032,2.0,explicitly_unpaired,A,carry_trace,593af665270d8199c960e901,0036d300256c76a4f5896c9a67c09337f62afc17d020e7827ddb9cdd844e3729,0036d300256c76a4f5896c9a67c09337f62afc17d020e7827ddb9cdd844e3729,318.00000000001353,320.00000000001353,0.0,0.0,0.0,0.0,80,40,32.0,False,0.0,0.0,computed_reduced_circuit_not_author_reproduction
1032,2.0,explicitly_unpaired,A,trace_reset_ablation,06499f05fcd5f0e87f5dadb6,0036d300256c76a4f5896c9a67c09337f62afc17d020e7827ddb9cdd844e3729,0036d300256c76a4f5896c9a67c09337f62afc17d020e7827ddb9cdd844e3729,318.00000000001353,320.00000000001353,0.0,0.0,0.0,0.0,80,40,32.0,False,0.0,0.0,computed_reduced_circuit_not_author_reproduction
1032,2.0,explicitly_unpaired,B,carry_trace,24fb6164336a481fc542997a,0036d300256c76a4f5896c9a67c09337f62afc17d020e7827ddb9cdd844e3729,0036d300256c76a4f5896c9a67c09337f62afc17d020e7827ddb9cdd844e3729,318.00000000001353,320.00000000001353,0.0,0.0,0.0,0.0,80,40,32.0,False,0.0,0.0,computed_reduced_circuit_not_author_reproduction
1032,2.0,explicitly_unpaired,B,trace_reset_ablation,3f758061c0e21180b27ad5dd,0036d300256c76a4f5896c9a67c09337f62afc17d020e7827ddb9cdd844e3729,0036d300256c76a4f5896c9a67c09337f62afc17d020e7827ddb9cdd844e3729,318.00000000001353,320.00000000001353,0.0,0.0,0.0,0.0,80,40,32.0,False,0.0,0.0,computed_reduced_circuit_not_author_reproduction
1032,2.0,no_reward,A,carry_trace,600e02db4fdb6707b11d64a9,0036d300256c76a4f5896c9a67c09337f62afc17d020e7827ddb9cdd844e3729,0036d300256c76a4f5896c9a67c09337f62afc17d020e7827ddb9cdd844e3729,318.00000000001364,320.00000000001364,0.0,0.0,0.0,0.0,80,0,0.0,False,0.0,0.0,computed_reduced_circuit_not_author_reproduction
1032,2.0,no_reward,A,trace_reset_ablation,86aef0ab2a6e30dcaae7010b,0036d300256c76a4f5896c9a67c09337f62afc17d020e7827ddb9cdd844e3729,0036d300256c76a4f5896c9a67c09337f62afc17d020e7827ddb9cdd844e3729,318.00000000001364,320.00000000001364,0.0,0.0,0.0,0.0,80,0,0.0,False,0.0,0.0,computed_reduced_circuit_not_author_reproduction
1032,2.0,no_reward,B,carry_trace,2d889814cb1a68786ca54c92,0036d300256c76a4f5896c9a67c09337f62afc17d020e7827ddb9cdd844e3729,0036d300256c76a4f5896c9a67c09337f62afc17d020e7827ddb9cdd844e3729,318.00000000001364,320.00000000001364,0.0,0.0,0.0,0.0,80,0,0.0,False,0.0,0.0,computed_reduced_circuit_not_author_reproduction
1032,2.0,no_reward,B,trace_reset_ablation,c0c5d9d07eb7bdc3e79071e2,0036d300256c76a4f5896c9a67c09337f62afc17d020e7827ddb9cdd844e3729,0036d300256c76a4f5896c9a67c09337f62afc17d020e7827ddb9cdd844e3729,318.00000000001364,320.00000000001364,0.0,0.0,0.0,0.0,80,0,0.0,False,0.0,0.0,computed_reduced_circuit_not_author_reproduction
1032,2.0,plasticity_disabled,A,carry_trace,cda29f560d0bf230c3607a55,0036d300256c76a4f5896c9a67c09337f62afc17d020e7827ddb9cdd844e3729,0036d300256c76a4f5896c9a67c09337f62afc17d020e7827ddb9cdd844e3729,318.00000000001364,320.00000000001364,0.0,0.0,0.0,0.0,80,40,32.0,False,0.0,0.0,computed_reduced_circuit_not_author_reproduction
1032,2.0,plasticity_disabled,A,trace_reset_ablation,a20da405222d14f7a823947e,0036d300256c76a4f5896c9a67c09337f62afc17d020e7827ddb9cdd844e3729,0036d300256c76a4f5896c9a67c09337f62afc17d020e7827ddb9cdd844e3729,318.00000000001364,320.00000000001364,0.0,0.0,0.0,0.0,80,40,32.0,False,0.0,0.0,computed_reduced_circuit_not_author_reproduction
1032,2.0,plasticity_disabled,B,carry_trace,3e032f838eec93c2f4fe2ea4,0036d300256c76a4f5896c9a67c09337f62afc17d020e7827ddb9cdd844e3729,0036d300256c76a4f5896c9a67c09337f62afc17d020e7827ddb9cdd844e3729,318.00000000001364,320.00000000001364,0.0,0.0,0.0,0.0,80,40,32.0,False,0.0,0.0,computed_reduced_circuit_not_author_reproduction
1032,2.0,plasticity_disabled,B,trace_reset_ablation,d82937eaf9c1d1dd808d7ad9,0036d300256c76a4f5896c9a67c09337f62afc17d020e7827ddb9cdd844e3729,0036d300256c76a4f5896c9a67c09337f62afc17d020e7827ddb9cdd844e3729,318.00000000001364,320.00000000001364,0.0,0.0,0.0,0.0,80,40,32.0,False,0.0,0.0,computed_reduced_circuit_not_author_reproduction
1032,10.0,paired,A,carry_trace,b9dbfbb58a7a55ca3b5b18c1,0036d300256c76a4f5896c9a67c09337f62afc17d020e7827ddb9cdd844e3729,c929177343241508cb73749607b7f7310126ac9e3d16ab056f0d52c43af869bd,949.9999999999714,951.9999999999714,0.0,0.5816626086104564,0.0007996463088617567,0.5808629623015946,80,40,32.0,True,0.07309481972174336,0.5816626086104564,computed_reduced_circuit_not_author_reproduction
1032,10.0,paired,A,trace_reset_ablation,2dff63436cd8efb26110d3cd,0036d300256c76a4f5896c9a67c09337f62afc17d020e7827ddb9cdd844e3729,5494d270e46ad16c8d14fedf95be0fcbbb30cc3e71df5146e59198cce69732b5,949.9999999999714,951.9999999999714,0.0,0.5814500045471237,0.0,0.5814500045471237,80,40,32.0,True,0.07305607725095331,0.5814500045471237,computed_reduced_circuit_not_author_reproduction
1032,10.0,paired,B,carry_trace,80a2d900ca54e1afadd41f55,0036d300256c76a4f5896c9a67c09337f62afc17d020e7827ddb9cdd844e3729,0a6eb3c977e3c12237aa638264cd09bb1be84dfe9e4465feb242bad38f24a2ba,949.9999999999714,951.9999999999714,0.0,0.5796578220178803,0.0008747635380994545,0.5787830584797808,80,40,32.0,True,0.07599344574735689,0.5796578220178803,computed_reduced_circuit_not_author_reproduction
1032,10.0,paired,B,trace_reset_ablation,4dde2a278b869270629a9f8b,0036d300256c76a4f5896c9a67c09337f62afc17d020e7827ddb9cdd844e3729,fee6b709a2c610f810347409f8bdb696e8ae456e9602d47004ba0b0a885c27c9,949.9999999999714,951.9999999999714,0.0,0.5794327293624814,0.0,0.5794327293624814,80,40,32.0,True,0.07595071126742647,0.5794327293624814,computed_reduced_circuit_not_author_reproduction
1032,10.0,explicitly_unpaired,A,carry_trace,270758dece971d6c498a51ee,0036d300256c76a4f5896c9a67c09337f62afc17d020e7827ddb9cdd844e3729,0036d300256c76a4f5896c9a67c09337f62afc17d020e7827ddb9cdd844e3729,949.9999999999711,951.9999999999711,0.0,0.0,0.0,0.0,80,40,32.0,False,0.0,0.0,computed_reduced_circuit_not_author_reproduction
1032,10.0,explicitly_unpaired,A,trace_reset_ablation,1826da3fe5346458b755399d,0036d300256c76a4f5896c9a67c09337f62afc17d020e7827ddb9cdd844e3729,0036d300256c76a4f5896c9a67c09337f62afc17d020e7827ddb9cdd844e3729,949.9999999999711,951.9999999999711,0.0,0.0,0.0,0.0,80,40,32.0,False,0.0,0.0,computed_reduced_circuit_not_author_reproduction
1032,10.0,explicitly_unpaired,B,carry_trace,f7d35e5a49d7e1e1b3e0fc80,0036d300256c76a4f5896c9a67c09337f62afc17d020e7827ddb9cdd844e3729,0036d300256c76a4f5896c9a67c09337f62afc17d020e7827ddb9cdd844e3729,949.9999999999711,951.9999999999711,0.0,0.0,0.0,0.0,80,40,32.0,False,0.0,0.0,computed_reduced_circuit_not_author_reproduction
1032,10.0,explicitly_unpaired,B,trace_reset_ablation,944dcd13da5a541425ff5327,0036d300256c76a4f5896c9a67c09337f62afc17d020e7827ddb9cdd844e3729,0036d300256c76a4f5896c9a67c09337f62afc17d020e7827ddb9cdd844e3729,949.9999999999711,951.9999999999711,0.0,0.0,0.0,0.0,80,40,32.0,False,0.0,0.0,computed_reduced_circuit_not_author_reproduction
1032,10.0,no_reward,A,carry_trace,e241ba1341b96f697ed0c4a3,0036d300256c76a4f5896c9a67c09337f62afc17d020e7827ddb9cdd844e3729,0036d300256c76a4f5896c9a67c09337f62afc17d020e7827ddb9cdd844e3729,949.9999999999714,951.9999999999714,0.0,0.0,0.0,0.0,80,0,0.0,False,0.0,0.0,computed_reduced_circuit_not_author_reproduction
1032,10.0,no_reward,A,trace_reset_ablation,45c6c3d2d4cc7e39e7a7b090,0036d300256c76a4f5896c9a67c09337f62afc17d020e7827ddb9cdd844e3729,0036d300256c76a4f5896c9a67c09337f62afc17d020e7827ddb9cdd844e3729,949.9999999999714,951.9999999999714,0.0,0.0,0.0,0.0,80,0,0.0,False,0.0,0.0,computed_reduced_circuit_not_author_reproduction
1032,10.0,no_reward,B,carry_trace,cf7b3fe5cfedc9ee789bc090,0036d300256c76a4f5896c9a67c09337f62afc17d020e7827ddb9cdd844e3729,0036d300256c76a4f5896c9a67c09337f62afc17d020e7827ddb9cdd844e3729,949.9999999999714,951.9999999999714,0.0,0.0,0.0,0.0,80,0,0.0,False,0.0,0.0,computed_reduced_circuit_not_author_reproduction
1032,10.0,no_reward,B,trace_reset_ablation,1d62d101216bae38b2a33fb1,0036d300256c76a4f5896c9a67c09337f62afc17d020e7827ddb9cdd844e3729,0036d300256c76a4f5896c9a67c09337f62afc17d020e7827ddb9cdd844e3729,949.9999999999714,951.9999999999714,0.0,0.0,0.0,0.0,80,0,0.0,False,0.0,0.0,computed_reduced_circuit_not_author_reproduction
1032,10.0,plasticity_disabled,A,carry_trace,e90f5b8c729c3e3c0a9ccf46,0036d300256c76a4f5896c9a67c09337f62afc17d020e7827ddb9cdd844e3729,0036d300256c76a4f5896c9a67c09337f62afc17d020e7827ddb9cdd844e3729,949.9999999999714,951.9999999999714,0.0,0.0,0.0,0.0,80,40,32.0,False,0.0,0.0,computed_reduced_circuit_not_author_reproduction
1032,10.0,plasticity_disabled,A,trace_reset_ablation,eb9b6c20d78a401c5d7170de,0036d300256c76a4f5896c9a67c09337f62afc17d020e7827ddb9cdd844e3729,0036d300256c76a4f5896c9a67c09337f62afc17d020e7827ddb9cdd844e3729,949.9999999999714,951.9999999999714,0.0,0.0,0.0,0.0,80,40,32.0,False,0.0,0.0,computed_reduced_circuit_not_author_reproduction
1032,10.0,plasticity_disabled,B,carry_trace,9f01bcfd2622884ff196b594,0036d300256c76a4f5896c9a67c09337f62afc17d020e7827ddb9cdd844e3729,0036d300256c76a4f5896c9a67c09337f62afc17d020e7827ddb9cdd844e3729,949.9999999999714,951.9999999999714,0.0,0.0,0.0,0.0,80,40,32.0,False,0.0,0.0,computed_reduced_circuit_not_author_reproduction
1032,10.0,plasticity_disabled,B,trace_reset_ablation,79e68067414b53733fbed3ee,0036d300256c76a4f5896c9a67c09337f62afc17d020e7827ddb9cdd844e3729,0036d300256c76a4f5896c9a67c09337f62afc17d020e7827ddb9cdd844e3729,949.9999999999714,951.9999999999714,0.0,0.0,0.0,0.0,80,40,32.0,False,0.0,0.0,computed_reduced_circuit_not_author_reproduction
1032,40.0,paired,A,carry_trace,7679a646330ad11940c429ea,0036d300256c76a4f5896c9a67c09337f62afc17d020e7827ddb9cdd844e3729,b5b549e0d518e79da3dcc471a957e618b175738204d94faf9ad36c4bca73ff79,3320.0000000000846,3322.0000000000846,0.0,0.5814500046125902,2.442299695815109e-10,0.5814500043683603,80,40,32.0,True,0.07305607726276575,0.5814500046125902,computed_reduced_circuit_not_author_reproduction
1032,40.0,paired,A,trace_reset_ablation,423742cd4358fcfb8003e4c6,0036d300256c76a4f5896c9a67c09337f62afc17d020e7827ddb9cdd844e3729,5494d270e46ad16c8d14fedf95be0fcbbb30cc3e71df5146e59198cce69732b5,3320.0000000000846,3322.0000000000846,0.0,0.5814500045471237,0.0,0.5814500045471237,80,40,32.0,True,0.07305607725095331,0.5814500045471237,computed_reduced_circuit_not_author_reproduction
1032,40.0,paired,B,carry_trace,a9dafaec8ea4fb78a32e9581,0036d300256c76a4f5896c9a67c09337f62afc17d020e7827ddb9cdd844e3729,a7221c5b108f8c37a108d33ad45660763202e03f394f9c45ddaa55ffd33485aa,3320.0000000000846,3322.0000000000846,0.0,0.579432729431714,2.6725266444316276e-10,0.5794327291644613,80,40,32.0,True,0.07595071128044917,0.579432729431714,computed_reduced_circuit_not_author_reproduction
1032,40.0,paired,B,trace_reset_ablation,da038263995abec664218f88,0036d300256c76a4f5896c9a67c09337f62afc17d020e7827ddb9cdd844e3729,fee6b709a2c610f810347409f8bdb696e8ae456e9602d47004ba0b0a885c27c9,3320.0000000000846,3322.0000000000846,0.0,0.5794327293624814,0.0,0.5794327293624814,80,40,32.0,True,0.07595071126742647,0.5794327293624814,computed_reduced_circuit_not_author_reproduction
1032,40.0,explicitly_unpaired,A,carry_trace,5ff600f05eedc83185bad708,0036d300256c76a4f5896c9a67c09337f62afc17d020e7827ddb9cdd844e3729,0036d300256c76a4f5896c9a67c09337f62afc17d020e7827ddb9cdd844e3729,3320.0000000000846,3322.0000000000846,0.0,0.0,0.0,0.0,80,40,32.0,False,0.0,0.0,computed_reduced_circuit_not_author_reproduction
1032,40.0,explicitly_unpaired,A,trace_reset_ablation,59166be3da19fc20516b0013,0036d300256c76a4f5896c9a67c09337f62afc17d020e7827ddb9cdd844e3729,0036d300256c76a4f5896c9a67c09337f62afc17d020e7827ddb9cdd844e3729,3320.0000000000846,3322.0000000000846,0.0,0.0,0.0,0.0,80,40,32.0,False,0.0,0.0,computed_reduced_circuit_not_author_reproduction
1032,40.0,explicitly_unpaired,B,carry_trace,50bb8673cf1cf18fd7ec419f,0036d300256c76a4f5896c9a67c09337f62afc17d020e7827ddb9cdd844e3729,0036d300256c76a4f5896c9a67c09337f62afc17d020e7827ddb9cdd844e3729,3320.0000000000846,3322.0000000000846,0.0,0.0,0.0,0.0,80,40,32.0,False,0.0,0.0,computed_reduced_circuit_not_author_reproduction
1032,40.0,explicitly_unpaired,B,trace_reset_ablation,ab846a183199f9e1396ffa0b,0036d300256c76a4f5896c9a67c09337f62afc17d020e7827ddb9cdd844e3729,0036d300256c76a4f5896c9a67c09337f62afc17d020e7827ddb9cdd844e3729,3320.0000000000846,3322.0000000000846,0.0,0.0,0.0,0.0,80,40,32.0,False,0.0,0.0,computed_reduced_circuit_not_author_reproduction
1032,40.0,no_reward,A,carry_trace,909c2817db6a6c3d29109c56,0036d300256c76a4f5896c9a67c09337f62afc17d020e7827ddb9cdd844e3729,0036d300256c76a4f5896c9a67c09337f62afc17d020e7827ddb9cdd844e3729,3320.0000000000846,3322.0000000000846,0.0,0.0,0.0,0.0,80,0,0.0,False,0.0,0.0,computed_reduced_circuit_not_author_reproduction
1032,40.0,no_reward,A,trace_reset_ablation,ff8f1a385590b4b6609b4ccf,0036d300256c76a4f5896c9a67c09337f62afc17d020e7827ddb9cdd844e3729,0036d300256c76a4f5896c9a67c09337f62afc17d020e7827ddb9cdd844e3729,3320.0000000000846,3322.0000000000846,0.0,0.0,0.0,0.0,80,0,0.0,False,0.0,0.0,computed_reduced_circuit_not_author_reproduction
1032,40.0,no_reward,B,carry_trace,cb8c3cef21baf74495f12718,0036d300256c76a4f5896c9a67c09337f62afc17d020e7827ddb9cdd844e3729,0036d300256c76a4f5896c9a67c09337f62afc17d020e7827ddb9cdd844e3729,3320.0000000000846,3322.0000000000846,0.0,0.0,0.0,0.0,80,0,0.0,False,0.0,0.0,computed_reduced_circuit_not_author_reproduction
1032,40.0,no_reward,B,trace_reset_ablation,fb691ddc23e74370614f9d21,0036d300256c76a4f5896c9a67c09337f62afc17d020e7827ddb9cdd844e3729,0036d300256c76a4f5896c9a67c09337f62afc17d020e7827ddb9cdd844e3729,3320.0000000000846,3322.0000000000846,0.0,0.0,0.0,0.0,80,0,0.0,False,0.0,0.0,computed_reduced_circuit_not_author_reproduction
1032,40.0,plasticity_disabled,A,carry_trace,2ff2a85de31f4fdb9f682d49,0036d300256c76a4f5896c9a67c09337f62afc17d020e7827ddb9cdd844e3729,0036d300256c76a4f5896c9a67c09337f62afc17d020e7827ddb9cdd844e3729,3320.0000000000846,3322.0000000000846,0.0,0.0,0.0,0.0,80,40,32.0,False,0.0,0.0,computed_reduced_circuit_not_author_reproduction
1032,40.0,plasticity_disabled,A,trace_reset_ablation,8a194b509969b43888d14a6a,0036d300256c76a4f5896c9a67c09337f62afc17d020e7827ddb9cdd844e3729,0036d300256c76a4f5896c9a67c09337f62afc17d020e7827ddb9cdd844e3729,3320.0000000000846,3322.0000000000846,0.0,0.0,0.0,0.0,80,40,32.0,False,0.0,0.0,computed_reduced_circuit_not_author_reproduction
1032,40.0,plasticity_disabled,B,carry_trace,adf0611bb7dcafca4183618c,0036d300256c76a4f5896c9a67c09337f62afc17d020e7827ddb9cdd844e3729,0036d300256c76a4f5896c9a67c09337f62afc17d020e7827ddb9cdd844e3729,3320.0000000000846,3322.0000000000846,0.0,0.0,0.0,0.0,80,40,32.0,False,0.0,0.0,computed_reduced_circuit_not_author_reproduction
1032,40.0,plasticity_disabled,B,trace_reset_ablation,873826802006ec3df2576732,0036d300256c76a4f5896c9a67c09337f62afc17d020e7827ddb9cdd844e3729,0036d300256c76a4f5896c9a67c09337f62afc17d020e7827ddb9cdd844e3729,3320.0000000000846,3322.0000000000846,0.0,0.0,0.0,0.0,80,40,32.0,False,0.0,0.0,computed_reduced_circuit_not_author_reproduction
1033,2.0,paired,A,carry_trace,2fb335cf6e99d959e85541e1,0036d300256c76a4f5896c9a67c09337f62afc17d020e7827ddb9cdd844e3729,653f5463b99edc6028c7e4631c25721edc9693d48f4b4667963437bc5f2520a0,318.00000000001364,320.00000000001364,0.0,0.5952511533557425,0.053114111273403264,0.5421370420823393,80,40,32.0,True,0.07244598869936181,0.5952511533557425,computed_reduced_circuit_not_author_reproduction
1033,2.0,paired,A,trace_reset_ablation,70c39b7561364cd2617a936c,0036d300256c76a4f5896c9a67c09337f62afc17d020e7827ddb9cdd844e3729,77c12c37a85dc45fc22c68806a900f70ef99abf76b436c0e1a85eea37cb61edb,318.00000000001364,320.00000000001364,0.0,0.5864916133084488,0.0,0.5864916133084488,80,40,32.0,True,0.06939904831671351,0.5864916133084488,computed_reduced_circuit_not_author_reproduction
1033,2.0,paired,B,carry_trace,995899570f2e18781e169e0d,0036d300256c76a4f5896c9a67c09337f62afc17d020e7827ddb9cdd844e3729,7f52bd3639d95b702bd3ebe8b3752659272cd46372630fc2d325eaa4c8fc74c8,318.00000000001364,320.00000000001364,0.0,0.5826606283412503,0.05209913599281213,0.5305614923484382,80,40,32.0,True,0.07944908685527374,0.5826606283412503,computed_reduced_circuit_not_author_reproduction
1033,2.0,paired,B,trace_reset_ablation,f03206505e09765e3eab8f42,0036d300256c76a4f5896c9a67c09337f62afc17d020e7827ddb9cdd844e3729,e06abdd9e383f0d996f580dba8b2f33892bdd015910afde16138359470a5f5c4,318.00000000001364,320.00000000001364,0.0,0.5737875207453806,0.0,0.5737875207453806,80,40,32.0,True,0.07606928974410254,0.5737875207453806,computed_reduced_circuit_not_author_reproduction
1033,2.0,explicitly_unpaired,A,carry_trace,859cc9daa4e2e17323f57875,0036d300256c76a4f5896c9a67c09337f62afc17d020e7827ddb9cdd844e3729,0036d300256c76a4f5896c9a67c09337f62afc17d020e7827ddb9cdd844e3729,318.00000000001353,320.00000000001353,0.0,0.0,0.0,0.0,80,40,32.0,False,0.0,0.0,computed_reduced_circuit_not_author_reproduction
1033,2.0,explicitly_unpaired,A,trace_reset_ablation,438fb0768cadce909b6d9f3c,0036d300256c76a4f5896c9a67c09337f62afc17d020e7827ddb9cdd844e3729,0036d300256c76a4f5896c9a67c09337f62afc17d020e7827ddb9cdd844e3729,318.00000000001353,320.00000000001353,0.0,0.0,0.0,0.0,80,40,32.0,False,0.0,0.0,computed_reduced_circuit_not_author_reproduction
1033,2.0,explicitly_unpaired,B,carry_trace,b5baf56123dd522c771145cd,0036d300256c76a4f5896c9a67c09337f62afc17d020e7827ddb9cdd844e3729,0036d300256c76a4f5896c9a67c09337f62afc17d020e7827ddb9cdd844e3729,318.00000000001353,320.00000000001353,0.0,0.0,0.0,0.0,80,40,32.0,False,0.0,0.0,computed_reduced_circuit_not_author_reproduction
1033,2.0,explicitly_unpaired,B,trace_reset_ablation,dc9e1b7130159c3828cbc082,0036d300256c76a4f5896c9a67c09337f62afc17d020e7827ddb9cdd844e3729,0036d300256c76a4f5896c9a67c09337f62afc17d020e7827ddb9cdd844e3729,318.00000000001353,320.00000000001353,0.0,0.0,0.0,0.0,80,40,32.0,False,0.0,0.0,computed_reduced_circuit_not_author_reproduction
1033,2.0,no_reward,A,carry_trace,93e5344deb6b88893edbe452,0036d300256c76a4f5896c9a67c09337f62afc17d020e7827ddb9cdd844e3729,0036d300256c76a4f5896c9a67c09337f62afc17d020e7827ddb9cdd844e3729,318.00000000001364,320.00000000001364,0.0,0.0,0.0,0.0,80,0,0.0,False,0.0,0.0,computed_reduced_circuit_not_author_reproduction
1033,2.0,no_reward,A,trace_reset_ablation,ebd8cee72ab9181832201b3a,0036d300256c76a4f5896c9a67c09337f62afc17d020e7827ddb9cdd844e3729,0036d300256c76a4f5896c9a67c09337f62afc17d020e7827ddb9cdd844e3729,318.00000000001364,320.00000000001364,0.0,0.0,0.0,0.0,80,0,0.0,False,0.0,0.0,computed_reduced_circuit_not_author_reproduction
1033,2.0,no_reward,B,carry_trace,2313fd6444667210deb80ffc,0036d300256c76a4f5896c9a67c09337f62afc17d020e7827ddb9cdd844e3729,0036d300256c76a4f5896c9a67c09337f62afc17d020e7827ddb9cdd844e3729,318.00000000001364,320.00000000001364,0.0,0.0,0.0,0.0,80,0,0.0,False,0.0,0.0,computed_reduced_circuit_not_author_reproduction
1033,2.0,no_reward,B,trace_reset_ablation,aa063f6af0244d93d0f8ab15,0036d300256c76a4f5896c9a67c09337f62afc17d020e7827ddb9cdd844e3729,0036d300256c76a4f5896c9a67c09337f62afc17d020e7827ddb9cdd844e3729,318.00000000001364,320.00000000001364,0.0,0.0,0.0,0.0,80,0,0.0,False,0.0,0.0,computed_reduced_circuit_not_author_reproduction
1033,2.0,plasticity_disabled,A,carry_trace,a73c504dc1a9e7fcbc410e04,0036d300256c76a4f5896c9a67c09337f62afc17d020e7827ddb9cdd844e3729,0036d300256c76a4f5896c9a67c09337f62afc17d020e7827ddb9cdd844e3729,318.00000000001364,320.00000000001364,0.0,0.0,0.0,0.0,80,40,32.0,False,0.0,0.0,computed_reduced_circuit_not_author_reproduction
1033,2.0,plasticity_disabled,A,trace_reset_ablation,86e57d5fcf3585685bbcfb61,0036d300256c76a4f5896c9a67c09337f62afc17d020e7827ddb9cdd844e3729,0036d300256c76a4f5896c9a67c09337f62afc17d020e7827ddb9cdd844e3729,318.00000000001364,320.00000000001364,0.0,0.0,0.0,0.0,80,40,32.0,False,0.0,0.0,computed_reduced_circuit_not_author_reproduction
1033,2.0,plasticity_disabled,B,carry_trace,931151794d953824a0130532,0036d300256c76a4f5896c9a67c09337f62afc17d020e7827ddb9cdd844e3729,0036d300256c76a4f5896c9a67c09337f62afc17d020e7827ddb9cdd844e3729,318.00000000001364,320.00000000001364,0.0,0.0,0.0,0.0,80,40,32.0,False,0.0,0.0,computed_reduced_circuit_not_author_reproduction
1033,2.0,plasticity_disabled,B,trace_reset_ablation,628e5eb1a0afacc68f992cc0,0036d300256c76a4f5896c9a67c09337f62afc17d020e7827ddb9cdd844e3729,0036d300256c76a4f5896c9a67c09337f62afc17d020e7827ddb9cdd844e3729,318.00000000001364,320.00000000001364,0.0,0.0,0.0,0.0,80,40,32.0,False,0.0,0.0,computed_reduced_circuit_not_author_reproduction
1033,10.0,paired,A,carry_trace,2c7d65eb1bedd3b245864eb2,0036d300256c76a4f5896c9a67c09337f62afc17d020e7827ddb9cdd844e3729,81e948b5e3386d68e9442fd0ca573b4e19aec735b59a24795b958505edabf4d8,949.9999999999714,951.9999999999714,0.0,0.5867289300888561,0.000892407150508201,0.5858365229383479,80,40,32.0,True,0.0694399103846014,0.5867289300888561,computed_reduced_circuit_not_author_reproduction
1033,10.0,paired,A,trace_reset_ablation,aa0470b73f501c7198f7074b,0036d300256c76a4f5896c9a67c09337f62afc17d020e7827ddb9cdd844e3729,77c12c37a85dc45fc22c68806a900f70ef99abf76b436c0e1a85eea37cb61edb,949.9999999999714,951.9999999999714,0.0,0.5864916133084488,0.0,0.5864916133084488,80,40,32.0,True,0.06939904831671351,0.5864916133084488,computed_reduced_circuit_not_author_reproduction
1033,10.0,paired,B,carry_trace,0ff15ae1f3984c6176605dc7,0036d300256c76a4f5896c9a67c09337f62afc17d020e7827ddb9cdd844e3729,a8b739109151b03fd5cc4838a03c68e385e8dbe845ac6060e91017dd0ccf4cc1,949.9999999999714,951.9999999999714,0.0,0.5740440843668769,0.0008622265976121479,0.5731818577692648,80,40,32.0,True,0.07611839543520238,0.5740440843668769,computed_reduced_circuit_not_author_reproduction
1033,10.0,paired,B,trace_reset_ablation,1f196b695ad8a7912c46f739,0036d300256c76a4f5896c9a67c09337f62afc17d020e7827ddb9cdd844e3729,e06abdd9e383f0d996f580dba8b2f33892bdd015910afde16138359470a5f5c4,949.9999999999714,951.9999999999714,0.0,0.5737875207453806,0.0,0.5737875207453806,80,40,32.0,True,0.07606928974410254,0.5737875207453806,computed_reduced_circuit_not_author_reproduction
1033,10.0,explicitly_unpaired,A,carry_trace,dc8af71ed03268085c3ee5a2,0036d300256c76a4f5896c9a67c09337f62afc17d020e7827ddb9cdd844e3729,0036d300256c76a4f5896c9a67c09337f62afc17d020e7827ddb9cdd844e3729,949.9999999999711,951.9999999999711,0.0,0.0,0.0,0.0,80,40,32.0,False,0.0,0.0,computed_reduced_circuit_not_author_reproduction
1033,10.0,explicitly_unpaired,A,trace_reset_ablation,bf90a3a0f56fc714da14c116,0036d300256c76a4f5896c9a67c09337f62afc17d020e7827ddb9cdd844e3729,0036d300256c76a4f5896c9a67c09337f62afc17d020e7827ddb9cdd844e3729,949.9999999999711,951.9999999999711,0.0,0.0,0.0,0.0,80,40,32.0,False,0.0,0.0,computed_reduced_circuit_not_author_reproduction
1033,10.0,explicitly_unpaired,B,carry_trace,2ef9c88830ce675fa391453c,0036d300256c76a4f5896c9a67c09337f62afc17d020e7827ddb9cdd844e3729,0036d300256c76a4f5896c9a67c09337f62afc17d020e7827ddb9cdd844e3729,949.9999999999711,951.9999999999711,0.0,0.0,0.0,0.0,80,40,32.0,False,0.0,0.0,computed_reduced_circuit_not_author_reproduction
1033,10.0,explicitly_unpaired,B,trace_reset_ablation,79d0560ffeccf7c743da194a,0036d300256c76a4f5896c9a67c09337f62afc17d020e7827ddb9cdd844e3729,0036d300256c76a4f5896c9a67c09337f62afc17d020e7827ddb9cdd844e3729,949.9999999999711,951.9999999999711,0.0,0.0,0.0,0.0,80,40,32.0,False,0.0,0.0,computed_reduced_circuit_not_author_reproduction
1033,10.0,no_reward,A,carry_trace,7232a024d4cd7f430cdba268,0036d300256c76a4f5896c9a67c09337f62afc17d020e7827ddb9cdd844e3729,0036d300256c76a4f5896c9a67c09337f62afc17d020e7827ddb9cdd844e3729,949.9999999999714,951.9999999999714,0.0,0.0,0.0,0.0,80,0,0.0,False,0.0,0.0,computed_reduced_circuit_not_author_reproduction
1033,10.0,no_reward,A,trace_reset_ablation,46ad5c1a890e87d5074c5698,0036d300256c76a4f5896c9a67c09337f62afc17d020e7827ddb9cdd844e3729,0036d300256c76a4f5896c9a67c09337f62afc17d020e7827ddb9cdd844e3729,949.9999999999714,951.9999999999714,0.0,0.0,0.0,0.0,80,0,0.0,False,0.0,0.0,computed_reduced_circuit_not_author_reproduction
1033,10.0,no_reward,B,carry_trace,7420e8577e9788aa3c06285e,0036d300256c76a4f5896c9a67c09337f62afc17d020e7827ddb9cdd844e3729,0036d300256c76a4f5896c9a67c09337f62afc17d020e7827ddb9cdd844e3729,949.9999999999714,951.9999999999714,0.0,0.0,0.0,0.0,80,0,0.0,False,0.0,0.0,computed_reduced_circuit_not_author_reproduction
1033,10.0,no_reward,B,trace_reset_ablation,f34b043a0de292bc617045a0,0036d300256c76a4f5896c9a67c09337f62afc17d020e7827ddb9cdd844e3729,0036d300256c76a4f5896c9a67c09337f62afc17d020e7827ddb9cdd844e3729,949.9999999999714,951.9999999999714,0.0,0.0,0.0,0.0,80,0,0.0,False,0.0,0.0,computed_reduced_circuit_not_author_reproduction
1033,10.0,plasticity_disabled,A,carry_trace,48c18a47c6b1226651262fff,0036d300256c76a4f5896c9a67c09337f62afc17d020e7827ddb9cdd844e3729,0036d300256c76a4f5896c9a67c09337f62afc17d020e7827ddb9cdd844e3729,949.9999999999714,951.9999999999714,0.0,0.0,0.0,0.0,80,40,32.0,False,0.0,0.0,computed_reduced_circuit_not_author_reproduction
1033,10.0,plasticity_disabled,A,trace_reset_ablation,7bd1abe9ffa54b87f3785855,0036d300256c76a4f5896c9a67c09337f62afc17d020e7827ddb9cdd844e3729,0036d300256c76a4f5896c9a67c09337f62afc17d020e7827ddb9cdd844e3729,949.9999999999714,951.9999999999714,0.0,0.0,0.0,0.0,80,40,32.0,False,0.0,0.0,computed_reduced_circuit_not_author_reproduction
1033,10.0,plasticity_disabled,B,carry_trace,66d5baf72f1b20ce90d823a9,0036d300256c76a4f5896c9a67c09337f62afc17d020e7827ddb9cdd844e3729,0036d300256c76a4f5896c9a67c09337f62afc17d020e7827ddb9cdd844e3729,949.9999999999714,951.9999999999714,0.0,0.0,0.0,0.0,80,40,32.0,False,0.0,0.0,computed_reduced_circuit_not_author_reproduction
1033,10.0,plasticity_disabled,B,trace_reset_ablation,d830b0fa2fcadf3d630c7aa8,0036d300256c76a4f5896c9a67c09337f62afc17d020e7827ddb9cdd844e3729,0036d300256c76a4f5896c9a67c09337f62afc17d020e7827ddb9cdd844e3729,949.9999999999714,951.9999999999714,0.0,0.0,0.0,0.0,80,40,32.0,False,0.0,0.0,computed_reduced_circuit_not_author_reproduction
1033,40.0,paired,A,carry_trace,18636f5d261720d826fb09bb,0036d300256c76a4f5896c9a67c09337f62afc17d020e7827ddb9cdd844e3729,58d754e51cdb4c0386140021691c860659aee3af6688a07cd1c33211ce97d7e3,3320.0000000000846,3322.0000000000846,0.0,0.5864916133814436,2.7270130598111564e-10,0.5864916131087423,80,40,32.0,True,0.06939904832915089,0.5864916133814436,computed_reduced_circuit_not_author_reproduction
1033,40.0,paired,A,trace_reset_ablation,b02146a9973481f26d1b6c6b,0036d300256c76a4f5896c9a67c09337f62afc17d020e7827ddb9cdd844e3729,77c12c37a85dc45fc22c68806a900f70ef99abf76b436c0e1a85eea37cb61edb,3320.0000000000846,3322.0000000000846,0.0,0.5864916133084488,0.0,0.5864916133084488,80,40,32.0,True,0.06939904831671351,0.5864916133084488,computed_reduced_circuit_not_author_reproduction
1033,40.0,paired,B,carry_trace,a89d923b18fd4e07927ab5e3,0036d300256c76a4f5896c9a67c09337f62afc17d020e7827ddb9cdd844e3729,a37023f060eaf91e2f25027b45f94ea9029050dc218317a513f1a9e3a30d66f5,3320.0000000000846,3322.0000000000846,0.0,0.5737875208243599,2.6339375125417064e-10,0.5737875205609662,80,40,32.0,True,0.07606928975907357,0.5737875208243599,computed_reduced_circuit_not_author_reproduction
1033,40.0,paired,B,trace_reset_ablation,52f3193ff562138b9869b1ae,0036d300256c76a4f5896c9a67c09337f62afc17d020e7827ddb9cdd844e3729,e06abdd9e383f0d996f580dba8b2f33892bdd015910afde16138359470a5f5c4,3320.0000000000846,3322.0000000000846,0.0,0.5737875207453806,0.0,0.5737875207453806,80,40,32.0,True,0.07606928974410254,0.5737875207453806,computed_reduced_circuit_not_author_reproduction
1033,40.0,explicitly_unpaired,A,carry_trace,bf53e05a5649b90ca819c5c4,0036d300256c76a4f5896c9a67c09337f62afc17d020e7827ddb9cdd844e3729,0036d300256c76a4f5896c9a67c09337f62afc17d020e7827ddb9cdd844e3729,3320.0000000000846,3322.0000000000846,0.0,0.0,0.0,0.0,80,40,32.0,False,0.0,0.0,computed_reduced_circuit_not_author_reproduction
1033,40.0,explicitly_unpaired,A,trace_reset_ablation,b14dafb4dbc8ee778d26fa80,0036d300256c76a4f5896c9a67c09337f62afc17d020e7827ddb9cdd844e3729,0036d300256c76a4f5896c9a67c09337f62afc17d020e7827ddb9cdd844e3729,3320.0000000000846,3322.0000000000846,0.0,0.0,0.0,0.0,80,40,32.0,False,0.0,0.0,computed_reduced_circuit_not_author_reproduction
1033,40.0,explicitly_unpaired,B,carry_trace,29d5727e2f1671e1fa7887e0,0036d300256c76a4f5896c9a67c09337f62afc17d020e7827ddb9cdd844e3729,0036d300256c76a4f5896c9a67c09337f62afc17d020e7827ddb9cdd844e3729,3320.0000000000846,3322.0000000000846,0.0,0.0,0.0,0.0,80,40,32.0,False,0.0,0.0,computed_reduced_circuit_not_author_reproduction
1033,40.0,explicitly_unpaired,B,trace_reset_ablation,43be59a48d86f2f1326ab570,0036d300256c76a4f5896c9a67c09337f62afc17d020e7827ddb9cdd844e3729,0036d300256c76a4f5896c9a67c09337f62afc17d020e7827ddb9cdd844e3729,3320.0000000000846,3322.0000000000846,0.0,0.0,0.0,0.0,80,40,32.0,False,0.0,0.0,computed_reduced_circuit_not_author_reproduction
1033,40.0,no_reward,A,carry_trace,1e1712fc6e92802992f347f6,0036d300256c76a4f5896c9a67c09337f62afc17d020e7827ddb9cdd844e3729,0036d300256c76a4f5896c9a67c09337f62afc17d020e7827ddb9cdd844e3729,3320.0000000000846,3322.0000000000846,0.0,0.0,0.0,0.0,80,0,0.0,False,0.0,0.0,computed_reduced_circuit_not_author_reproduction
1033,40.0,no_reward,A,trace_reset_ablation,295d0e7812f50d4d5b9ae315,0036d300256c76a4f5896c9a67c09337f62afc17d020e7827ddb9cdd844e3729,0036d300256c76a4f5896c9a67c09337f62afc17d020e7827ddb9cdd844e3729,3320.0000000000846,3322.0000000000846,0.0,0.0,0.0,0.0,80,0,0.0,False,0.0,0.0,computed_reduced_circuit_not_author_reproduction
1033,40.0,no_reward,B,carry_trace,6824d6071a87476729feec7e,0036d300256c76a4f5896c9a67c09337f62afc17d020e7827ddb9cdd844e3729,0036d300256c76a4f5896c9a67c09337f62afc17d020e7827ddb9cdd844e3729,3320.0000000000846,3322.0000000000846,0.0,0.0,0.0,0.0,80,0,0.0,False,0.0,0.0,computed_reduced_circuit_not_author_reproduction
1033,40.0,no_reward,B,trace_reset_ablation,15691166675543a2275b2d3e,0036d300256c76a4f5896c9a67c09337f62afc17d020e7827ddb9cdd844e3729,0036d300256c76a4f5896c9a67c09337f62afc17d020e7827ddb9cdd844e3729,3320.0000000000846,3322.0000000000846,0.0,0.0,0.0,0.0,80,0,0.0,False,0.0,0.0,computed_reduced_circuit_not_author_reproduction
1033,40.0,plasticity_disabled,A,carry_trace,acd69dcc16d441fe2f87d9f5,0036d300256c76a4f5896c9a67c09337f62afc17d020e7827ddb9cdd844e3729,0036d300256c76a4f5896c9a67c09337f62afc17d020e7827ddb9cdd844e3729,3320.0000000000846,3322.0000000000846,0.0,0.0,0.0,0.0,80,40,32.0,False,0.0,0.0,computed_reduced_circuit_not_author_reproduction
1033,40.0,plasticity_disabled,A,trace_reset_ablation,6e04223accab163fc4c14e71,0036d300256c76a4f5896c9a67c09337f62afc17d020e7827ddb9cdd844e3729,0036d300256c76a4f5896c9a67c09337f62afc17d020e7827ddb9cdd844e3729,3320.0000000000846,3322.0000000000846,0.0,0.0,0.0,0.0,80,40,32.0,False,0.0,0.0,computed_reduced_circuit_not_author_reproduction
1033,40.0,plasticity_disabled,B,carry_trace,255267c433e5e511717aa402,0036d300256c76a4f5896c9a67c09337f62afc17d020e7827ddb9cdd844e3729,0036d300256c76a4f5896c9a67c09337f62afc17d020e7827ddb9cdd844e3729,3320.0000000000846,3322.0000000000846,0.0,0.0,0.0,0.0,80,40,32.0,False,0.0,0.0,computed_reduced_circuit_not_author_reproduction
1033,40.0,plasticity_disabled,B,trace_reset_ablation,4a29f44ee416d468ba68a272,0036d300256c76a4f5896c9a67c09337f62afc17d020e7827ddb9cdd844e3729,0036d300256c76a4f5896c9a67c09337f62afc17d020e7827ddb9cdd844e3729,3320.0000000000846,3322.0000000000846,0.0,0.0,0.0,0.0,80,40,32.0,False,0.0,0.0,computed_reduced_circuit_not_author_reproduction
1034,2.0,paired,A,carry_trace,aeadd432bac402ce16a557cb,0036d300256c76a4f5896c9a67c09337f62afc17d020e7827ddb9cdd844e3729,d7c4c68d4c6a61c8d84a029e71497348a4c418e11fb41ec5853e8a30de5f3d67,318.00000000001364,320.00000000001364,0.0,0.5836016120250089,0.057362133426700934,0.526239478598308,80,40,32.0,True,0.08240274068758258,0.5836016120250089,computed_reduced_circuit_not_author_reproduction
1034,2.0,paired,A,trace_reset_ablation,120b85acdd3cb09c59445803,0036d300256c76a4f5896c9a67c09337f62afc17d020e7827ddb9cdd844e3729,ea53a32654386fe421e32457fd026fd04c2bb047f19d886dc4e397203cee2b18,318.00000000001364,320.00000000001364,0.0,0.5758527630991435,0.0,0.5758527630991435,80,40,32.0,True,0.07926465721550813,0.5758527630991435,computed_reduced_circuit_not_author_reproduction
1034,2.0,paired,B,carry_trace,002f849846775175835ed1ea,0036d300256c76a4f5896c9a67c09337f62afc17d020e7827ddb9cdd844e3729,bfe7f924bd02afa37b311d6b3fbb2b8050876743ad6732d93c9668141214477d,318.00000000001364,320.00000000001364,0.0,0.5914012511853836,0.050295876518221205,0.5411053746671624,80,40,32.0,True,0.07137954778050815,0.5914012511853836,computed_reduced_circuit_not_author_reproduction
1034,2.0,paired,B,trace_reset_ablation,25b3bfc3cd506b30fa680191,0036d300256c76a4f5896c9a67c09337f62afc17d020e7827ddb9cdd844e3729,b4b6a688c31b328ec0a2e0da9acbff1dd42c78ecffdd64bc4870fa69af19ab93,318.00000000001364,320.00000000001364,0.0,0.584617849363999,0.0,0.584617849363999,80,40,32.0,True,0.06877683487369146,0.584617849363999,computed_reduced_circuit_not_author_reproduction
1034,2.0,explicitly_unpaired,A,carry_trace,c6b3b98670f7ec2e8485158b,0036d300256c76a4f5896c9a67c09337f62afc17d020e7827ddb9cdd844e3729,0036d300256c76a4f5896c9a67c09337f62afc17d020e7827ddb9cdd844e3729,318.00000000001353,320.00000000001353,0.0,0.0,0.0,0.0,80,40,32.0,False,0.0,0.0,computed_reduced_circuit_not_author_reproduction
1034,2.0,explicitly_unpaired,A,trace_reset_ablation,4ce2dc162798cef87a38b0d8,0036d300256c76a4f5896c9a67c09337f62afc17d020e7827ddb9cdd844e3729,0036d300256c76a4f5896c9a67c09337f62afc17d020e7827ddb9cdd844e3729,318.00000000001353,320.00000000001353,0.0,0.0,0.0,0.0,80,40,32.0,False,0.0,0.0,computed_reduced_circuit_not_author_reproduction
1034,2.0,explicitly_unpaired,B,carry_trace,15d4fbfdad506e1ce859a73c,0036d300256c76a4f5896c9a67c09337f62afc17d020e7827ddb9cdd844e3729,0036d300256c76a4f5896c9a67c09337f62afc17d020e7827ddb9cdd844e3729,318.00000000001353,320.00000000001353,0.0,0.0,0.0,0.0,80,40,32.0,False,0.0,0.0,computed_reduced_circuit_not_author_reproduction
1034,2.0,explicitly_unpaired,B,trace_reset_ablation,b6c661a70b034b634582d4d7,0036d300256c76a4f5896c9a67c09337f62afc17d020e7827ddb9cdd844e3729,0036d300256c76a4f5896c9a67c09337f62afc17d020e7827ddb9cdd844e3729,318.00000000001353,320.00000000001353,0.0,0.0,0.0,0.0,80,40,32.0,False,0.0,0.0,computed_reduced_circuit_not_author_reproduction
1034,2.0,no_reward,A,carry_trace,244c3e7a207745230dac263d,0036d300256c76a4f5896c9a67c09337f62afc17d020e7827ddb9cdd844e3729,0036d300256c76a4f5896c9a67c09337f62afc17d020e7827ddb9cdd844e3729,318.00000000001364,320.00000000001364,0.0,0.0,0.0,0.0,80,0,0.0,False,0.0,0.0,computed_reduced_circuit_not_author_reproduction
1034,2.0,no_reward,A,trace_reset_ablation,1fc1c834ffe2ce5fda83db46,0036d300256c76a4f5896c9a67c09337f62afc17d020e7827ddb9cdd844e3729,0036d300256c76a4f5896c9a67c09337f62afc17d020e7827ddb9cdd844e3729,318.00000000001364,320.00000000001364,0.0,0.0,0.0,0.0,80,0,0.0,False,0.0,0.0,computed_reduced_circuit_not_author_reproduction
1034,2.0,no_reward,B,carry_trace,2af59a6751fa85f4db4d884f,0036d300256c76a4f5896c9a67c09337f62afc17d020e7827ddb9cdd844e3729,0036d300256c76a4f5896c9a67c09337f62afc17d020e7827ddb9cdd844e3729,318.00000000001364,320.00000000001364,0.0,0.0,0.0,0.0,80,0,0.0,False,0.0,0.0,computed_reduced_circuit_not_author_reproduction
1034,2.0,no_reward,B,trace_reset_ablation,0eef39bbf18bb96c94062a67,0036d300256c76a4f5896c9a67c09337f62afc17d020e7827ddb9cdd844e3729,0036d300256c76a4f5896c9a67c09337f62afc17d020e7827ddb9cdd844e3729,318.00000000001364,320.00000000001364,0.0,0.0,0.0,0.0,80,0,0.0,False,0.0,0.0,computed_reduced_circuit_not_author_reproduction
1034,2.0,plasticity_disabled,A,carry_trace,0b753e77539a6278fc77e20d,0036d300256c76a4f5896c9a67c09337f62afc17d020e7827ddb9cdd844e3729,0036d300256c76a4f5896c9a67c09337f62afc17d020e7827ddb9cdd844e3729,318.00000000001364,320.00000000001364,0.0,0.0,0.0,0.0,80,40,32.0,False,0.0,0.0,computed_reduced_circuit_not_author_reproduction
1034,2.0,plasticity_disabled,A,trace_reset_ablation,be20ed4deef8d1d1f032575f,0036d300256c76a4f5896c9a67c09337f62afc17d020e7827ddb9cdd844e3729,0036d300256c76a4f5896c9a67c09337f62afc17d020e7827ddb9cdd844e3729,318.00000000001364,320.00000000001364,0.0,0.0,0.0,0.0,80,40,32.0,False,0.0,0.0,computed_reduced_circuit_not_author_reproduction
1034,2.0,plasticity_disabled,B,carry_trace,5408df1de68bcf6e0ba86e44,0036d300256c76a4f5896c9a67c09337f62afc17d020e7827ddb9cdd844e3729,0036d300256c76a4f5896c9a67c09337f62afc17d020e7827ddb9cdd844e3729,318.00000000001364,320.00000000001364,0.0,0.0,0.0,0.0,80,40,32.0,False,0.0,0.0,computed_reduced_circuit_not_author_reproduction
1034,2.0,plasticity_disabled,B,trace_reset_ablation,8acc4b8a45328baf12810e71,0036d300256c76a4f5896c9a67c09337f62afc17d020e7827ddb9cdd844e3729,0036d300256c76a4f5896c9a67c09337f62afc17d020e7827ddb9cdd844e3729,318.00000000001364,320.00000000001364,0.0,0.0,0.0,0.0,80,40,32.0,False,0.0,0.0,computed_reduced_circuit_not_author_reproduction
1034,10.0,paired,A,carry_trace,9712bf1ffbe4a9dd1fbc0444,0036d300256c76a4f5896c9a67c09337f62afc17d020e7827ddb9cdd844e3729,5352ae4996a4ac68f7ac4e224cfaabedd78da1c1b5c0c667f6412bdf15f61117,949.9999999999714,951.9999999999714,0.0,0.5760865822623905,0.000979964461603311,0.5751066178007872,80,40,32.0,True,0.07931120116391133,0.5760865822623905,computed_reduced_circuit_not_author_reproduction
1034,10.0,paired,A,trace_reset_ablation,ac84cb52f91bfb5e8dcbff22,0036d300256c76a4f5896c9a67c09337f62afc17d020e7827ddb9cdd844e3729,ea53a32654386fe421e32457fd026fd04c2bb047f19d886dc4e397203cee2b18,949.9999999999714,951.9999999999714,0.0,0.5758527630991435,0.0,0.5758527630991435,80,40,32.0,True,0.07926465721550813,0.5758527630991435,computed_reduced_circuit_not_author_reproduction
1034,10.0,paired,B,carry_trace,a0c2f2ee5d86708ea45cf1cb,0036d300256c76a4f5896c9a67c09337f62afc17d020e7827ddb9cdd844e3729,6afe0b47998ee8719a0cbda818cd4b8616a9ec513b31f8f0f9af5d5378cdb6e7,949.9999999999714,951.9999999999714,0.0,0.5848394977259697,0.0008448184173838191,0.5839946793085858,80,40,32.0,True,0.06881473244690195,0.5848394977259697,computed_reduced_circuit_not_author_reproduction
1034,10.0,paired,B,trace_reset_ablation,78fb52bb5abbfd8f1428316b,0036d300256c76a4f5896c9a67c09337f62afc17d020e7827ddb9cdd844e3729,b4b6a688c31b328ec0a2e0da9acbff1dd42c78ecffdd64bc4870fa69af19ab93,949.9999999999714,951.9999999999714,0.0,0.584617849363999,0.0,0.584617849363999,80,40,32.0,True,0.06877683487369146,0.584617849363999,computed_reduced_circuit_not_author_reproduction
1034,10.0,explicitly_unpaired,A,carry_trace,c4affb5bae6fc46ba12d1a13,0036d300256c76a4f5896c9a67c09337f62afc17d020e7827ddb9cdd844e3729,0036d300256c76a4f5896c9a67c09337f62afc17d020e7827ddb9cdd844e3729,949.9999999999711,951.9999999999711,0.0,0.0,0.0,0.0,80,40,32.0,False,0.0,0.0,computed_reduced_circuit_not_author_reproduction
1034,10.0,explicitly_unpaired,A,trace_reset_ablation,597054ffe95b7aa85426818a,0036d300256c76a4f5896c9a67c09337f62afc17d020e7827ddb9cdd844e3729,0036d300256c76a4f5896c9a67c09337f62afc17d020e7827ddb9cdd844e3729,949.9999999999711,951.9999999999711,0.0,0.0,0.0,0.0,80,40,32.0,False,0.0,0.0,computed_reduced_circuit_not_author_reproduction
1034,10.0,explicitly_unpaired,B,carry_trace,17b94d823af3772b4449123b,0036d300256c76a4f5896c9a67c09337f62afc17d020e7827ddb9cdd844e3729,0036d300256c76a4f5896c9a67c09337f62afc17d020e7827ddb9cdd844e3729,949.9999999999711,951.9999999999711,0.0,0.0,0.0,0.0,80,40,32.0,False,0.0,0.0,computed_reduced_circuit_not_author_reproduction
1034,10.0,explicitly_unpaired,B,trace_reset_ablation,ac54c447dbe49875353ed916,0036d300256c76a4f5896c9a67c09337f62afc17d020e7827ddb9cdd844e3729,0036d300256c76a4f5896c9a67c09337f62afc17d020e7827ddb9cdd844e3729,949.9999999999711,951.9999999999711,0.0,0.0,0.0,0.0,80,40,32.0,False,0.0,0.0,computed_reduced_circuit_not_author_reproduction
1034,10.0,no_reward,A,carry_trace,53700261abedc2a66c30a997,0036d300256c76a4f5896c9a67c09337f62afc17d020e7827ddb9cdd844e3729,0036d300256c76a4f5896c9a67c09337f62afc17d020e7827ddb9cdd844e3729,949.9999999999714,951.9999999999714,0.0,0.0,0.0,0.0,80,0,0.0,False,0.0,0.0,computed_reduced_circuit_not_author_reproduction
1034,10.0,no_reward,A,trace_reset_ablation,ba8eae8c0add0393a9cb58d4,0036d300256c76a4f5896c9a67c09337f62afc17d020e7827ddb9cdd844e3729,0036d300256c76a4f5896c9a67c09337f62afc17d020e7827ddb9cdd844e3729,949.9999999999714,951.9999999999714,0.0,0.0,0.0,0.0,80,0,0.0,False,0.0,0.0,computed_reduced_circuit_not_author_reproduction
1034,10.0,no_reward,B,carry_trace,09a2a9dd6cdfe04fd4422a7d,0036d300256c76a4f5896c9a67c09337f62afc17d020e7827ddb9cdd844e3729,0036d300256c76a4f5896c9a67c09337f62afc17d020e7827ddb9cdd844e3729,949.9999999999714,951.9999999999714,0.0,0.0,0.0,0.0,80,0,0.0,False,0.0,0.0,computed_reduced_circuit_not_author_reproduction
1034,10.0,no_reward,B,trace_reset_ablation,04488cb85720b7ed2cad4433,0036d300256c76a4f5896c9a67c09337f62afc17d020e7827ddb9cdd844e3729,0036d300256c76a4f5896c9a67c09337f62afc17d020e7827ddb9cdd844e3729,949.9999999999714,951.9999999999714,0.0,0.0,0.0,0.0,80,0,0.0,False,0.0,0.0,computed_reduced_circuit_not_author_reproduction
1034,10.0,plasticity_disabled,A,carry_trace,1035242633ae60cd37f875e2,0036d300256c76a4f5896c9a67c09337f62afc17d020e7827ddb9cdd844e3729,0036d300256c76a4f5896c9a67c09337f62afc17d020e7827ddb9cdd844e3729,949.9999999999714,951.9999999999714,0.0,0.0,0.0,0.0,80,40,32.0,False,0.0,0.0,computed_reduced_circuit_not_author_reproduction
1034,10.0,plasticity_disabled,A,trace_reset_ablation,3bd7e64a9446a3c2246b0672,0036d300256c76a4f5896c9a67c09337f62afc17d020e7827ddb9cdd844e3729,0036d300256c76a4f5896c9a67c09337f62afc17d020e7827ddb9cdd844e3729,949.9999999999714,951.9999999999714,0.0,0.0,0.0,0.0,80,40,32.0,False,0.0,0.0,computed_reduced_circuit_not_author_reproduction
1034,10.0,plasticity_disabled,B,carry_trace,6a4de736bdff550c2b5f837a,0036d300256c76a4f5896c9a67c09337f62afc17d020e7827ddb9cdd844e3729,0036d300256c76a4f5896c9a67c09337f62afc17d020e7827ddb9cdd844e3729,949.9999999999714,951.9999999999714,0.0,0.0,0.0,0.0,80,40,32.0,False,0.0,0.0,computed_reduced_circuit_not_author_reproduction
1034,10.0,plasticity_disabled,B,trace_reset_ablation,9c563246b6477c09a74b7cd3,0036d300256c76a4f5896c9a67c09337f62afc17d020e7827ddb9cdd844e3729,0036d300256c76a4f5896c9a67c09337f62afc17d020e7827ddb9cdd844e3729,949.9999999999714,951.9999999999714,0.0,0.0,0.0,0.0,80,40,32.0,False,0.0,0.0,computed_reduced_circuit_not_author_reproduction
1034,40.0,paired,A,carry_trace,a64977429d3301b09c867d40,0036d300256c76a4f5896c9a67c09337f62afc17d020e7827ddb9cdd844e3729,e1e73dc4743de3b9900ec01bd84da270b715bec39dc6cc6dae48fc5746f3ab61,3320.0000000000846,3322.0000000000846,0.0,0.5758527631711574,2.995406145345214e-10,0.5758527628716168,80,40,32.0,True,0.07926465722970844,0.5758527631711574,computed_reduced_circuit_not_author_reproduction
1034,40.0,paired,A,trace_reset_ablation,d269739e4de046eec7949c14,0036d300256c76a4f5896c9a67c09337f62afc17d020e7827ddb9cdd844e3729,ea53a32654386fe421e32457fd026fd04c2bb047f19d886dc4e397203cee2b18,3320.0000000000846,3322.0000000000846,0.0,0.5758527630991435,0.0,0.5758527630991435,80,40,32.0,True,0.07926465721550813,0.5758527630991435,computed_reduced_circuit_not_author_reproduction
1034,40.0,paired,B,carry_trace,0c1ba3436198226dc5a0a90f,0036d300256c76a4f5896c9a67c09337f62afc17d020e7827ddb9cdd844e3729,d9da117b8c5f3d3163d238fe268c8e521309543a859b0982808ec2e61cbf44a3,3320.0000000000846,3322.0000000000846,0.0,0.5846178494323266,2.581481695074217e-10,0.5846178491741785,80,40,32.0,True,0.06877683488525199,0.5846178494323266,computed_reduced_circuit_not_author_reproduction
1034,40.0,paired,B,trace_reset_ablation,8b2b93ae21c4681fd7a3abae,0036d300256c76a4f5896c9a67c09337f62afc17d020e7827ddb9cdd844e3729,b4b6a688c31b328ec0a2e0da9acbff1dd42c78ecffdd64bc4870fa69af19ab93,3320.0000000000846,3322.0000000000846,0.0,0.584617849363999,0.0,0.584617849363999,80,40,32.0,True,0.06877683487369146,0.584617849363999,computed_reduced_circuit_not_author_reproduction
1034,40.0,explicitly_unpaired,A,carry_trace,adb9ce482626bd85ab372c1c,0036d300256c76a4f5896c9a67c09337f62afc17d020e7827ddb9cdd844e3729,0036d300256c76a4f5896c9a67c09337f62afc17d020e7827ddb9cdd844e3729,3320.0000000000846,3322.0000000000846,0.0,0.0,0.0,0.0,80,40,32.0,False,0.0,0.0,computed_reduced_circuit_not_author_reproduction
1034,40.0,explicitly_unpaired,A,trace_reset_ablation,b996ff7b19c043f12b0f70e7,0036d300256c76a4f5896c9a67c09337f62afc17d020e7827ddb9cdd844e3729,0036d300256c76a4f5896c9a67c09337f62afc17d020e7827ddb9cdd844e3729,3320.0000000000846,3322.0000000000846,0.0,0.0,0.0,0.0,80,40,32.0,False,0.0,0.0,computed_reduced_circuit_not_author_reproduction
1034,40.0,explicitly_unpaired,B,carry_trace,bfd856a7266705d2dcc629c3,0036d300256c76a4f5896c9a67c09337f62afc17d020e7827ddb9cdd844e3729,0036d300256c76a4f5896c9a67c09337f62afc17d020e7827ddb9cdd844e3729,3320.0000000000846,3322.0000000000846,0.0,0.0,0.0,0.0,80,40,32.0,False,0.0,0.0,computed_reduced_circuit_not_author_reproduction
1034,40.0,explicitly_unpaired,B,trace_reset_ablation,8688639f08301dd40511c1f8,0036d300256c76a4f5896c9a67c09337f62afc17d020e7827ddb9cdd844e3729,0036d300256c76a4f5896c9a67c09337f62afc17d020e7827ddb9cdd844e3729,3320.0000000000846,3322.0000000000846,0.0,0.0,0.0,0.0,80,40,32.0,False,0.0,0.0,computed_reduced_circuit_not_author_reproduction
1034,40.0,no_reward,A,carry_trace,44cbeb726302f73d5864625e,0036d300256c76a4f5896c9a67c09337f62afc17d020e7827ddb9cdd844e3729,0036d300256c76a4f5896c9a67c09337f62afc17d020e7827ddb9cdd844e3729,3320.0000000000846,3322.0000000000846,0.0,0.0,0.0,0.0,80,0,0.0,False,0.0,0.0,computed_reduced_circuit_not_author_reproduction
1034,40.0,no_reward,A,trace_reset_ablation,4931412e0cc3e0e737286864,0036d300256c76a4f5896c9a67c09337f62afc17d020e7827ddb9cdd844e3729,0036d300256c76a4f5896c9a67c09337f62afc17d020e7827ddb9cdd844e3729,3320.0000000000846,3322.0000000000846,0.0,0.0,0.0,0.0,80,0,0.0,False,0.0,0.0,computed_reduced_circuit_not_author_reproduction
1034,40.0,no_reward,B,carry_trace,02dc6078526b9be0bb637f35,0036d300256c76a4f5896c9a67c09337f62afc17d020e7827ddb9cdd844e3729,0036d300256c76a4f5896c9a67c09337f62afc17d020e7827ddb9cdd844e3729,3320.0000000000846,3322.0000000000846,0.0,0.0,0.0,0.0,80,0,0.0,False,0.0,0.0,computed_reduced_circuit_not_author_reproduction
1034,40.0,no_reward,B,trace_reset_ablation,193052e9828a8f7495cd97ff,0036d300256c76a4f5896c9a67c09337f62afc17d020e7827ddb9cdd844e3729,0036d300256c76a4f5896c9a67c09337f62afc17d020e7827ddb9cdd844e3729,3320.0000000000846,3322.0000000000846,0.0,0.0,0.0,0.0,80,0,0.0,False,0.0,0.0,computed_reduced_circuit_not_author_reproduction
1034,40.0,plasticity_disabled,A,carry_trace,3fa2242241ccf83cb2564b4d,0036d300256c76a4f5896c9a67c09337f62afc17d020e7827ddb9cdd844e3729,0036d300256c76a4f5896c9a67c09337f62afc17d020e7827ddb9cdd844e3729,3320.0000000000846,3322.0000000000846,0.0,0.0,0.0,0.0,80,40,32.0,False,0.0,0.0,computed_reduced_circuit_not_author_reproduction
1034,40.0,plasticity_disabled,A,trace_reset_ablation,4960f3cc1faa716d01e969ba,0036d300256c76a4f5896c9a67c09337f62afc17d020e7827ddb9cdd844e3729,0036d300256c76a4f5896c9a67c09337f62afc17d020e7827ddb9cdd844e3729,3320.0000000000846,3322.0000000000846,0.0,0.0,0.0,0.0,80,40,32.0,False,0.0,0.0,computed_reduced_circuit_not_author_reproduction
1034,40.0,plasticity_disabled,B,carry_trace,3c0582a01c0f61d7eea6e663,0036d300256c76a4f5896c9a67c09337f62afc17d020e7827ddb9cdd844e3729,0036d300256c76a4f5896c9a67c09337f62afc17d020e7827ddb9cdd844e3729,3320.0000000000846,3322.0000000000846,0.0,0.0,0.0,0.0,80,40,32.0,False,0.0,0.0,computed_reduced_circuit_not_author_reproduction
1034,40.0,plasticity_disabled,B,trace_reset_ablation,26cd242c9c0d588c2ef58180,0036d300256c76a4f5896c9a67c09337f62afc17d020e7827ddb9cdd844e3729,0036d300256c76a4f5896c9a67c09337f62afc17d020e7827ddb9cdd844e3729,3320.0000000000846,3322.0000000000846,0.0,0.0,0.0,0.0,80,40,32.0,False,0.0,0.0,computed_reduced_circuit_not_author_reproduction
1035,2.0,paired,A,carry_trace,f2269bc2a2e470de13392e4d,0036d300256c76a4f5896c9a67c09337f62afc17d020e7827ddb9cdd844e3729,88054dd04441364ba265cf288cadb8f080792bd496044d7029c0d6853df3f04a,318.00000000001364,320.00000000001364,0.0,0.5909081410652204,0.05183029153797214,0.5390778495272482,80,40,32.0,True,0.07838396704818662,0.5909081410652204,computed_reduced_circuit_not_author_reproduction
1035,2.0,paired,A,trace_reset_ablation,f291497ef8c907310579b094,0036d300256c76a4f5896c9a67c09337f62afc17d020e7827ddb9cdd844e3729,5923b77467b9eda14b399b1b8403877a3e55de05f301b149d3ff05cf09754fd1,318.00000000001364,320.00000000001364,0.0,0.5825924098991919,0.0,0.5825924098991919,80,40,32.0,True,0.07510614520027359,0.5825924098991919,computed_reduced_circuit_not_author_reproduction
1035,2.0,paired,B,carry_trace,129d4729cd9d190eb68ad504,0036d300256c76a4f5896c9a67c09337f62afc17d020e7827ddb9cdd844e3729,e079d1320c3f4f803afe0465c74107534c7a5d27b7388e111091c4f01d62080b,318.00000000001364,320.00000000001364,0.0,0.5889073922988348,0.058080123382997506,0.5308272689158373,80,40,32.0,True,0.08538870744641419,0.5889073922988348,computed_reduced_circuit_not_author_reproduction
1035,2.0,paired,B,trace_reset_ablation,1742ecfb54f4e18790c65b43,0036d300256c76a4f5896c9a67c09337f62afc17d020e7827ddb9cdd844e3729,184aacdc5a085de136ea50172dab4aa435ef914e6d478608925bd57f724efe7c,318.00000000001364,320.00000000001364,0.0,0.5789380660602921,0.0,0.5789380660602921,80,40,32.0,True,0.08143691169899903,0.5789380660602921,computed_reduced_circuit_not_author_reproduction
1035,2.0,explicitly_unpaired,A,carry_trace,86d50cd6719880ef85ad6406,0036d300256c76a4f5896c9a67c09337f62afc17d020e7827ddb9cdd844e3729,0036d300256c76a4f5896c9a67c09337f62afc17d020e7827ddb9cdd844e3729,318.00000000001353,320.00000000001353,0.0,0.0,0.0,0.0,80,40,32.0,False,0.0,0.0,computed_reduced_circuit_not_author_reproduction
1035,2.0,explicitly_unpaired,A,trace_reset_ablation,1769ac9f931b6863d5f65842,0036d300256c76a4f5896c9a67c09337f62afc17d020e7827ddb9cdd844e3729,0036d300256c76a4f5896c9a67c09337f62afc17d020e7827ddb9cdd844e3729,318.00000000001353,320.00000000001353,0.0,0.0,0.0,0.0,80,40,32.0,False,0.0,0.0,computed_reduced_circuit_not_author_reproduction
1035,2.0,explicitly_unpaired,B,carry_trace,e2a9c50e401ccde0ce53d898,0036d300256c76a4f5896c9a67c09337f62afc17d020e7827ddb9cdd844e3729,0036d300256c76a4f5896c9a67c09337f62afc17d020e7827ddb9cdd844e3729,318.00000000001353,320.00000000001353,0.0,0.0,0.0,0.0,80,40,32.0,False,0.0,0.0,computed_reduced_circuit_not_author_reproduction
1035,2.0,explicitly_unpaired,B,trace_reset_ablation,7acfa2faac84aa473351d771,0036d300256c76a4f5896c9a67c09337f62afc17d020e7827ddb9cdd844e3729,0036d300256c76a4f5896c9a67c09337f62afc17d020e7827ddb9cdd844e3729,318.00000000001353,320.00000000001353,0.0,0.0,0.0,0.0,80,40,32.0,False,0.0,0.0,computed_reduced_circuit_not_author_reproduction
1035,2.0,no_reward,A,carry_trace,75a7d1e73d2dad4b83b2b468,0036d300256c76a4f5896c9a67c09337f62afc17d020e7827ddb9cdd844e3729,0036d300256c76a4f5896c9a67c09337f62afc17d020e7827ddb9cdd844e3729,318.00000000001364,320.00000000001364,0.0,0.0,0.0,0.0,80,0,0.0,False,0.0,0.0,computed_reduced_circuit_not_author_reproduction
1035,2.0,no_reward,A,trace_reset_ablation,e5d6184a872147487d143141,0036d300256c76a4f5896c9a67c09337f62afc17d020e7827ddb9cdd844e3729,0036d300256c76a4f5896c9a67c09337f62afc17d020e7827ddb9cdd844e3729,318.00000000001364,320.00000000001364,0.0,0.0,0.0,0.0,80,0,0.0,False,0.0,0.0,computed_reduced_circuit_not_author_reproduction
1035,2.0,no_reward,B,carry_trace,013534aa106d0d833b1db754,0036d300256c76a4f5896c9a67c09337f62afc17d020e7827ddb9cdd844e3729,0036d300256c76a4f5896c9a67c09337f62afc17d020e7827ddb9cdd844e3729,318.00000000001364,320.00000000001364,0.0,0.0,0.0,0.0,80,0,0.0,False,0.0,0.0,computed_reduced_circuit_not_author_reproduction
1035,2.0,no_reward,B,trace_reset_ablation,820c9ac95d0ef8b43c28a52f,0036d300256c76a4f5896c9a67c09337f62afc17d020e7827ddb9cdd844e3729,0036d300256c76a4f5896c9a67c09337f62afc17d020e7827ddb9cdd844e3729,318.00000000001364,320.00000000001364,0.0,0.0,0.0,0.0,80,0,0.0,False,0.0,0.0,computed_reduced_circuit_not_author_reproduction
1035,2.0,plasticity_disabled,A,carry_trace,0f610beabdaac4f0962ef878,0036d300256c76a4f5896c9a67c09337f62afc17d020e7827ddb9cdd844e3729,0036d300256c76a4f5896c9a67c09337f62afc17d020e7827ddb9cdd844e3729,318.00000000001364,320.00000000001364,0.0,0.0,0.0,0.0,80,40,32.0,False,0.0,0.0,computed_reduced_circuit_not_author_reproduction
1035,2.0,plasticity_disabled,A,trace_reset_ablation,afdf8155d3c2f018d716d968,0036d300256c76a4f5896c9a67c09337f62afc17d020e7827ddb9cdd844e3729,0036d300256c76a4f5896c9a67c09337f62afc17d020e7827ddb9cdd844e3729,318.00000000001364,320.00000000001364,0.0,0.0,0.0,0.0,80,40,32.0,False,0.0,0.0,computed_reduced_circuit_not_author_reproduction
1035,2.0,plasticity_disabled,B,carry_trace,7ac2c133491dd1498c0a9f30,0036d300256c76a4f5896c9a67c09337f62afc17d020e7827ddb9cdd844e3729,0036d300256c76a4f5896c9a67c09337f62afc17d020e7827ddb9cdd844e3729,318.00000000001364,320.00000000001364,0.0,0.0,0.0,0.0,80,40,32.0,False,0.0,0.0,computed_reduced_circuit_not_author_reproduction
1035,2.0,plasticity_disabled,B,trace_reset_ablation,f03ed72e9dadfc69ee10dbee,0036d300256c76a4f5896c9a67c09337f62afc17d020e7827ddb9cdd844e3729,0036d300256c76a4f5896c9a67c09337f62afc17d020e7827ddb9cdd844e3729,318.00000000001364,320.00000000001364,0.0,0.0,0.0,0.0,80,40,32.0,False,0.0,0.0,computed_reduced_circuit_not_author_reproduction
1035,10.0,paired,A,carry_trace,b102a405d3c3d9f2f82e9d5c,0036d300256c76a4f5896c9a67c09337f62afc17d020e7827ddb9cdd844e3729,601c63aa5f039372edcdb2bfa4d349cce1ba5882de7c9d705f720334d09d90d6,949.9999999999714,951.9999999999714,0.0,0.5828436485138607,0.0008680451384531773,0.5819756033754075,80,40,32.0,True,0.07515320220188548,0.5828436485138607,computed_reduced_circuit_not_author_reproduction
1035,10.0,paired,A,trace_reset_ablation,c830acc8913ccb57e6ba2564,0036d300256c76a4f5896c9a67c09337f62afc17d020e7827ddb9cdd844e3729,5923b77467b9eda14b399b1b8403877a3e55de05f301b149d3ff05cf09754fd1,949.9999999999714,951.9999999999714,0.0,0.5825924098991919,0.0,0.5825924098991919,80,40,32.0,True,0.07510614520027359,0.5825924098991919,computed_reduced_circuit_not_author_reproduction
1035,10.0,paired,B,carry_trace,2bbcaa4e4d9b171aa6421867,0036d300256c76a4f5896c9a67c09337f62afc17d020e7827ddb9cdd844e3729,b6c3ccf1cf8b688487a0b8a1dc5e2849ba6e2d457917b701dbca1a450021e481,949.9999999999714,951.9999999999714,0.0,0.5792069611270587,0.0009833734806823369,0.5782235876463764,80,40,32.0,True,0.08149175262627495,0.5792069611270587,computed_reduced_circuit_not_author_reproduction
1035,10.0,paired,B,trace_reset_ablation,1abb5c2b938d45debdaa18f1,0036d300256c76a4f5896c9a67c09337f62afc17d020e7827ddb9cdd844e3729,184aacdc5a085de136ea50172dab4aa435ef914e6d478608925bd57f724efe7c,949.9999999999714,951.9999999999714,0.0,0.5789380660602921,0.0,0.5789380660602921,80,40,32.0,True,0.08143691169899903,0.5789380660602921,computed_reduced_circuit_not_author_reproduction
1035,10.0,explicitly_unpaired,A,carry_trace,6539f805d5d2decab09c5ff3,0036d300256c76a4f5896c9a67c09337f62afc17d020e7827ddb9cdd844e3729,0036d300256c76a4f5896c9a67c09337f62afc17d020e7827ddb9cdd844e3729,949.9999999999711,951.9999999999711,0.0,0.0,0.0,0.0,80,40,32.0,False,0.0,0.0,computed_reduced_circuit_not_author_reproduction
1035,10.0,explicitly_unpaired,A,trace_reset_ablation,42a40893712bb996319ac241,0036d300256c76a4f5896c9a67c09337f62afc17d020e7827ddb9cdd844e3729,0036d300256c76a4f5896c9a67c09337f62afc17d020e7827ddb9cdd844e3729,949.9999999999711,951.9999999999711,0.0,0.0,0.0,0.0,80,40,32.0,False,0.0,0.0,computed_reduced_circuit_not_author_reproduction
1035,10.0,explicitly_unpaired,B,carry_trace,158e6a0dae788b64b203eaad,0036d300256c76a4f5896c9a67c09337f62afc17d020e7827ddb9cdd844e3729,0036d300256c76a4f5896c9a67c09337f62afc17d020e7827ddb9cdd844e3729,949.9999999999711,951.9999999999711,0.0,0.0,0.0,0.0,80,40,32.0,False,0.0,0.0,computed_reduced_circuit_not_author_reproduction
1035,10.0,explicitly_unpaired,B,trace_reset_ablation,b6c76c05bbf4a963e58a378f,0036d300256c76a4f5896c9a67c09337f62afc17d020e7827ddb9cdd844e3729,0036d300256c76a4f5896c9a67c09337f62afc17d020e7827ddb9cdd844e3729,949.9999999999711,951.9999999999711,0.0,0.0,0.0,0.0,80,40,32.0,False,0.0,0.0,computed_reduced_circuit_not_author_reproduction
1035,10.0,no_reward,A,carry_trace,d967020fa5efc6fc4f264e4e,0036d300256c76a4f5896c9a67c09337f62afc17d020e7827ddb9cdd844e3729,0036d300256c76a4f5896c9a67c09337f62afc17d020e7827ddb9cdd844e3729,949.9999999999714,951.9999999999714,0.0,0.0,0.0,0.0,80,0,0.0,False,0.0,0.0,computed_reduced_circuit_not_author_reproduction
1035,10.0,no_reward,A,trace_reset_ablation,207cfafdb33d9e910dd3b54f,0036d300256c76a4f5896c9a67c09337f62afc17d020e7827ddb9cdd844e3729,0036d300256c76a4f5896c9a67c09337f62afc17d020e7827ddb9cdd844e3729,949.9999999999714,951.9999999999714,0.0,0.0,0.0,0.0,80,0,0.0,False,0.0,0.0,computed_reduced_circuit_not_author_reproduction
1035,10.0,no_reward,B,carry_trace,15acc5a8fa25f37d152d344c,0036d300256c76a4f5896c9a67c09337f62afc17d020e7827ddb9cdd844e3729,0036d300256c76a4f5896c9a67c09337f62afc17d020e7827ddb9cdd844e3729,949.9999999999714,951.9999999999714,0.0,0.0,0.0,0.0,80,0,0.0,False,0.0,0.0,computed_reduced_circuit_not_author_reproduction
1035,10.0,no_reward,B,trace_reset_ablation,a12eba7c92ca1d5e80eb07a5,0036d300256c76a4f5896c9a67c09337f62afc17d020e7827ddb9cdd844e3729,0036d300256c76a4f5896c9a67c09337f62afc17d020e7827ddb9cdd844e3729,949.9999999999714,951.9999999999714,0.0,0.0,0.0,0.0,80,0,0.0,False,0.0,0.0,computed_reduced_circuit_not_author_reproduction
1035,10.0,plasticity_disabled,A,carry_trace,b26cbc094fd049a716774f59,0036d300256c76a4f5896c9a67c09337f62afc17d020e7827ddb9cdd844e3729,0036d300256c76a4f5896c9a67c09337f62afc17d020e7827ddb9cdd844e3729,949.9999999999714,951.9999999999714,0.0,0.0,0.0,0.0,80,40,32.0,False,0.0,0.0,computed_reduced_circuit_not_author_reproduction
1035,10.0,plasticity_disabled,A,trace_reset_ablation,4465d4ebfaef4f04613f454b,0036d300256c76a4f5896c9a67c09337f62afc17d020e7827ddb9cdd844e3729,0036d300256c76a4f5896c9a67c09337f62afc17d020e7827ddb9cdd844e3729,949.9999999999714,951.9999999999714,0.0,0.0,0.0,0.0,80,40,32.0,False,0.0,0.0,computed_reduced_circuit_not_author_reproduction
1035,10.0,plasticity_disabled,B,carry_trace,bb32db71683434eb6ef655ec,0036d300256c76a4f5896c9a67c09337f62afc17d020e7827ddb9cdd844e3729,0036d300256c76a4f5896c9a67c09337f62afc17d020e7827ddb9cdd844e3729,949.9999999999714,951.9999999999714,0.0,0.0,0.0,0.0,80,40,32.0,False,0.0,0.0,computed_reduced_circuit_not_author_reproduction
1035,10.0,plasticity_disabled,B,trace_reset_ablation,1903229235dfa78d3eed125c,0036d300256c76a4f5896c9a67c09337f62afc17d020e7827ddb9cdd844e3729,0036d300256c76a4f5896c9a67c09337f62afc17d020e7827ddb9cdd844e3729,949.9999999999714,951.9999999999714,0.0,0.0,0.0,0.0,80,40,32.0,False,0.0,0.0,computed_reduced_circuit_not_author_reproduction
1035,40.0,paired,A,carry_trace,a93a9ec48772680958770371,0036d300256c76a4f5896c9a67c09337f62afc17d020e7827ddb9cdd844e3729,75ed01a6e37dbfdbbdb7616f6e3d2f0c37ce99d6ae5c0d52f935c2838df9711b,3320.0000000000846,3322.0000000000846,0.0,0.5825924099765764,2.652387198764927e-10,0.5825924097113376,80,40,32.0,True,0.07510614521461711,0.5825924099765764,computed_reduced_circuit_not_author_reproduction
1035,40.0,paired,A,trace_reset_ablation,af9f7a85a0a00eaf519b09b6,0036d300256c76a4f5896c9a67c09337f62afc17d020e7827ddb9cdd844e3729,5923b77467b9eda14b399b1b8403877a3e55de05f301b149d3ff05cf09754fd1,3320.0000000000846,3322.0000000000846,0.0,0.5825924098991919,0.0,0.5825924098991919,80,40,32.0,True,0.07510614520027359,0.5825924098991919,computed_reduced_circuit_not_author_reproduction
1035,40.0,paired,B,carry_trace,b57812b5f77fae1d79f653d4,0036d300256c76a4f5896c9a67c09337f62afc17d020e7827ddb9cdd844e3729,6be808ff8ae77b09db962c0f483b134661ac5ed89eb3dd07b53b44bc6cf6dcaa,3320.0000000000846,3322.0000000000846,0.0,0.5789380661430074,3.0055136157614015e-10,0.578938065842456,80,40,32.0,True,0.08143691171570411,0.5789380661430074,computed_reduced_circuit_not_author_reproduction
1035,40.0,paired,B,trace_reset_ablation,c81cf05303322cf6d6f4f88f,0036d300256c76a4f5896c9a67c09337f62afc17d020e7827ddb9cdd844e3729,184aacdc5a085de136ea50172dab4aa435ef914e6d478608925bd57f724efe7c,3320.0000000000846,3322.0000000000846,0.0,0.5789380660602921,0.0,0.5789380660602921,80,40,32.0,True,0.08143691169899903,0.5789380660602921,computed_reduced_circuit_not_author_reproduction
1035,40.0,explicitly_unpaired,A,carry_trace,4b9b3580c93131e747611047,0036d300256c76a4f5896c9a67c09337f62afc17d020e7827ddb9cdd844e3729,0036d300256c76a4f5896c9a67c09337f62afc17d020e7827ddb9cdd844e3729,3320.0000000000846,3322.0000000000846,0.0,0.0,0.0,0.0,80,40,32.0,False,0.0,0.0,computed_reduced_circuit_not_author_reproduction
1035,40.0,explicitly_unpaired,A,trace_reset_ablation,6de77131042b3f2a3b49ad62,0036d300256c76a4f5896c9a67c09337f62afc17d020e7827ddb9cdd844e3729,0036d300256c76a4f5896c9a67c09337f62afc17d020e7827ddb9cdd844e3729,3320.0000000000846,3322.0000000000846,0.0,0.0,0.0,0.0,80,40,32.0,False,0.0,0.0,computed_reduced_circuit_not_author_reproduction
1035,40.0,explicitly_unpaired,B,carry_trace,3659a193a46ed5546ecb6502,0036d300256c76a4f5896c9a67c09337f62afc17d020e7827ddb9cdd844e3729,0036d300256c76a4f5896c9a67c09337f62afc17d020e7827ddb9cdd844e3729,3320.0000000000846,3322.0000000000846,0.0,0.0,0.0,0.0,80,40,32.0,False,0.0,0.0,computed_reduced_circuit_not_author_reproduction
1035,40.0,explicitly_unpaired,B,trace_reset_ablation,71294f6b6ca9ab54f67644df,0036d300256c76a4f5896c9a67c09337f62afc17d020e7827ddb9cdd844e3729,0036d300256c76a4f5896c9a67c09337f62afc17d020e7827ddb9cdd844e3729,3320.0000000000846,3322.0000000000846,0.0,0.0,0.0,0.0,80,40,32.0,False,0.0,0.0,computed_reduced_circuit_not_author_reproduction
1035,40.0,no_reward,A,carry_trace,fa21419ae04e2049f02c7264,0036d300256c76a4f5896c9a67c09337f62afc17d020e7827ddb9cdd844e3729,0036d300256c76a4f5896c9a67c09337f62afc17d020e7827ddb9cdd844e3729,3320.0000000000846,3322.0000000000846,0.0,0.0,0.0,0.0,80,0,0.0,False,0.0,0.0,computed_reduced_circuit_not_author_reproduction
1035,40.0,no_reward,A,trace_reset_ablation,55bb889f735a4b3b17d9b5cc,0036d300256c76a4f5896c9a67c09337f62afc17d020e7827ddb9cdd844e3729,0036d300256c76a4f5896c9a67c09337f62afc17d020e7827ddb9cdd844e3729,3320.0000000000846,3322.0000000000846,0.0,0.0,0.0,0.0,80,0,0.0,False,0.0,0.0,computed_reduced_circuit_not_author_reproduction
1035,40.0,no_reward,B,carry_trace,0bc4ef32289a290c04f05af7,0036d300256c76a4f5896c9a67c09337f62afc17d020e7827ddb9cdd844e3729,0036d300256c76a4f5896c9a67c09337f62afc17d020e7827ddb9cdd844e3729,3320.0000000000846,3322.0000000000846,0.0,0.0,0.0,0.0,80,0,0.0,False,0.0,0.0,computed_reduced_circuit_not_author_reproduction
1035,40.0,no_reward,B,trace_reset_ablation,622f168e0fb1eb85704a7a9b,0036d300256c76a4f5896c9a67c09337f62afc17d020e7827ddb9cdd844e3729,0036d300256c76a4f5896c9a67c09337f62afc17d020e7827ddb9cdd844e3729,3320.0000000000846,3322.0000000000846,0.0,0.0,0.0,0.0,80,0,0.0,False,0.0,0.0,computed_reduced_circuit_not_author_reproduction
1035,40.0,plasticity_disabled,A,carry_trace,9b695287d2ee95603c0bc40b,0036d300256c76a4f5896c9a67c09337f62afc17d020e7827ddb9cdd844e3729,0036d300256c76a4f5896c9a67c09337f62afc17d020e7827ddb9cdd844e3729,3320.0000000000846,3322.0000000000846,0.0,0.0,0.0,0.0,80,40,32.0,False,0.0,0.0,computed_reduced_circuit_not_author_reproduction
1035,40.0,plasticity_disabled,A,trace_reset_ablation,455e5d55cddf3561567517be,0036d300256c76a4f5896c9a67c09337f62afc17d020e7827ddb9cdd844e3729,0036d300256c76a4f5896c9a67c09337f62afc17d020e7827ddb9cdd844e3729,3320.0000000000846,3322.0000000000846,0.0,0.0,0.0,0.0,80,40,32.0,False,0.0,0.0,computed_reduced_circuit_not_author_reproduction
1035,40.0,plasticity_disabled,B,carry_trace,13d995fb097e143743051904,0036d300256c76a4f5896c9a67c09337f62afc17d020e7827ddb9cdd844e3729,0036d300256c76a4f5896c9a67c09337f62afc17d020e7827ddb9cdd844e3729,3320.0000000000846,3322.0000000000846,0.0,0.0,0.0,0.0,80,40,32.0,False,0.0,0.0,computed_reduced_circuit_not_author_reproduction
1035,40.0,plasticity_disabled,B,trace_reset_ablation,11f7aaa392e74fed446c97e2,0036d300256c76a4f5896c9a67c09337f62afc17d020e7827ddb9cdd844e3729,0036d300256c76a4f5896c9a67c09337f62afc17d020e7827ddb9cdd844e3729,3320.0000000000846,3322.0000000000846,0.0,0.0,0.0,0.0,80,40,32.0,False,0.0,0.0,computed_reduced_circuit_not_author_reproduction
1036,2.0,paired,A,carry_trace,ac9c56f604c1c6bfdde3ae80,0036d300256c76a4f5896c9a67c09337f62afc17d020e7827ddb9cdd844e3729,ef100c02f15cceafb97ec5f28e582d5b719d95adf0b3de69b2bdbb7d0fcbec1b,318.00000000001364,320.00000000001364,0.0,0.5936191212648472,0.052117780020848437,0.5415013412439987,80,40,32.0,True,0.08216730118906618,0.5936191212648472,computed_reduced_circuit_not_author_reproduction
1036,2.0,paired,A,trace_reset_ablation,e95c779f40e2ce139ca4acf6,0036d300256c76a4f5896c9a67c09337f62afc17d020e7827ddb9cdd844e3729,49518da5702d7390357b81931c8abebe3ea0093c609dbff514cc67f7170a23a0,318.00000000001364,320.00000000001364,0.0,0.5846611757928701,0.0,0.5846611757928701,80,40,32.0,True,0.07881028977333393,0.5846611757928701,computed_reduced_circuit_not_author_reproduction
1036,2.0,paired,B,carry_trace,b87fa7e23e33b8373deb9a08,0036d300256c76a4f5896c9a67c09337f62afc17d020e7827ddb9cdd844e3729,3c56761d4e6ed909ce14c61232a0dbc79bcaeac4aac5114d7d3d201c512224bc,318.00000000001364,320.00000000001364,0.0,0.585792086054165,0.04952700198081583,0.5362650840733492,80,40,32.0,True,0.08494454936373669,0.585792086054165,computed_reduced_circuit_not_author_reproduction
1036,2.0,paired,B,trace_reset_ablation,023049a03eca5d19a6c577be,0036d300256c76a4f5896c9a67c09337f62afc17d020e7827ddb9cdd844e3729,a403a9d52abcb51b092a39a90fc0e19c10c8113b1806bf038ec03880a66e9eea,318.00000000001364,320.00000000001364,0.0,0.5772282213140001,0.0,0.5772282213140001,80,40,32.0,True,0.08154957965942711,0.5772282213140001,computed_reduced_circuit_not_author_reproduction
1036,2.0,explicitly_unpaired,A,carry_trace,8a7143d25432193ab70f0ae1,0036d300256c76a4f5896c9a67c09337f62afc17d020e7827ddb9cdd844e3729,0036d300256c76a4f5896c9a67c09337f62afc17d020e7827ddb9cdd844e3729,318.00000000001353,320.00000000001353,0.0,0.0,0.0,0.0,80,40,32.0,False,0.0,0.0,computed_reduced_circuit_not_author_reproduction
1036,2.0,explicitly_unpaired,A,trace_reset_ablation,b037f4ecbebb2bae0fce6cdd,0036d300256c76a4f5896c9a67c09337f62afc17d020e7827ddb9cdd844e3729,0036d300256c76a4f5896c9a67c09337f62afc17d020e7827ddb9cdd844e3729,318.00000000001353,320.00000000001353,0.0,0.0,0.0,0.0,80,40,32.0,False,0.0,0.0,computed_reduced_circuit_not_author_reproduction
1036,2.0,explicitly_unpaired,B,carry_trace,2a5d3df7e142494cf5470acc,0036d300256c76a4f5896c9a67c09337f62afc17d020e7827ddb9cdd844e3729,0036d300256c76a4f5896c9a67c09337f62afc17d020e7827ddb9cdd844e3729,318.00000000001353,320.00000000001353,0.0,0.0,0.0,0.0,80,40,32.0,False,0.0,0.0,computed_reduced_circuit_not_author_reproduction
1036,2.0,explicitly_unpaired,B,trace_reset_ablation,1d0b2b4b548dcc32f36cd60e,0036d300256c76a4f5896c9a67c09337f62afc17d020e7827ddb9cdd844e3729,0036d300256c76a4f5896c9a67c09337f62afc17d020e7827ddb9cdd844e3729,318.00000000001353,320.00000000001353,0.0,0.0,0.0,0.0,80,40,32.0,False,0.0,0.0,computed_reduced_circuit_not_author_reproduction
1036,2.0,no_reward,A,carry_trace,b7d5e2b697fec6492cd50436,0036d300256c76a4f5896c9a67c09337f62afc17d020e7827ddb9cdd844e3729,0036d300256c76a4f5896c9a67c09337f62afc17d020e7827ddb9cdd844e3729,318.00000000001364,320.00000000001364,0.0,0.0,0.0,0.0,80,0,0.0,False,0.0,0.0,computed_reduced_circuit_not_author_reproduction
1036,2.0,no_reward,A,trace_reset_ablation,f2d48f9df3363aa2dc8f81b3,0036d300256c76a4f5896c9a67c09337f62afc17d020e7827ddb9cdd844e3729,0036d300256c76a4f5896c9a67c09337f62afc17d020e7827ddb9cdd844e3729,318.00000000001364,320.00000000001364,0.0,0.0,0.0,0.0,80,0,0.0,False,0.0,0.0,computed_reduced_circuit_not_author_reproduction
1036,2.0,no_reward,B,carry_trace,6adf027ea1f40a92b799b16d,0036d300256c76a4f5896c9a67c09337f62afc17d020e7827ddb9cdd844e3729,0036d300256c76a4f5896c9a67c09337f62afc17d020e7827ddb9cdd844e3729,318.00000000001364,320.00000000001364,0.0,0.0,0.0,0.0,80,0,0.0,False,0.0,0.0,computed_reduced_circuit_not_author_reproduction
1036,2.0,no_reward,B,trace_reset_ablation,495d2fd3cabb93844cd005b8,0036d300256c76a4f5896c9a67c09337f62afc17d020e7827ddb9cdd844e3729,0036d300256c76a4f5896c9a67c09337f62afc17d020e7827ddb9cdd844e3729,318.00000000001364,320.00000000001364,0.0,0.0,0.0,0.0,80,0,0.0,False,0.0,0.0,computed_reduced_circuit_not_author_reproduction
1036,2.0,plasticity_disabled,A,carry_trace,eec5c05a25d785d8955e84af,0036d300256c76a4f5896c9a67c09337f62afc17d020e7827ddb9cdd844e3729,0036d300256c76a4f5896c9a67c09337f62afc17d020e7827ddb9cdd844e3729,318.00000000001364,320.00000000001364,0.0,0.0,0.0,0.0,80,40,32.0,False,0.0,0.0,computed_reduced_circuit_not_author_reproduction
1036,2.0,plasticity_disabled,A,trace_reset_ablation,aa8b06ed48844459ee9a9b95,0036d300256c76a4f5896c9a67c09337f62afc17d020e7827ddb9cdd844e3729,0036d300256c76a4f5896c9a67c09337f62afc17d020e7827ddb9cdd844e3729,318.00000000001364,320.00000000001364,0.0,0.0,0.0,0.0,80,40,32.0,False,0.0,0.0,computed_reduced_circuit_not_author_reproduction
1036,2.0,plasticity_disabled,B,carry_trace,db2c71b1d176b33d42bbc278,0036d300256c76a4f5896c9a67c09337f62afc17d020e7827ddb9cdd844e3729,0036d300256c76a4f5896c9a67c09337f62afc17d020e7827ddb9cdd844e3729,318.00000000001364,320.00000000001364,0.0,0.0,0.0,0.0,80,40,32.0,False,0.0,0.0,computed_reduced_circuit_not_author_reproduction
1036,2.0,plasticity_disabled,B,trace_reset_ablation,d61f2007e1af4f873c97910c,0036d300256c76a4f5896c9a67c09337f62afc17d020e7827ddb9cdd844e3729,0036d300256c76a4f5896c9a67c09337f62afc17d020e7827ddb9cdd844e3729,318.00000000001364,320.00000000001364,0.0,0.0,0.0,0.0,80,40,32.0,False,0.0,0.0,computed_reduced_circuit_not_author_reproduction
1036,10.0,paired,A,carry_trace,9960a002c7a9eefccb0d7229,0036d300256c76a4f5896c9a67c09337f62afc17d020e7827ddb9cdd844e3729,245217f72ea44b1fea2b6bb71c1a86886798028f0b92f8744da8fe9ceb9ee7a7,949.9999999999714,951.9999999999714,0.0,0.5848949449941697,0.0008613285184848607,0.5840336164756849,80,40,32.0,True,0.07885611486935629,0.5848949449941697,computed_reduced_circuit_not_author_reproduction
1036,10.0,paired,A,trace_reset_ablation,378ae0102a47373d7e44cc8b,0036d300256c76a4f5896c9a67c09337f62afc17d020e7827ddb9cdd844e3729,49518da5702d7390357b81931c8abebe3ea0093c609dbff514cc67f7170a23a0,949.9999999999714,951.9999999999714,0.0,0.5846611757928701,0.0,0.5846611757928701,80,40,32.0,True,0.07881028977333393,0.5846611757928701,computed_reduced_circuit_not_author_reproduction
1036,10.0,paired,B,carry_trace,61f008aa85db8df35efa1334,0036d300256c76a4f5896c9a67c09337f62afc17d020e7827ddb9cdd844e3729,3d6e8313b13159fe0fa0786485269c434b110d13163fdcf7e1f1e78189d9afa9,949.9999999999714,951.9999999999714,0.0,0.5774692087960338,0.0008055416657999359,0.5766636671302339,80,40,32.0,True,0.08159885752477658,0.5774692087960338,computed_reduced_circuit_not_author_reproduction
1036,10.0,paired,B,trace_reset_ablation,e32987753a6203eecc365f9b,0036d300256c76a4f5896c9a67c09337f62afc17d020e7827ddb9cdd844e3729,a403a9d52abcb51b092a39a90fc0e19c10c8113b1806bf038ec03880a66e9eea,949.9999999999714,951.9999999999714,0.0,0.5772282213140001,0.0,0.5772282213140001,80,40,32.0,True,0.08154957965942711,0.5772282213140001,computed_reduced_circuit_not_author_reproduction
1036,10.0,explicitly_unpaired,A,carry_trace,585c3a23db1d2968a0e4c368,0036d300256c76a4f5896c9a67c09337f62afc17d020e7827ddb9cdd844e3729,0036d300256c76a4f5896c9a67c09337f62afc17d020e7827ddb9cdd844e3729,949.9999999999711,951.9999999999711,0.0,0.0,0.0,0.0,80,40,32.0,False,0.0,0.0,computed_reduced_circuit_not_author_reproduction
1036,10.0,explicitly_unpaired,A,trace_reset_ablation,9d1053e4a91545ecea6bb3e8,0036d300256c76a4f5896c9a67c09337f62afc17d020e7827ddb9cdd844e3729,0036d300256c76a4f5896c9a67c09337f62afc17d020e7827ddb9cdd844e3729,949.9999999999711,951.9999999999711,0.0,0.0,0.0,0.0,80,40,32.0,False,0.0,0.0,computed_reduced_circuit_not_author_reproduction
1036,10.0,explicitly_unpaired,B,carry_trace,c178785eafb876143fee4ac7,0036d300256c76a4f5896c9a67c09337f62afc17d020e7827ddb9cdd844e3729,0036d300256c76a4f5896c9a67c09337f62afc17d020e7827ddb9cdd844e3729,949.9999999999711,951.9999999999711,0.0,0.0,0.0,0.0,80,40,32.0,False,0.0,0.0,computed_reduced_circuit_not_author_reproduction
1036,10.0,explicitly_unpaired,B,trace_reset_ablation,0ac8da24006291389f379d8e,0036d300256c76a4f5896c9a67c09337f62afc17d020e7827ddb9cdd844e3729,0036d300256c76a4f5896c9a67c09337f62afc17d020e7827ddb9cdd844e3729,949.9999999999711,951.9999999999711,0.0,0.0,0.0,0.0,80,40,32.0,False,0.0,0.0,computed_reduced_circuit_not_author_reproduction
1036,10.0,no_reward,A,carry_trace,44c59dd5704db02d31ed1844,0036d300256c76a4f5896c9a67c09337f62afc17d020e7827ddb9cdd844e3729,0036d300256c76a4f5896c9a67c09337f62afc17d020e7827ddb9cdd844e3729,949.9999999999714,951.9999999999714,0.0,0.0,0.0,0.0,80,0,0.0,False,0.0,0.0,computed_reduced_circuit_not_author_reproduction
1036,10.0,no_reward,A,trace_reset_ablation,b738806848b29c7b32ec65ec,0036d300256c76a4f5896c9a67c09337f62afc17d020e7827ddb9cdd844e3729,0036d300256c76a4f5896c9a67c09337f62afc17d020e7827ddb9cdd844e3729,949.9999999999714,951.9999999999714,0.0,0.0,0.0,0.0,80,0,0.0,False,0.0,0.0,computed_reduced_circuit_not_author_reproduction
1036,10.0,no_reward,B,carry_trace,04ff07f062d61be3ecc085a9,0036d300256c76a4f5896c9a67c09337f62afc17d020e7827ddb9cdd844e3729,0036d300256c76a4f5896c9a67c09337f62afc17d020e7827ddb9cdd844e3729,949.9999999999714,951.9999999999714,0.0,0.0,0.0,0.0,80,0,0.0,False,0.0,0.0,computed_reduced_circuit_not_author_reproduction
1036,10.0,no_reward,B,trace_reset_ablation,4c572acbe1584547b3adad03,0036d300256c76a4f5896c9a67c09337f62afc17d020e7827ddb9cdd844e3729,0036d300256c76a4f5896c9a67c09337f62afc17d020e7827ddb9cdd844e3729,949.9999999999714,951.9999999999714,0.0,0.0,0.0,0.0,80,0,0.0,False,0.0,0.0,computed_reduced_circuit_not_author_reproduction
1036,10.0,plasticity_disabled,A,carry_trace,0a452d8668500eb39cfb5ff8,0036d300256c76a4f5896c9a67c09337f62afc17d020e7827ddb9cdd844e3729,0036d300256c76a4f5896c9a67c09337f62afc17d020e7827ddb9cdd844e3729,949.9999999999714,951.9999999999714,0.0,0.0,0.0,0.0,80,40,32.0,False,0.0,0.0,computed_reduced_circuit_not_author_reproduction
1036,10.0,plasticity_disabled,A,trace_reset_ablation,a69a143e2486f85ed2d40e15,0036d300256c76a4f5896c9a67c09337f62afc17d020e7827ddb9cdd844e3729,0036d300256c76a4f5896c9a67c09337f62afc17d020e7827ddb9cdd844e3729,949.9999999999714,951.9999999999714,0.0,0.0,0.0,0.0,80,40,32.0,False,0.0,0.0,computed_reduced_circuit_not_author_reproduction
1036,10.0,plasticity_disabled,B,carry_trace,98b25b76c49655ede350534b,0036d300256c76a4f5896c9a67c09337f62afc17d020e7827ddb9cdd844e3729,0036d300256c76a4f5896c9a67c09337f62afc17d020e7827ddb9cdd844e3729,949.9999999999714,951.9999999999714,0.0,0.0,0.0,0.0,80,40,32.0,False,0.0,0.0,computed_reduced_circuit_not_author_reproduction
1036,10.0,plasticity_disabled,B,trace_reset_ablation,ccd938f4547b2f45e7abd5cd,0036d300256c76a4f5896c9a67c09337f62afc17d020e7827ddb9cdd844e3729,0036d300256c76a4f5896c9a67c09337f62afc17d020e7827ddb9cdd844e3729,949.9999999999714,951.9999999999714,0.0,0.0,0.0,0.0,80,40,32.0,False,0.0,0.0,computed_reduced_circuit_not_author_reproduction
1036,40.0,paired,A,carry_trace,3cd12c2fd2fc76848323c04f,0036d300256c76a4f5896c9a67c09337f62afc17d020e7827ddb9cdd844e3729,7d228dd2051138ac58e953525db6231f6e110c08a4bf398167fee27556972f28,3320.0000000000846,3322.0000000000846,0.0,0.5846611758647264,2.6310842393684197e-10,0.584661175601618,80,40,32.0,True,0.07881028978728521,0.5846611758647264,computed_reduced_circuit_not_author_reproduction
1036,40.0,paired,A,trace_reset_ablation,1bc877a42290d11cd1bb462f,0036d300256c76a4f5896c9a67c09337f62afc17d020e7827ddb9cdd844e3729,49518da5702d7390357b81931c8abebe3ea0093c609dbff514cc67f7170a23a0,3320.0000000000846,3322.0000000000846,0.0,0.5846611757928701,0.0,0.5846611757928701,80,40,32.0,True,0.07881028977333393,0.5846611757928701,computed_reduced_circuit_not_author_reproduction
1036,40.0,paired,B,carry_trace,6e21e29cf330b9b85feadebf,0036d300256c76a4f5896c9a67c09337f62afc17d020e7827ddb9cdd844e3729,bc5eda85a06562a1110fa71029def159cff8a70f40a4795310260924f3b73f5f,3320.0000000000846,3322.0000000000846,0.0,0.577228221388143,2.4598345582660386e-10,0.5772282211421595,80,40,32.0,True,0.08154957967445042,0.577228221388143,computed_reduced_circuit_not_author_reproduction
1036,40.0,paired,B,trace_reset_ablation,8f186695d0a5ec9bf06ab0d8,0036d300256c76a4f5896c9a67c09337f62afc17d020e7827ddb9cdd844e3729,a403a9d52abcb51b092a39a90fc0e19c10c8113b1806bf038ec03880a66e9eea,3320.0000000000846,3322.0000000000846,0.0,0.5772282213140001,0.0,0.5772282213140001,80,40,32.0,True,0.08154957965942711,0.5772282213140001,computed_reduced_circuit_not_author_reproduction
1036,40.0,explicitly_unpaired,A,carry_trace,fee6cff5c308bc3bf3b317a4,0036d300256c76a4f5896c9a67c09337f62afc17d020e7827ddb9cdd844e3729,0036d300256c76a4f5896c9a67c09337f62afc17d020e7827ddb9cdd844e3729,3320.0000000000846,3322.0000000000846,0.0,0.0,0.0,0.0,80,40,32.0,False,0.0,0.0,computed_reduced_circuit_not_author_reproduction
1036,40.0,explicitly_unpaired,A,trace_reset_ablation,f8ef374881b412e7e7696ec6,0036d300256c76a4f5896c9a67c09337f62afc17d020e7827ddb9cdd844e3729,0036d300256c76a4f5896c9a67c09337f62afc17d020e7827ddb9cdd844e3729,3320.0000000000846,3322.0000000000846,0.0,0.0,0.0,0.0,80,40,32.0,False,0.0,0.0,computed_reduced_circuit_not_author_reproduction
1036,40.0,explicitly_unpaired,B,carry_trace,0915aa4e534fc67d11164034,0036d300256c76a4f5896c9a67c09337f62afc17d020e7827ddb9cdd844e3729,0036d300256c76a4f5896c9a67c09337f62afc17d020e7827ddb9cdd844e3729,3320.0000000000846,3322.0000000000846,0.0,0.0,0.0,0.0,80,40,32.0,False,0.0,0.0,computed_reduced_circuit_not_author_reproduction
1036,40.0,explicitly_unpaired,B,trace_reset_ablation,3be829216f865c77de8be0a7,0036d300256c76a4f5896c9a67c09337f62afc17d020e7827ddb9cdd844e3729,0036d300256c76a4f5896c9a67c09337f62afc17d020e7827ddb9cdd844e3729,3320.0000000000846,3322.0000000000846,0.0,0.0,0.0,0.0,80,40,32.0,False,0.0,0.0,computed_reduced_circuit_not_author_reproduction
1036,40.0,no_reward,A,carry_trace,f8b31834b76291434155d78c,0036d300256c76a4f5896c9a67c09337f62afc17d020e7827ddb9cdd844e3729,0036d300256c76a4f5896c9a67c09337f62afc17d020e7827ddb9cdd844e3729,3320.0000000000846,3322.0000000000846,0.0,0.0,0.0,0.0,80,0,0.0,False,0.0,0.0,computed_reduced_circuit_not_author_reproduction
1036,40.0,no_reward,A,trace_reset_ablation,fa41e7e6020eaff1af6e2add,0036d300256c76a4f5896c9a67c09337f62afc17d020e7827ddb9cdd844e3729,0036d300256c76a4f5896c9a67c09337f62afc17d020e7827ddb9cdd844e3729,3320.0000000000846,3322.0000000000846,0.0,0.0,0.0,0.0,80,0,0.0,False,0.0,0.0,computed_reduced_circuit_not_author_reproduction
1036,40.0,no_reward,B,carry_trace,8b975298418b6bd1ed6cf655,0036d300256c76a4f5896c9a67c09337f62afc17d020e7827ddb9cdd844e3729,0036d300256c76a4f5896c9a67c09337f62afc17d020e7827ddb9cdd844e3729,3320.0000000000846,3322.0000000000846,0.0,0.0,0.0,0.0,80,0,0.0,False,0.0,0.0,computed_reduced_circuit_not_author_reproduction
1036,40.0,no_reward,B,trace_reset_ablation,f1183fa80de5663c7fb513f8,0036d300256c76a4f5896c9a67c09337f62afc17d020e7827ddb9cdd844e3729,0036d300256c76a4f5896c9a67c09337f62afc17d020e7827ddb9cdd844e3729,3320.0000000000846,3322.0000000000846,0.0,0.0,0.0,0.0,80,0,0.0,False,0.0,0.0,computed_reduced_circuit_not_author_reproduction
1036,40.0,plasticity_disabled,A,carry_trace,32f7a04c347b6f7a71827518,0036d300256c76a4f5896c9a67c09337f62afc17d020e7827ddb9cdd844e3729,0036d300256c76a4f5896c9a67c09337f62afc17d020e7827ddb9cdd844e3729,3320.0000000000846,3322.0000000000846,0.0,0.0,0.0,0.0,80,40,32.0,False,0.0,0.0,computed_reduced_circuit_not_author_reproduction
1036,40.0,plasticity_disabled,A,trace_reset_ablation,7098297b0a6f9f7d8e98a8a4,0036d300256c76a4f5896c9a67c09337f62afc17d020e7827ddb9cdd844e3729,0036d300256c76a4f5896c9a67c09337f62afc17d020e7827ddb9cdd844e3729,3320.0000000000846,3322.0000000000846,0.0,0.0,0.0,0.0,80,40,32.0,False,0.0,0.0,computed_reduced_circuit_not_author_reproduction
1036,40.0,plasticity_disabled,B,carry_trace,fd6f3777f0b00725eb1fe39e,0036d300256c76a4f5896c9a67c09337f62afc17d020e7827ddb9cdd844e3729,0036d300256c76a4f5896c9a67c09337f62afc17d020e7827ddb9cdd844e3729,3320.0000000000846,3322.0000000000846,0.0,0.0,0.0,0.0,80,40,32.0,False,0.0,0.0,computed_reduced_circuit_not_author_reproduction
1036,40.0,plasticity_disabled,B,trace_reset_ablation,386f98ad65558ea8dfa2e2a6,0036d300256c76a4f5896c9a67c09337f62afc17d020e7827ddb9cdd844e3729,0036d300256c76a4f5896c9a67c09337f62afc17d020e7827ddb9cdd844e3729,3320.0000000000846,3322.0000000000846,0.0,0.0,0.0,0.0,80,40,32.0,False,0.0,0.0,computed_reduced_circuit_not_author_reproduction
1037,2.0,paired,A,carry_trace,d9c883a1432d50c258f353ee,0036d300256c76a4f5896c9a67c09337f62afc17d020e7827ddb9cdd844e3729,a920b985825b73e250313ec29eed9164b33ae640e9dc6cf11ba13d83c22b11fb,318.00000000001364,320.00000000001364,0.0,0.5822955384006274,0.051927407193180675,0.5303681312074467,80,40,32.0,True,0.07546711602131306,0.5822955384006274,computed_reduced_circuit_not_author_reproduction
1037,2.0,paired,A,trace_reset_ablation,501df562e145105edca7a5e1,0036d300256c76a4f5896c9a67c09337f62afc17d020e7827ddb9cdd844e3729,7b7613d37d1355a3b8bf5dbebc9021c137b79485d46b5267138ba1fb19cdc94c,318.00000000001364,320.00000000001364,0.0,0.573433939515149,0.0,0.573433939515149,80,40,32.0,True,0.07246286514892752,0.573433939515149,computed_reduced_circuit_not_author_reproduction
1037,2.0,paired,B,carry_trace,c647dc79a19d0f43780c16c5,0036d300256c76a4f5896c9a67c09337f62afc17d020e7827ddb9cdd844e3729,b23f9580356ff5a33ae593ff3dcf71181e8c6f467cdbe6ef1b8fbc8d3b043856,318.00000000001364,320.00000000001364,0.0,0.5933417719908387,0.04756830189110384,0.5457734700997349,80,40,32.0,True,0.06651659041671298,0.5933417719908387,computed_reduced_circuit_not_author_reproduction
1037,2.0,paired,B,trace_reset_ablation,fbf076e421d1494a9a90a6cd,0036d300256c76a4f5896c9a67c09337f62afc17d020e7827ddb9cdd844e3729,7893252e9807c276b764164da2cb547aa116139359bcb8258283c11c8f679154,318.00000000001364,320.00000000001364,0.0,0.5857357006920533,0.0,0.5857357006920533,80,40,32.0,True,0.0640417483201895,0.5857357006920533,computed_reduced_circuit_not_author_reproduction
1037,2.0,explicitly_unpaired,A,carry_trace,1cd06283964e208b871efa02,0036d300256c76a4f5896c9a67c09337f62afc17d020e7827ddb9cdd844e3729,0036d300256c76a4f5896c9a67c09337f62afc17d020e7827ddb9cdd844e3729,318.00000000001353,320.00000000001353,0.0,0.0,0.0,0.0,80,40,32.0,False,0.0,0.0,computed_reduced_circuit_not_author_reproduction
1037,2.0,explicitly_unpaired,A,trace_reset_ablation,ed22e86fe3337a6079d56e94,0036d300256c76a4f5896c9a67c09337f62afc17d020e7827ddb9cdd844e3729,0036d300256c76a4f5896c9a67c09337f62afc17d020e7827ddb9cdd844e3729,318.00000000001353,320.00000000001353,0.0,0.0,0.0,0.0,80,40,32.0,False,0.0,0.0,computed_reduced_circuit_not_author_reproduction
1037,2.0,explicitly_unpaired,B,carry_trace,0ca944b214fbfaeee085d621,0036d300256c76a4f5896c9a67c09337f62afc17d020e7827ddb9cdd844e3729,0036d300256c76a4f5896c9a67c09337f62afc17d020e7827ddb9cdd844e3729,318.00000000001353,320.00000000001353,0.0,0.0,0.0,0.0,80,40,32.0,False,0.0,0.0,computed_reduced_circuit_not_author_reproduction
1037,2.0,explicitly_unpaired,B,trace_reset_ablation,3033ba9b6e43c9eccb558077,0036d300256c76a4f5896c9a67c09337f62afc17d020e7827ddb9cdd844e3729,0036d300256c76a4f5896c9a67c09337f62afc17d020e7827ddb9cdd844e3729,318.00000000001353,320.00000000001353,0.0,0.0,0.0,0.0,80,40,32.0,False,0.0,0.0,computed_reduced_circuit_not_author_reproduction
1037,2.0,no_reward,A,carry_trace,5a57c95bc20aca2430df8dd4,0036d300256c76a4f5896c9a67c09337f62afc17d020e7827ddb9cdd844e3729,0036d300256c76a4f5896c9a67c09337f62afc17d020e7827ddb9cdd844e3729,318.00000000001364,320.00000000001364,0.0,0.0,0.0,0.0,80,0,0.0,False,0.0,0.0,computed_reduced_circuit_not_author_reproduction
1037,2.0,no_reward,A,trace_reset_ablation,e85102a51475d89fa1ab5ac0,0036d300256c76a4f5896c9a67c09337f62afc17d020e7827ddb9cdd844e3729,0036d300256c76a4f5896c9a67c09337f62afc17d020e7827ddb9cdd844e3729,318.00000000001364,320.00000000001364,0.0,0.0,0.0,0.0,80,0,0.0,False,0.0,0.0,computed_reduced_circuit_not_author_reproduction
1037,2.0,no_reward,B,carry_trace,71477b628c213027524e01cc,0036d300256c76a4f5896c9a67c09337f62afc17d020e7827ddb9cdd844e3729,0036d300256c76a4f5896c9a67c09337f62afc17d020e7827ddb9cdd844e3729,318.00000000001364,320.00000000001364,0.0,0.0,0.0,0.0,80,0,0.0,False,0.0,0.0,computed_reduced_circuit_not_author_reproduction
1037,2.0,no_reward,B,trace_reset_ablation,7668c1ee45735e1b3dbb0a75,0036d300256c76a4f5896c9a67c09337f62afc17d020e7827ddb9cdd844e3729,0036d300256c76a4f5896c9a67c09337f62afc17d020e7827ddb9cdd844e3729,318.00000000001364,320.00000000001364,0.0,0.0,0.0,0.0,80,0,0.0,False,0.0,0.0,computed_reduced_circuit_not_author_reproduction
1037,2.0,plasticity_disabled,A,carry_trace,62f7b38d1fecea9bb0337814,0036d300256c76a4f5896c9a67c09337f62afc17d020e7827ddb9cdd844e3729,0036d300256c76a4f5896c9a67c09337f62afc17d020e7827ddb9cdd844e3729,318.00000000001364,320.00000000001364,0.0,0.0,0.0,0.0,80,40,32.0,False,0.0,0.0,computed_reduced_circuit_not_author_reproduction
1037,2.0,plasticity_disabled,A,trace_reset_ablation,8a0965e403ecdddbca17aeb0,0036d300256c76a4f5896c9a67c09337f62afc17d020e7827ddb9cdd844e3729,0036d300256c76a4f5896c9a67c09337f62afc17d020e7827ddb9cdd844e3729,318.00000000001364,320.00000000001364,0.0,0.0,0.0,0.0,80,40,32.0,False,0.0,0.0,computed_reduced_circuit_not_author_reproduction
1037,2.0,plasticity_disabled,B,carry_trace,6ff1e82a96a1aed84cd6c2e4,0036d300256c76a4f5896c9a67c09337f62afc17d020e7827ddb9cdd844e3729,0036d300256c76a4f5896c9a67c09337f62afc17d020e7827ddb9cdd844e3729,318.00000000001364,320.00000000001364,0.0,0.0,0.0,0.0,80,40,32.0,False,0.0,0.0,computed_reduced_circuit_not_author_reproduction
1037,2.0,plasticity_disabled,B,trace_reset_ablation,70e0252fd18ba2e68920dded,0036d300256c76a4f5896c9a67c09337f62afc17d020e7827ddb9cdd844e3729,0036d300256c76a4f5896c9a67c09337f62afc17d020e7827ddb9cdd844e3729,318.00000000001364,320.00000000001364,0.0,0.0,0.0,0.0,80,40,32.0,False,0.0,0.0,computed_reduced_circuit_not_author_reproduction
1037,10.0,paired,A,carry_trace,c2786274084a3822e408ad35,0036d300256c76a4f5896c9a67c09337f62afc17d020e7827ddb9cdd844e3729,b52c9046f061a9f353914513ef65e01055565525083bf81783ed221c838ed8f3,949.9999999999714,951.9999999999714,0.0,0.5736683529025732,0.0008668283297001977,0.572801524572873,80,40,32.0,True,0.07250556055879598,0.5736683529025732,computed_reduced_circuit_not_author_reproduction
1037,10.0,paired,A,trace_reset_ablation,c8755bf5ad2ffbfe0235f75a,0036d300256c76a4f5896c9a67c09337f62afc17d020e7827ddb9cdd844e3729,7b7613d37d1355a3b8bf5dbebc9021c137b79485d46b5267138ba1fb19cdc94c,949.9999999999714,951.9999999999714,0.0,0.573433939515149,0.0,0.573433939515149,80,40,32.0,True,0.07246286514892752,0.573433939515149,computed_reduced_circuit_not_author_reproduction
1037,10.0,paired,B,carry_trace,1cd9ae6a2bbda1965c5c071b,0036d300256c76a4f5896c9a67c09337f62afc17d020e7827ddb9cdd844e3729,90fc771b7bc9d45a6929492b8918036b43bb6c4324c7673867a20a25b9370e6b,949.9999999999714,951.9999999999714,0.0,0.5859490118854054,0.0007781072367247788,0.5851709046486806,80,40,32.0,True,0.0640756208337594,0.5859490118854054,computed_reduced_circuit_not_author_reproduction
1037,10.0,paired,B,trace_reset_ablation,b498d9bfc019bfe0bea57565,0036d300256c76a4f5896c9a67c09337f62afc17d020e7827ddb9cdd844e3729,7893252e9807c276b764164da2cb547aa116139359bcb8258283c11c8f679154,949.9999999999714,951.9999999999714,0.0,0.5857357006920533,0.0,0.5857357006920533,80,40,32.0,True,0.0640417483201895,0.5857357006920533,computed_reduced_circuit_not_author_reproduction
1037,10.0,explicitly_unpaired,A,carry_trace,237d7df84556606f47108bd2,0036d300256c76a4f5896c9a67c09337f62afc17d020e7827ddb9cdd844e3729,0036d300256c76a4f5896c9a67c09337f62afc17d020e7827ddb9cdd844e3729,949.9999999999711,951.9999999999711,0.0,0.0,0.0,0.0,80,40,32.0,False,0.0,0.0,computed_reduced_circuit_not_author_reproduction
1037,10.0,explicitly_unpaired,A,trace_reset_ablation,a766aa1cd6e2cddf5da44882,0036d300256c76a4f5896c9a67c09337f62afc17d020e7827ddb9cdd844e3729,0036d300256c76a4f5896c9a67c09337f62afc17d020e7827ddb9cdd844e3729,949.9999999999711,951.9999999999711,0.0,0.0,0.0,0.0,80,40,32.0,False,0.0,0.0,computed_reduced_circuit_not_author_reproduction
1037,10.0,explicitly_unpaired,B,carry_trace,eacc013dd94fecf72038698b,0036d300256c76a4f5896c9a67c09337f62afc17d020e7827ddb9cdd844e3729,0036d300256c76a4f5896c9a67c09337f62afc17d020e7827ddb9cdd844e3729,949.9999999999711,951.9999999999711,0.0,0.0,0.0,0.0,80,40,32.0,False,0.0,0.0,computed_reduced_circuit_not_author_reproduction
1037,10.0,explicitly_unpaired,B,trace_reset_ablation,6e7e44a986ad90d369e5d10b,0036d300256c76a4f5896c9a67c09337f62afc17d020e7827ddb9cdd844e3729,0036d300256c76a4f5896c9a67c09337f62afc17d020e7827ddb9cdd844e3729,949.9999999999711,951.9999999999711,0.0,0.0,0.0,0.0,80,40,32.0,False,0.0,0.0,computed_reduced_circuit_not_author_reproduction
1037,10.0,no_reward,A,carry_trace,869658fe739e2a21e438f2d3,0036d300256c76a4f5896c9a67c09337f62afc17d020e7827ddb9cdd844e3729,0036d300256c76a4f5896c9a67c09337f62afc17d020e7827ddb9cdd844e3729,949.9999999999714,951.9999999999714,0.0,0.0,0.0,0.0,80,0,0.0,False,0.0,0.0,computed_reduced_circuit_not_author_reproduction
1037,10.0,no_reward,A,trace_reset_ablation,6734ed6f53d6cef4727c0364,0036d300256c76a4f5896c9a67c09337f62afc17d020e7827ddb9cdd844e3729,0036d300256c76a4f5896c9a67c09337f62afc17d020e7827ddb9cdd844e3729,949.9999999999714,951.9999999999714,0.0,0.0,0.0,0.0,80,0,0.0,False,0.0,0.0,computed_reduced_circuit_not_author_reproduction
1037,10.0,no_reward,B,carry_trace,1070ff79b9b8aa12c154deea,0036d300256c76a4f5896c9a67c09337f62afc17d020e7827ddb9cdd844e3729,0036d300256c76a4f5896c9a67c09337f62afc17d020e7827ddb9cdd844e3729,949.9999999999714,951.9999999999714,0.0,0.0,0.0,0.0,80,0,0.0,False,0.0,0.0,computed_reduced_circuit_not_author_reproduction
1037,10.0,no_reward,B,trace_reset_ablation,6eb4a12f7484d0062a0f3d22,0036d300256c76a4f5896c9a67c09337f62afc17d020e7827ddb9cdd844e3729,0036d300256c76a4f5896c9a67c09337f62afc17d020e7827ddb9cdd844e3729,949.9999999999714,951.9999999999714,0.0,0.0,0.0,0.0,80,0,0.0,False,0.0,0.0,computed_reduced_circuit_not_author_reproduction
1037,10.0,plasticity_disabled,A,carry_trace,f8dae8dfd58b8e4c8d100e8d,0036d300256c76a4f5896c9a67c09337f62afc17d020e7827ddb9cdd844e3729,0036d300256c76a4f5896c9a67c09337f62afc17d020e7827ddb9cdd844e3729,949.9999999999714,951.9999999999714,0.0,0.0,0.0,0.0,80,40,32.0,False,0.0,0.0,computed_reduced_circuit_not_author_reproduction
1037,10.0,plasticity_disabled,A,trace_reset_ablation,7e716d8ceb3b4b8465b255e6,0036d300256c76a4f5896c9a67c09337f62afc17d020e7827ddb9cdd844e3729,0036d300256c76a4f5896c9a67c09337f62afc17d020e7827ddb9cdd844e3729,949.9999999999714,951.9999999999714,0.0,0.0,0.0,0.0,80,40,32.0,False,0.0,0.0,computed_reduced_circuit_not_author_reproduction
1037,10.0,plasticity_disabled,B,carry_trace,3fe3906c38cd182b59604a40,0036d300256c76a4f5896c9a67c09337f62afc17d020e7827ddb9cdd844e3729,0036d300256c76a4f5896c9a67c09337f62afc17d020e7827ddb9cdd844e3729,949.9999999999714,951.9999999999714,0.0,0.0,0.0,0.0,80,40,32.0,False,0.0,0.0,computed_reduced_circuit_not_author_reproduction
1037,10.0,plasticity_disabled,B,trace_reset_ablation,2827b1a31d861b877d665ba0,0036d300256c76a4f5896c9a67c09337f62afc17d020e7827ddb9cdd844e3729,0036d300256c76a4f5896c9a67c09337f62afc17d020e7827ddb9cdd844e3729,949.9999999999714,951.9999999999714,0.0,0.0,0.0,0.0,80,40,32.0,False,0.0,0.0,computed_reduced_circuit_not_author_reproduction
1037,40.0,paired,A,carry_trace,9ca1449006fc09c77efd9198,0036d300256c76a4f5896c9a67c09337f62afc17d020e7827ddb9cdd844e3729,cef4fc84ba84b098e66f77fbf7cc1e0853cffa61aace15cee7d04a2234340c2e,3320.0000000000846,3322.0000000000846,0.0,0.5734339395872083,2.6482838144659127e-10,0.57343393932238,80,40,32.0,True,0.07246286516193712,0.5734339395872083,computed_reduced_circuit_not_author_reproduction
1037,40.0,paired,A,trace_reset_ablation,a63d5eb71affc16263e839e4,0036d300256c76a4f5896c9a67c09337f62afc17d020e7827ddb9cdd844e3729,7b7613d37d1355a3b8bf5dbebc9021c137b79485d46b5267138ba1fb19cdc94c,3320.0000000000846,3322.0000000000846,0.0,0.573433939515149,0.0,0.573433939515149,80,40,32.0,True,0.07246286514892752,0.573433939515149,computed_reduced_circuit_not_author_reproduction
1037,40.0,paired,B,carry_trace,00f270c1ddb2f4f5625d947c,0036d300256c76a4f5896c9a67c09337f62afc17d020e7827ddb9cdd844e3729,df5961f1007808bcbc8dcb5dc3afc9f590e519c4ed5cd0c3ebb5f187dacda96b,3320.0000000000846,3322.0000000000846,0.0,0.585735700757684,2.376268071202503e-10,0.5857357005200572,80,40,32.0,True,0.06404174833050469,0.585735700757684,computed_reduced_circuit_not_author_reproduction
1037,40.0,paired,B,trace_reset_ablation,588e6882893acd3655e25bd0,0036d300256c76a4f5896c9a67c09337f62afc17d020e7827ddb9cdd844e3729,7893252e9807c276b764164da2cb547aa116139359bcb8258283c11c8f679154,3320.0000000000846,3322.0000000000846,0.0,0.5857357006920533,0.0,0.5857357006920533,80,40,32.0,True,0.0640417483201895,0.5857357006920533,computed_reduced_circuit_not_author_reproduction
1037,40.0,explicitly_unpaired,A,carry_trace,dd26100707523dc23787be3e,0036d300256c76a4f5896c9a67c09337f62afc17d020e7827ddb9cdd844e3729,0036d300256c76a4f5896c9a67c09337f62afc17d020e7827ddb9cdd844e3729,3320.0000000000846,3322.0000000000846,0.0,0.0,0.0,0.0,80,40,32.0,False,0.0,0.0,computed_reduced_circuit_not_author_reproduction
1037,40.0,explicitly_unpaired,A,trace_reset_ablation,8315aded74332577338bebc0,0036d300256c76a4f5896c9a67c09337f62afc17d020e7827ddb9cdd844e3729,0036d300256c76a4f5896c9a67c09337f62afc17d020e7827ddb9cdd844e3729,3320.0000000000846,3322.0000000000846,0.0,0.0,0.0,0.0,80,40,32.0,False,0.0,0.0,computed_reduced_circuit_not_author_reproduction
1037,40.0,explicitly_unpaired,B,carry_trace,6399e8e78209eae76102c7da,0036d300256c76a4f5896c9a67c09337f62afc17d020e7827ddb9cdd844e3729,0036d300256c76a4f5896c9a67c09337f62afc17d020e7827ddb9cdd844e3729,3320.0000000000846,3322.0000000000846,0.0,0.0,0.0,0.0,80,40,32.0,False,0.0,0.0,computed_reduced_circuit_not_author_reproduction
1037,40.0,explicitly_unpaired,B,trace_reset_ablation,7ea25f847d142c799d26b9ad,0036d300256c76a4f5896c9a67c09337f62afc17d020e7827ddb9cdd844e3729,0036d300256c76a4f5896c9a67c09337f62afc17d020e7827ddb9cdd844e3729,3320.0000000000846,3322.0000000000846,0.0,0.0,0.0,0.0,80,40,32.0,False,0.0,0.0,computed_reduced_circuit_not_author_reproduction
1037,40.0,no_reward,A,carry_trace,7e8e98d42614183b48766491,0036d300256c76a4f5896c9a67c09337f62afc17d020e7827ddb9cdd844e3729,0036d300256c76a4f5896c9a67c09337f62afc17d020e7827ddb9cdd844e3729,3320.0000000000846,3322.0000000000846,0.0,0.0,0.0,0.0,80,0,0.0,False,0.0,0.0,computed_reduced_circuit_not_author_reproduction
1037,40.0,no_reward,A,trace_reset_ablation,9a190c9873e17c9660768dec,0036d300256c76a4f5896c9a67c09337f62afc17d020e7827ddb9cdd844e3729,0036d300256c76a4f5896c9a67c09337f62afc17d020e7827ddb9cdd844e3729,3320.0000000000846,3322.0000000000846,0.0,0.0,0.0,0.0,80,0,0.0,False,0.0,0.0,computed_reduced_circuit_not_author_reproduction
1037,40.0,no_reward,B,carry_trace,ea532f344e067aefa1ba6906,0036d300256c76a4f5896c9a67c09337f62afc17d020e7827ddb9cdd844e3729,0036d300256c76a4f5896c9a67c09337f62afc17d020e7827ddb9cdd844e3729,3320.0000000000846,3322.0000000000846,0.0,0.0,0.0,0.0,80,0,0.0,False,0.0,0.0,computed_reduced_circuit_not_author_reproduction
1037,40.0,no_reward,B,trace_reset_ablation,324098e53e457c14d78d51f9,0036d300256c76a4f5896c9a67c09337f62afc17d020e7827ddb9cdd844e3729,0036d300256c76a4f5896c9a67c09337f62afc17d020e7827ddb9cdd844e3729,3320.0000000000846,3322.0000000000846,0.0,0.0,0.0,0.0,80,0,0.0,False,0.0,0.0,computed_reduced_circuit_not_author_reproduction
1037,40.0,plasticity_disabled,A,carry_trace,2fb0777a8653de2336a05dc8,0036d300256c76a4f5896c9a67c09337f62afc17d020e7827ddb9cdd844e3729,0036d300256c76a4f5896c9a67c09337f62afc17d020e7827ddb9cdd844e3729,3320.0000000000846,3322.0000000000846,0.0,0.0,0.0,0.0,80,40,32.0,False,0.0,0.0,computed_reduced_circuit_not_author_reproduction
1037,40.0,plasticity_disabled,A,trace_reset_ablation,44f9a22ca012ea2774a36df5,0036d300256c76a4f5896c9a67c09337f62afc17d020e7827ddb9cdd844e3729,0036d300256c76a4f5896c9a67c09337f62afc17d020e7827ddb9cdd844e3729,3320.0000000000846,3322.0000000000846,0.0,0.0,0.0,0.0,80,40,32.0,False,0.0,0.0,computed_reduced_circuit_not_author_reproduction
1037,40.0,plasticity_disabled,B,carry_trace,319c4d383ee83d80edffa618,0036d300256c76a4f5896c9a67c09337f62afc17d020e7827ddb9cdd844e3729,0036d300256c76a4f5896c9a67c09337f62afc17d020e7827ddb9cdd844e3729,3320.0000000000846,3322.0000000000846,0.0,0.0,0.0,0.0,80,40,32.0,False,0.0,0.0,computed_reduced_circuit_not_author_reproduction
1037,40.0,plasticity_disabled,B,trace_reset_ablation,4631aea401e06aa30a721497,0036d300256c76a4f5896c9a67c09337f62afc17d020e7827ddb9cdd844e3729,0036d300256c76a4f5896c9a67c09337f62afc17d020e7827ddb9cdd844e3729,3320.0000000000846,3322.0000000000846,0.0,0.0,0.0,0.0,80,40,32.0,False,0.0,0.0,computed_reduced_circuit_not_author_reproduction
1038,2.0,paired,A,carry_trace,f487d06a099208e6c15f6645,0036d300256c76a4f5896c9a67c09337f62afc17d020e7827ddb9cdd844e3729,65bed03c476071b74410d2d8b807603ad9434e0ce28f393d2e8c93cc8fbef3f8,318.00000000001364,320.00000000001364,0.0,0.5955897387209708,0.05172843600297827,0.5438613027179925,80,40,32.0,True,0.08033964848108,0.5955897387209708,computed_reduced_circuit_not_author_reproduction
1038,2.0,paired,A,trace_reset_ablation,fe66c74d0bb388822b0b1488,0036d300256c76a4f5896c9a67c09337f62afc17d020e7827ddb9cdd844e3729,d1739003f7b0cfaebf3b6c99b12b2cbd231f0b2c5971779f1fde42eca5ef390b,318.00000000001364,320.00000000001364,0.0,0.5863670092426608,0.0,0.5863670092426608,80,40,32.0,True,0.07693748984355808,0.5863670092426608,computed_reduced_circuit_not_author_reproduction
1038,2.0,paired,B,carry_trace,a4dcefe0504bde11789c214b,0036d300256c76a4f5896c9a67c09337f62afc17d020e7827ddb9cdd844e3729,29799c1c495e0625888010f56cdce46b46117a4ee71e21868f782e03a629e33b,318.00000000001364,320.00000000001364,0.0,0.5847511081080885,0.05288838326127865,0.5318627248468099,80,40,32.0,True,0.08987944710185564,0.5847511081080885,computed_reduced_circuit_not_author_reproduction
1038,2.0,paired,B,trace_reset_ablation,59351826f153f3e30c87a35c,0036d300256c76a4f5896c9a67c09337f62afc17d020e7827ddb9cdd844e3729,30ecf9c8fc91cd622ee6dc4615967cebd59fea9f1db767fa5d870a40606ea3e5,318.00000000001364,320.00000000001364,0.0,0.5754915851511067,0.0,0.5754915851511067,80,40,32.0,True,0.08606445432484744,0.5754915851511067,computed_reduced_circuit_not_author_reproduction
1038,2.0,explicitly_unpaired,A,carry_trace,593d6dfaf1bfc263b9f28f49,0036d300256c76a4f5896c9a67c09337f62afc17d020e7827ddb9cdd844e3729,0036d300256c76a4f5896c9a67c09337f62afc17d020e7827ddb9cdd844e3729,318.00000000001353,320.00000000001353,0.0,0.0,0.0,0.0,80,40,32.0,False,0.0,0.0,computed_reduced_circuit_not_author_reproduction
1038,2.0,explicitly_unpaired,A,trace_reset_ablation,cab64bd744d13c416c3cbe38,0036d300256c76a4f5896c9a67c09337f62afc17d020e7827ddb9cdd844e3729,0036d300256c76a4f5896c9a67c09337f62afc17d020e7827ddb9cdd844e3729,318.00000000001353,320.00000000001353,0.0,0.0,0.0,0.0,80,40,32.0,False,0.0,0.0,computed_reduced_circuit_not_author_reproduction
1038,2.0,explicitly_unpaired,B,carry_trace,6936bd24555df4c1245c4437,0036d300256c76a4f5896c9a67c09337f62afc17d020e7827ddb9cdd844e3729,0036d300256c76a4f5896c9a67c09337f62afc17d020e7827ddb9cdd844e3729,318.00000000001353,320.00000000001353,0.0,0.0,0.0,0.0,80,40,32.0,False,0.0,0.0,computed_reduced_circuit_not_author_reproduction
1038,2.0,explicitly_unpaired,B,trace_reset_ablation,3dc940cf17c534f113423aa8,0036d300256c76a4f5896c9a67c09337f62afc17d020e7827ddb9cdd844e3729,0036d300256c76a4f5896c9a67c09337f62afc17d020e7827ddb9cdd844e3729,318.00000000001353,320.00000000001353,0.0,0.0,0.0,0.0,80,40,32.0,False,0.0,0.0,computed_reduced_circuit_not_author_reproduction
1038,2.0,no_reward,A,carry_trace,00431939ffdb0e0c2f646b04,0036d300256c76a4f5896c9a67c09337f62afc17d020e7827ddb9cdd844e3729,0036d300256c76a4f5896c9a67c09337f62afc17d020e7827ddb9cdd844e3729,318.00000000001364,320.00000000001364,0.0,0.0,0.0,0.0,80,0,0.0,False,0.0,0.0,computed_reduced_circuit_not_author_reproduction
1038,2.0,no_reward,A,trace_reset_ablation,72dbf2e7c96482007bff719a,0036d300256c76a4f5896c9a67c09337f62afc17d020e7827ddb9cdd844e3729,0036d300256c76a4f5896c9a67c09337f62afc17d020e7827ddb9cdd844e3729,318.00000000001364,320.00000000001364,0.0,0.0,0.0,0.0,80,0,0.0,False,0.0,0.0,computed_reduced_circuit_not_author_reproduction
1038,2.0,no_reward,B,carry_trace,085ef105d180d6f6ba2eccfb,0036d300256c76a4f5896c9a67c09337f62afc17d020e7827ddb9cdd844e3729,0036d300256c76a4f5896c9a67c09337f62afc17d020e7827ddb9cdd844e3729,318.00000000001364,320.00000000001364,0.0,0.0,0.0,0.0,80,0,0.0,False,0.0,0.0,computed_reduced_circuit_not_author_reproduction
1038,2.0,no_reward,B,trace_reset_ablation,71e84361cd1067b4b4c4c9b1,0036d300256c76a4f5896c9a67c09337f62afc17d020e7827ddb9cdd844e3729,0036d300256c76a4f5896c9a67c09337f62afc17d020e7827ddb9cdd844e3729,318.00000000001364,320.00000000001364,0.0,0.0,0.0,0.0,80,0,0.0,False,0.0,0.0,computed_reduced_circuit_not_author_reproduction
1038,2.0,plasticity_disabled,A,carry_trace,c691e129315e231d39ea0294,0036d300256c76a4f5896c9a67c09337f62afc17d020e7827ddb9cdd844e3729,0036d300256c76a4f5896c9a67c09337f62afc17d020e7827ddb9cdd844e3729,318.00000000001364,320.00000000001364,0.0,0.0,0.0,0.0,80,40,32.0,False,0.0,0.0,computed_reduced_circuit_not_author_reproduction
1038,2.0,plasticity_disabled,A,trace_reset_ablation,74fc0ea38ba799854ecd69e1,0036d300256c76a4f5896c9a67c09337f62afc17d020e7827ddb9cdd844e3729,0036d300256c76a4f5896c9a67c09337f62afc17d020e7827ddb9cdd844e3729,318.00000000001364,320.00000000001364,0.0,0.0,0.0,0.0,80,40,32.0,False,0.0,0.0,computed_reduced_circuit_not_author_reproduction
1038,2.0,plasticity_disabled,B,carry_trace,d99322de038694abb7432aef,0036d300256c76a4f5896c9a67c09337f62afc17d020e7827ddb9cdd844e3729,0036d300256c76a4f5896c9a67c09337f62afc17d020e7827ddb9cdd844e3729,318.00000000001364,320.00000000001364,0.0,0.0,0.0,0.0,80,40,32.0,False,0.0,0.0,computed_reduced_circuit_not_author_reproduction
1038,2.0,plasticity_disabled,B,trace_reset_ablation,d4d7a6270f5e1394f32ab5cf,0036d300256c76a4f5896c9a67c09337f62afc17d020e7827ddb9cdd844e3729,0036d300256c76a4f5896c9a67c09337f62afc17d020e7827ddb9cdd844e3729,318.00000000001364,320.00000000001364,0.0,0.0,0.0,0.0,80,40,32.0,False,0.0,0.0,computed_reduced_circuit_not_author_reproduction
1038,10.0,paired,A,carry_trace,d66079ffa132b3bf9fe27405,0036d300256c76a4f5896c9a67c09337f62afc17d020e7827ddb9cdd844e3729,b5e3302996786637e0853688a915e6e5f3e3eebf44723f8748b859b476453ba8,949.9999999999714,951.9999999999714,0.0,0.5866108246190525,0.0008615633264394962,0.585749261292613,80,40,32.0,True,0.07698405920273388,0.5866108246190525,computed_reduced_circuit_not_author_reproduction
1038,10.0,paired,A,trace_reset_ablation,3967eb23252207835ba049c3,0036d300256c76a4f5896c9a67c09337f62afc17d020e7827ddb9cdd844e3729,d1739003f7b0cfaebf3b6c99b12b2cbd231f0b2c5971779f1fde42eca5ef390b,949.9999999999714,951.9999999999714,0.0,0.5863670092426608,0.0,0.5863670092426608,80,40,32.0,True,0.07693748984355808,0.5863670092426608,computed_reduced_circuit_not_author_reproduction
1038,10.0,paired,B,carry_trace,d85b69752525ad485411090d,0036d300256c76a4f5896c9a67c09337f62afc17d020e7827ddb9cdd844e3729,2c663c0e2f2576dd9c41c3311cd648dea136fbb5b192acc91d483e69a8cf7aa1,949.9999999999714,951.9999999999714,0.0,0.5757494679280796,0.0008677213349006507,0.5748817465931789,80,40,32.0,True,0.0861202343173616,0.5757494679280796,computed_reduced_circuit_not_author_reproduction
1038,10.0,paired,B,trace_reset_ablation,2251dd8d04237f4d4f46dc37,0036d300256c76a4f5896c9a67c09337f62afc17d020e7827ddb9cdd844e3729,30ecf9c8fc91cd622ee6dc4615967cebd59fea9f1db767fa5d870a40606ea3e5,949.9999999999714,951.9999999999714,0.0,0.5754915851511067,0.0,0.5754915851511067,80,40,32.0,True,0.08606445432484744,0.5754915851511067,computed_reduced_circuit_not_author_reproduction
1038,10.0,explicitly_unpaired,A,carry_trace,b84c76f003895cb389e4393e,0036d300256c76a4f5896c9a67c09337f62afc17d020e7827ddb9cdd844e3729,0036d300256c76a4f5896c9a67c09337f62afc17d020e7827ddb9cdd844e3729,949.9999999999711,951.9999999999711,0.0,0.0,0.0,0.0,80,40,32.0,False,0.0,0.0,computed_reduced_circuit_not_author_reproduction
1038,10.0,explicitly_unpaired,A,trace_reset_ablation,8f6d4dfde06ba72a43274d92,0036d300256c76a4f5896c9a67c09337f62afc17d020e7827ddb9cdd844e3729,0036d300256c76a4f5896c9a67c09337f62afc17d020e7827ddb9cdd844e3729,949.9999999999711,951.9999999999711,0.0,0.0,0.0,0.0,80,40,32.0,False,0.0,0.0,computed_reduced_circuit_not_author_reproduction
1038,10.0,explicitly_unpaired,B,carry_trace,b60c182aaae5eed763c0ac46,0036d300256c76a4f5896c9a67c09337f62afc17d020e7827ddb9cdd844e3729,0036d300256c76a4f5896c9a67c09337f62afc17d020e7827ddb9cdd844e3729,949.9999999999711,951.9999999999711,0.0,0.0,0.0,0.0,80,40,32.0,False,0.0,0.0,computed_reduced_circuit_not_author_reproduction
1038,10.0,explicitly_unpaired,B,trace_reset_ablation,a2f33d1da6d10aa14175d2e0,0036d300256c76a4f5896c9a67c09337f62afc17d020e7827ddb9cdd844e3729,0036d300256c76a4f5896c9a67c09337f62afc17d020e7827ddb9cdd844e3729,949.9999999999711,951.9999999999711,0.0,0.0,0.0,0.0,80,40,32.0,False,0.0,0.0,computed_reduced_circuit_not_author_reproduction
1038,10.0,no_reward,A,carry_trace,3d61e1fe44d56112a9cf9f75,0036d300256c76a4f5896c9a67c09337f62afc17d020e7827ddb9cdd844e3729,0036d300256c76a4f5896c9a67c09337f62afc17d020e7827ddb9cdd844e3729,949.9999999999714,951.9999999999714,0.0,0.0,0.0,0.0,80,0,0.0,False,0.0,0.0,computed_reduced_circuit_not_author_reproduction
1038,10.0,no_reward,A,trace_reset_ablation,ab3b9b403586d53c630082c8,0036d300256c76a4f5896c9a67c09337f62afc17d020e7827ddb9cdd844e3729,0036d300256c76a4f5896c9a67c09337f62afc17d020e7827ddb9cdd844e3729,949.9999999999714,951.9999999999714,0.0,0.0,0.0,0.0,80,0,0.0,False,0.0,0.0,computed_reduced_circuit_not_author_reproduction
1038,10.0,no_reward,B,carry_trace,8f1c5d95a66e3748d535f2d6,0036d300256c76a4f5896c9a67c09337f62afc17d020e7827ddb9cdd844e3729,0036d300256c76a4f5896c9a67c09337f62afc17d020e7827ddb9cdd844e3729,949.9999999999714,951.9999999999714,0.0,0.0,0.0,0.0,80,0,0.0,False,0.0,0.0,computed_reduced_circuit_not_author_reproduction
1038,10.0,no_reward,B,trace_reset_ablation,d8b139bc48398245e53af074,0036d300256c76a4f5896c9a67c09337f62afc17d020e7827ddb9cdd844e3729,0036d300256c76a4f5896c9a67c09337f62afc17d020e7827ddb9cdd844e3729,949.9999999999714,951.9999999999714,0.0,0.0,0.0,0.0,80,0,0.0,False,0.0,0.0,computed_reduced_circuit_not_author_reproduction
1038,10.0,plasticity_disabled,A,carry_trace,51a545c7d34c88f204dba37e,0036d300256c76a4f5896c9a67c09337f62afc17d020e7827ddb9cdd844e3729,0036d300256c76a4f5896c9a67c09337f62afc17d020e7827ddb9cdd844e3729,949.9999999999714,951.9999999999714,0.0,0.0,0.0,0.0,80,40,32.0,False,0.0,0.0,computed_reduced_circuit_not_author_reproduction
1038,10.0,plasticity_disabled,A,trace_reset_ablation,f88c8e3497b44b0e42572cf4,0036d300256c76a4f5896c9a67c09337f62afc17d020e7827ddb9cdd844e3729,0036d300256c76a4f5896c9a67c09337f62afc17d020e7827ddb9cdd844e3729,949.9999999999714,951.9999999999714,0.0,0.0,0.0,0.0,80,40,32.0,False,0.0,0.0,computed_reduced_circuit_not_author_reproduction
1038,10.0,plasticity_disabled,B,carry_trace,ee737e5404e3189a939df19c,0036d300256c76a4f5896c9a67c09337f62afc17d020e7827ddb9cdd844e3729,0036d300256c76a4f5896c9a67c09337f62afc17d020e7827ddb9cdd844e3729,949.9999999999714,951.9999999999714,0.0,0.0,0.0,0.0,80,40,32.0,False,0.0,0.0,computed_reduced_circuit_not_author_reproduction
1038,10.0,plasticity_disabled,B,trace_reset_ablation,26bd06f91567e8162e85f84c,0036d300256c76a4f5896c9a67c09337f62afc17d020e7827ddb9cdd844e3729,0036d300256c76a4f5896c9a67c09337f62afc17d020e7827ddb9cdd844e3729,949.9999999999714,951.9999999999714,0.0,0.0,0.0,0.0,80,40,32.0,False,0.0,0.0,computed_reduced_circuit_not_author_reproduction
1038,40.0,paired,A,carry_trace,c6c19001f47ec5e7f7d4c8c3,0036d300256c76a4f5896c9a67c09337f62afc17d020e7827ddb9cdd844e3729,a6bd15a5cce77a074d1e4ce3ebd1ffbff6d0f12b62ad27cb61934a2a55564c5f,3320.0000000000846,3322.0000000000846,0.0,0.5863670093176211,2.632249973544276e-10,0.5863670090543961,80,40,32.0,True,0.07693748985773807,0.5863670093176211,computed_reduced_circuit_not_author_reproduction
1038,40.0,paired,A,trace_reset_ablation,3daa2f5e3d2fa7d22c002cb2,0036d300256c76a4f5896c9a67c09337f62afc17d020e7827ddb9cdd844e3729,d1739003f7b0cfaebf3b6c99b12b2cbd231f0b2c5971779f1fde42eca5ef390b,3320.0000000000846,3322.0000000000846,0.0,0.5863670092426608,0.0,0.5863670092426608,80,40,32.0,True,0.07693748984355808,0.5863670092426608,computed_reduced_circuit_not_author_reproduction
1038,40.0,paired,B,carry_trace,1730612b9b7fd47ffc4946c1,0036d300256c76a4f5896c9a67c09337f62afc17d020e7827ddb9cdd844e3729,7b0471a5f8f5afc0970448c27ee2a738ea370406e8df43ba2d823895f295ca27,3320.0000000000846,3322.0000000000846,0.0,0.5754915852304523,2.6501822958380217e-10,0.5754915849654341,80,40,32.0,True,0.08606445434185561,0.5754915852304523,computed_reduced_circuit_not_author_reproduction
1038,40.0,paired,B,trace_reset_ablation,fd72b06db4a64f380036f2d2,0036d300256c76a4f5896c9a67c09337f62afc17d020e7827ddb9cdd844e3729,30ecf9c8fc91cd622ee6dc4615967cebd59fea9f1db767fa5d870a40606ea3e5,3320.0000000000846,3322.0000000000846,0.0,0.5754915851511067,0.0,0.5754915851511067,80,40,32.0,True,0.08606445432484744,0.5754915851511067,computed_reduced_circuit_not_author_reproduction
1038,40.0,explicitly_unpaired,A,carry_trace,913c8a1f2ccb7bbe1e72d62a,0036d300256c76a4f5896c9a67c09337f62afc17d020e7827ddb9cdd844e3729,0036d300256c76a4f5896c9a67c09337f62afc17d020e7827ddb9cdd844e3729,3320.0000000000846,3322.0000000000846,0.0,0.0,0.0,0.0,80,40,32.0,False,0.0,0.0,computed_reduced_circuit_not_author_reproduction
1038,40.0,explicitly_unpaired,A,trace_reset_ablation,0a1fd7500f544d8273561544,0036d300256c76a4f5896c9a67c09337f62afc17d020e7827ddb9cdd844e3729,0036d300256c76a4f5896c9a67c09337f62afc17d020e7827ddb9cdd844e3729,3320.0000000000846,3322.0000000000846,0.0,0.0,0.0,0.0,80,40,32.0,False,0.0,0.0,computed_reduced_circuit_not_author_reproduction
1038,40.0,explicitly_unpaired,B,carry_trace,93c73a5fd37235575085c031,0036d300256c76a4f5896c9a67c09337f62afc17d020e7827ddb9cdd844e3729,0036d300256c76a4f5896c9a67c09337f62afc17d020e7827ddb9cdd844e3729,3320.0000000000846,3322.0000000000846,0.0,0.0,0.0,0.0,80,40,32.0,False,0.0,0.0,computed_reduced_circuit_not_author_reproduction
1038,40.0,explicitly_unpaired,B,trace_reset_ablation,8c2c99c88aa808ebf1cf44f4,0036d300256c76a4f5896c9a67c09337f62afc17d020e7827ddb9cdd844e3729,0036d300256c76a4f5896c9a67c09337f62afc17d020e7827ddb9cdd844e3729,3320.0000000000846,3322.0000000000846,0.0,0.0,0.0,0.0,80,40,32.0,False,0.0,0.0,computed_reduced_circuit_not_author_reproduction
1038,40.0,no_reward,A,carry_trace,525f33e82f00959d62418c07,0036d300256c76a4f5896c9a67c09337f62afc17d020e7827ddb9cdd844e3729,0036d300256c76a4f5896c9a67c09337f62afc17d020e7827ddb9cdd844e3729,3320.0000000000846,3322.0000000000846,0.0,0.0,0.0,0.0,80,0,0.0,False,0.0,0.0,computed_reduced_circuit_not_author_reproduction
1038,40.0,no_reward,A,trace_reset_ablation,83893b62e64c619770111871,0036d300256c76a4f5896c9a67c09337f62afc17d020e7827ddb9cdd844e3729,0036d300256c76a4f5896c9a67c09337f62afc17d020e7827ddb9cdd844e3729,3320.0000000000846,3322.0000000000846,0.0,0.0,0.0,0.0,80,0,0.0,False,0.0,0.0,computed_reduced_circuit_not_author_reproduction
1038,40.0,no_reward,B,carry_trace,cf72bf0b8e1cba8f14dc1066,0036d300256c76a4f5896c9a67c09337f62afc17d020e7827ddb9cdd844e3729,0036d300256c76a4f5896c9a67c09337f62afc17d020e7827ddb9cdd844e3729,3320.0000000000846,3322.0000000000846,0.0,0.0,0.0,0.0,80,0,0.0,False,0.0,0.0,computed_reduced_circuit_not_author_reproduction
1038,40.0,no_reward,B,trace_reset_ablation,237b4565e54a1c11599a0a5c,0036d300256c76a4f5896c9a67c09337f62afc17d020e7827ddb9cdd844e3729,0036d300256c76a4f5896c9a67c09337f62afc17d020e7827ddb9cdd844e3729,3320.0000000000846,3322.0000000000846,0.0,0.0,0.0,0.0,80,0,0.0,False,0.0,0.0,computed_reduced_circuit_not_author_reproduction
1038,40.0,plasticity_disabled,A,carry_trace,8dcf2dafa6c2910aa3268cf8,0036d300256c76a4f5896c9a67c09337f62afc17d020e7827ddb9cdd844e3729,0036d300256c76a4f5896c9a67c09337f62afc17d020e7827ddb9cdd844e3729,3320.0000000000846,3322.0000000000846,0.0,0.0,0.0,0.0,80,40,32.0,False,0.0,0.0,computed_reduced_circuit_not_author_reproduction
1038,40.0,plasticity_disabled,A,trace_reset_ablation,7f4b70629797872bf27da6ff,0036d300256c76a4f5896c9a67c09337f62afc17d020e7827ddb9cdd844e3729,0036d300256c76a4f5896c9a67c09337f62afc17d020e7827ddb9cdd844e3729,3320.0000000000846,3322.0000000000846,0.0,0.0,0.0,0.0,80,40,32.0,False,0.0,0.0,computed_reduced_circuit_not_author_reproduction
1038,40.0,plasticity_disabled,B,carry_trace,926b3baf503d188f5acad0b4,0036d300256c76a4f5896c9a67c09337f62afc17d020e7827ddb9cdd844e3729,0036d300256c76a4f5896c9a67c09337f62afc17d020e7827ddb9cdd844e3729,3320.0000000000846,3322.0000000000846,0.0,0.0,0.0,0.0,80,40,32.0,False,0.0,0.0,computed_reduced_circuit_not_author_reproduction
1038,40.0,plasticity_disabled,B,trace_reset_ablation,6090ad8f32be2c54ba0e3a8c,0036d300256c76a4f5896c9a67c09337f62afc17d020e7827ddb9cdd844e3729,0036d300256c76a4f5896c9a67c09337f62afc17d020e7827ddb9cdd844e3729,3320.0000000000846,3322.0000000000846,0.0,0.0,0.0,0.0,80,40,32.0,False,0.0,0.0,computed_reduced_circuit_not_author_reproduction
1039,2.0,paired,A,carry_trace,d3599d7977f9d8deee4b9107,0036d300256c76a4f5896c9a67c09337f62afc17d020e7827ddb9cdd844e3729,cc7216e69fa5f419a3eb549882a540af2c3d38b222a73459a32d9835e58cc654,318.00000000001364,320.00000000001364,0.0,0.5952573200254045,0.048607406248977414,0.5466499137764271,80,40,32.0,True,0.0679350318319143,0.5952573200254045,computed_reduced_circuit_not_author_reproduction
1039,2.0,paired,A,trace_reset_ablation,d326234ae8972b0ce2fc57ba,0036d300256c76a4f5896c9a67c09337f62afc17d020e7827ddb9cdd844e3729,dad119122e82da3d3823dcccc597474a4e7a9dfdbfa5a8053f35ec1a7f20829d,318.00000000001364,320.00000000001364,0.0,0.588257500912901,0.0,0.588257500912901,80,40,32.0,True,0.06544736894253345,0.588257500912901,computed_reduced_circuit_not_author_reproduction
1039,2.0,paired,B,carry_trace,e9d1935b8af058abb06f08b0,0036d300256c76a4f5896c9a67c09337f62afc17d020e7827ddb9cdd844e3729,9f5da24624215504c0937d3e6e0f50ac54f6b433f4e1b1017648ef3a168e2fef,318.00000000001364,320.00000000001364,0.0,0.5807919712265571,0.05430244914313942,0.5264895220834177,80,40,32.0,True,0.07915561782679481,0.5807919712265571,computed_reduced_circuit_not_author_reproduction
1039,2.0,paired,B,trace_reset_ablation,a35d94b7d2488087f3029f79,0036d300256c76a4f5896c9a67c09337f62afc17d020e7827ddb9cdd844e3729,12b0d3a5c75c649f113ba02cf3004b696552645d17852ec37b7edb905188b597,318.00000000001364,320.00000000001364,0.0,0.5712242473121361,0.0,0.5712242473121361,80,40,32.0,True,0.07569639554122942,0.5712242473121361,computed_reduced_circuit_not_author_reproduction
1039,2.0,explicitly_unpaired,A,carry_trace,e1dcadd053d93585e9db7c11,0036d300256c76a4f5896c9a67c09337f62afc17d020e7827ddb9cdd844e3729,0036d300256c76a4f5896c9a67c09337f62afc17d020e7827ddb9cdd844e3729,318.00000000001353,320.00000000001353,0.0,0.0,0.0,0.0,80,40,32.0,False,0.0,0.0,computed_reduced_circuit_not_author_reproduction
1039,2.0,explicitly_unpaired,A,trace_reset_ablation,12f18535c7d1c27449b79a66,0036d300256c76a4f5896c9a67c09337f62afc17d020e7827ddb9cdd844e3729,0036d300256c76a4f5896c9a67c09337f62afc17d020e7827ddb9cdd844e3729,318.00000000001353,320.00000000001353,0.0,0.0,0.0,0.0,80,40,32.0,False,0.0,0.0,computed_reduced_circuit_not_author_reproduction
1039,2.0,explicitly_unpaired,B,carry_trace,e60dfb5d4ba7aa94c05c6489,0036d300256c76a4f5896c9a67c09337f62afc17d020e7827ddb9cdd844e3729,0036d300256c76a4f5896c9a67c09337f62afc17d020e7827ddb9cdd844e3729,318.00000000001353,320.00000000001353,0.0,0.0,0.0,0.0,80,40,32.0,False,0.0,0.0,computed_reduced_circuit_not_author_reproduction
1039,2.0,explicitly_unpaired,B,trace_reset_ablation,a47fb7d6b23f89d4e6aa02ae,0036d300256c76a4f5896c9a67c09337f62afc17d020e7827ddb9cdd844e3729,0036d300256c76a4f5896c9a67c09337f62afc17d020e7827ddb9cdd844e3729,318.00000000001353,320.00000000001353,0.0,0.0,0.0,0.0,80,40,32.0,False,0.0,0.0,computed_reduced_circuit_not_author_reproduction
1039,2.0,no_reward,A,carry_trace,8051b8d25ebe9d298c2079f9,0036d300256c76a4f5896c9a67c09337f62afc17d020e7827ddb9cdd844e3729,0036d300256c76a4f5896c9a67c09337f62afc17d020e7827ddb9cdd844e3729,318.00000000001364,320.00000000001364,0.0,0.0,0.0,0.0,80,0,0.0,False,0.0,0.0,computed_reduced_circuit_not_author_reproduction
1039,2.0,no_reward,A,trace_reset_ablation,50f1307eb851bb92cc5c5284,0036d300256c76a4f5896c9a67c09337f62afc17d020e7827ddb9cdd844e3729,0036d300256c76a4f5896c9a67c09337f62afc17d020e7827ddb9cdd844e3729,318.00000000001364,320.00000000001364,0.0,0.0,0.0,0.0,80,0,0.0,False,0.0,0.0,computed_reduced_circuit_not_author_reproduction
1039,2.0,no_reward,B,carry_trace,7fa247771df146c8b61392a2,0036d300256c76a4f5896c9a67c09337f62afc17d020e7827ddb9cdd844e3729,0036d300256c76a4f5896c9a67c09337f62afc17d020e7827ddb9cdd844e3729,318.00000000001364,320.00000000001364,0.0,0.0,0.0,0.0,80,0,0.0,False,0.0,0.0,computed_reduced_circuit_not_author_reproduction
1039,2.0,no_reward,B,trace_reset_ablation,3c2c9d585eaff04490533f34,0036d300256c76a4f5896c9a67c09337f62afc17d020e7827ddb9cdd844e3729,0036d300256c76a4f5896c9a67c09337f62afc17d020e7827ddb9cdd844e3729,318.00000000001364,320.00000000001364,0.0,0.0,0.0,0.0,80,0,0.0,False,0.0,0.0,computed_reduced_circuit_not_author_reproduction
1039,2.0,plasticity_disabled,A,carry_trace,bebd4a63c6055fe1808236ca,0036d300256c76a4f5896c9a67c09337f62afc17d020e7827ddb9cdd844e3729,0036d300256c76a4f5896c9a67c09337f62afc17d020e7827ddb9cdd844e3729,318.00000000001364,320.00000000001364,0.0,0.0,0.0,0.0,80,40,32.0,False,0.0,0.0,computed_reduced_circuit_not_author_reproduction
1039,2.0,plasticity_disabled,A,trace_reset_ablation,70810fe4670f13a25287f694,0036d300256c76a4f5896c9a67c09337f62afc17d020e7827ddb9cdd844e3729,0036d300256c76a4f5896c9a67c09337f62afc17d020e7827ddb9cdd844e3729,318.00000000001364,320.00000000001364,0.0,0.0,0.0,0.0,80,40,32.0,False,0.0,0.0,computed_reduced_circuit_not_author_reproduction
1039,2.0,plasticity_disabled,B,carry_trace,ac27af2c686baf58c5e7068e,0036d300256c76a4f5896c9a67c09337f62afc17d020e7827ddb9cdd844e3729,0036d300256c76a4f5896c9a67c09337f62afc17d020e7827ddb9cdd844e3729,318.00000000001364,320.00000000001364,0.0,0.0,0.0,0.0,80,40,32.0,False,0.0,0.0,computed_reduced_circuit_not_author_reproduction
1039,2.0,plasticity_disabled,B,trace_reset_ablation,f79b72e269705a3498ac7a48,0036d300256c76a4f5896c9a67c09337f62afc17d020e7827ddb9cdd844e3729,0036d300256c76a4f5896c9a67c09337f62afc17d020e7827ddb9cdd844e3729,318.00000000001364,320.00000000001364,0.0,0.0,0.0,0.0,80,40,32.0,False,0.0,0.0,computed_reduced_circuit_not_author_reproduction
1039,10.0,paired,A,carry_trace,04618f401a24697df1bc1ac8,0036d300256c76a4f5896c9a67c09337f62afc17d020e7827ddb9cdd844e3729,c5120d7a5bd4910718fce29121cb4729f5035632b137e29f41077d3d03afb8d8,949.9999999999714,951.9999999999714,0.0,0.5884712376045369,0.0008015645627524881,0.5876696730417844,80,40,32.0,True,0.06548200078548705,0.5884712376045369,computed_reduced_circuit_not_author_reproduction
1039,10.0,paired,A,trace_reset_ablation,18aca68d16e2f426d29bbb62,0036d300256c76a4f5896c9a67c09337f62afc17d020e7827ddb9cdd844e3729,dad119122e82da3d3823dcccc597474a4e7a9dfdbfa5a8053f35ec1a7f20829d,949.9999999999714,951.9999999999714,0.0,0.588257500912901,0.0,0.588257500912901,80,40,32.0,True,0.06544736894253345,0.588257500912901,computed_reduced_circuit_not_author_reproduction
1039,10.0,paired,B,carry_trace,f2bf0498ac8bc2efa1a39551,0036d300256c76a4f5896c9a67c09337f62afc17d020e7827ddb9cdd844e3729,c9d98e11f278c50fac045a0337cb7963f844f4933123821127016a97c764a7b7,949.9999999999714,951.9999999999714,0.0,0.5714791043570958,0.0009076134113017442,0.5705714909457941,80,40,32.0,True,0.07574504866639187,0.5714791043570958,computed_reduced_circuit_not_author_reproduction
1039,10.0,paired,B,trace_reset_ablation,606fc8686fd3b0c05005ab25,0036d300256c76a4f5896c9a67c09337f62afc17d020e7827ddb9cdd844e3729,12b0d3a5c75c649f113ba02cf3004b696552645d17852ec37b7edb905188b597,949.9999999999714,951.9999999999714,0.0,0.5712242473121361,0.0,0.5712242473121361,80,40,32.0,True,0.07569639554122942,0.5712242473121361,computed_reduced_circuit_not_author_reproduction
1039,10.0,explicitly_unpaired,A,carry_trace,5654d194dbad4dbe381e76ea,0036d300256c76a4f5896c9a67c09337f62afc17d020e7827ddb9cdd844e3729,0036d300256c76a4f5896c9a67c09337f62afc17d020e7827ddb9cdd844e3729,949.9999999999711,951.9999999999711,0.0,0.0,0.0,0.0,80,40,32.0,False,0.0,0.0,computed_reduced_circuit_not_author_reproduction
1039,10.0,explicitly_unpaired,A,trace_reset_ablation,97c2e4dec53f3def469af8ad,0036d300256c76a4f5896c9a67c09337f62afc17d020e7827ddb9cdd844e3729,0036d300256c76a4f5896c9a67c09337f62afc17d020e7827ddb9cdd844e3729,949.9999999999711,951.9999999999711,0.0,0.0,0.0,0.0,80,40,32.0,False,0.0,0.0,computed_reduced_circuit_not_author_reproduction
1039,10.0,explicitly_unpaired,B,carry_trace,71f61b3097988c9319467c4c,0036d300256c76a4f5896c9a67c09337f62afc17d020e7827ddb9cdd844e3729,0036d300256c76a4f5896c9a67c09337f62afc17d020e7827ddb9cdd844e3729,949.9999999999711,951.9999999999711,0.0,0.0,0.0,0.0,80,40,32.0,False,0.0,0.0,computed_reduced_circuit_not_author_reproduction
1039,10.0,explicitly_unpaired,B,trace_reset_ablation,cb21749180ea5f32e494d709,0036d300256c76a4f5896c9a67c09337f62afc17d020e7827ddb9cdd844e3729,0036d300256c76a4f5896c9a67c09337f62afc17d020e7827ddb9cdd844e3729,949.9999999999711,951.9999999999711,0.0,0.0,0.0,0.0,80,40,32.0,False,0.0,0.0,computed_reduced_circuit_not_author_reproduction
1039,10.0,no_reward,A,carry_trace,3c0afd4d2d3e71558ef9447e,0036d300256c76a4f5896c9a67c09337f62afc17d020e7827ddb9cdd844e3729,0036d300256c76a4f5896c9a67c09337f62afc17d020e7827ddb9cdd844e3729,949.9999999999714,951.9999999999714,0.0,0.0,0.0,0.0,80,0,0.0,False,0.0,0.0,computed_reduced_circuit_not_author_reproduction
1039,10.0,no_reward,A,trace_reset_ablation,553df22ec6b6b2314ba07913,0036d300256c76a4f5896c9a67c09337f62afc17d020e7827ddb9cdd844e3729,0036d300256c76a4f5896c9a67c09337f62afc17d020e7827ddb9cdd844e3729,949.9999999999714,951.9999999999714,0.0,0.0,0.0,0.0,80,0,0.0,False,0.0,0.0,computed_reduced_circuit_not_author_reproduction
1039,10.0,no_reward,B,carry_trace,4758a59639d80de99c77c010,0036d300256c76a4f5896c9a67c09337f62afc17d020e7827ddb9cdd844e3729,0036d300256c76a4f5896c9a67c09337f62afc17d020e7827ddb9cdd844e3729,949.9999999999714,951.9999999999714,0.0,0.0,0.0,0.0,80,0,0.0,False,0.0,0.0,computed_reduced_circuit_not_author_reproduction
1039,10.0,no_reward,B,trace_reset_ablation,d054f8fa05184a3d54027de9,0036d300256c76a4f5896c9a67c09337f62afc17d020e7827ddb9cdd844e3729,0036d300256c76a4f5896c9a67c09337f62afc17d020e7827ddb9cdd844e3729,949.9999999999714,951.9999999999714,0.0,0.0,0.0,0.0,80,0,0.0,False,0.0,0.0,computed_reduced_circuit_not_author_reproduction
1039,10.0,plasticity_disabled,A,carry_trace,32885932e2d3ce0e5c90216d,0036d300256c76a4f5896c9a67c09337f62afc17d020e7827ddb9cdd844e3729,0036d300256c76a4f5896c9a67c09337f62afc17d020e7827ddb9cdd844e3729,949.9999999999714,951.9999999999714,0.0,0.0,0.0,0.0,80,40,32.0,False,0.0,0.0,computed_reduced_circuit_not_author_reproduction
1039,10.0,plasticity_disabled,A,trace_reset_ablation,3c3505242f7c89d8cae1557c,0036d300256c76a4f5896c9a67c09337f62afc17d020e7827ddb9cdd844e3729,0036d300256c76a4f5896c9a67c09337f62afc17d020e7827ddb9cdd844e3729,949.9999999999714,951.9999999999714,0.0,0.0,0.0,0.0,80,40,32.0,False,0.0,0.0,computed_reduced_circuit_not_author_reproduction
1039,10.0,plasticity_disabled,B,carry_trace,efdf80844a3c70398cee4307,0036d300256c76a4f5896c9a67c09337f62afc17d020e7827ddb9cdd844e3729,0036d300256c76a4f5896c9a67c09337f62afc17d020e7827ddb9cdd844e3729,949.9999999999714,951.9999999999714,0.0,0.0,0.0,0.0,80,40,32.0,False,0.0,0.0,computed_reduced_circuit_not_author_reproduction
1039,10.0,plasticity_disabled,B,trace_reset_ablation,500daf674c49d52ad5e68f7c,0036d300256c76a4f5896c9a67c09337f62afc17d020e7827ddb9cdd844e3729,0036d300256c76a4f5896c9a67c09337f62afc17d020e7827ddb9cdd844e3729,949.9999999999714,951.9999999999714,0.0,0.0,0.0,0.0,80,40,32.0,False,0.0,0.0,computed_reduced_circuit_not_author_reproduction
1039,40.0,paired,A,carry_trace,316f3c82414f24d78c33a140,0036d300256c76a4f5896c9a67c09337f62afc17d020e7827ddb9cdd844e3729,f6dd18e726e086d04e9ca9ef62fb5c47942dfb178c17b0d464adfb1581bb75b3,3320.0000000000846,3322.0000000000846,0.0,0.5882575009787321,2.4484170246807935e-10,0.5882575007338904,80,40,32.0,True,0.06544736895308301,0.5882575009787321,computed_reduced_circuit_not_author_reproduction
1039,40.0,paired,A,trace_reset_ablation,e75cc3790b371e88183873ef,0036d300256c76a4f5896c9a67c09337f62afc17d020e7827ddb9cdd844e3729,dad119122e82da3d3823dcccc597474a4e7a9dfdbfa5a8053f35ec1a7f20829d,3320.0000000000846,3322.0000000000846,0.0,0.588257500912901,0.0,0.588257500912901,80,40,32.0,True,0.06544736894253345,0.588257500912901,computed_reduced_circuit_not_author_reproduction
1039,40.0,paired,B,carry_trace,13f9a2e95f13e08f3bbcb0f8,0036d300256c76a4f5896c9a67c09337f62afc17d020e7827ddb9cdd844e3729,bf8df46033973b13b52daaded7859b147b3ba6fa64bf51400826e1b6844d5508,3320.0000000000846,3322.0000000000846,0.0,0.5712242473905047,2.7731905660743905e-10,0.5712242471131856,80,40,32.0,True,0.0756963955560529,0.5712242473905047,computed_reduced_circuit_not_author_reproduction
1039,40.0,paired,B,trace_reset_ablation,9be4905bf242a8cb6e74406b,0036d300256c76a4f5896c9a67c09337f62afc17d020e7827ddb9cdd844e3729,12b0d3a5c75c649f113ba02cf3004b696552645d17852ec37b7edb905188b597,3320.0000000000846,3322.0000000000846,0.0,0.5712242473121361,0.0,0.5712242473121361,80,40,32.0,True,0.07569639554122942,0.5712242473121361,computed_reduced_circuit_not_author_reproduction
1039,40.0,explicitly_unpaired,A,carry_trace,c82cccabba703069f726f3f4,0036d300256c76a4f5896c9a67c09337f62afc17d020e7827ddb9cdd844e3729,0036d300256c76a4f5896c9a67c09337f62afc17d020e7827ddb9cdd844e3729,3320.0000000000846,3322.0000000000846,0.0,0.0,0.0,0.0,80,40,32.0,False,0.0,0.0,computed_reduced_circuit_not_author_reproduction
1039,40.0,explicitly_unpaired,A,trace_reset_ablation,270e26403899e36f14a8f475,0036d300256c76a4f5896c9a67c09337f62afc17d020e7827ddb9cdd844e3729,0036d300256c76a4f5896c9a67c09337f62afc17d020e7827ddb9cdd844e3729,3320.0000000000846,3322.0000000000846,0.0,0.0,0.0,0.0,80,40,32.0,False,0.0,0.0,computed_reduced_circuit_not_author_reproduction
1039,40.0,explicitly_unpaired,B,carry_trace,8eef32275f5ca4812803d87f,0036d300256c76a4f5896c9a67c09337f62afc17d020e7827ddb9cdd844e3729,0036d300256c76a4f5896c9a67c09337f62afc17d020e7827ddb9cdd844e3729,3320.0000000000846,3322.0000000000846,0.0,0.0,0.0,0.0,80,40,32.0,False,0.0,0.0,computed_reduced_circuit_not_author_reproduction
1039,40.0,explicitly_unpaired,B,trace_reset_ablation,5a4e4657eaf75286ef3fb1b4,0036d300256c76a4f5896c9a67c09337f62afc17d020e7827ddb9cdd844e3729,0036d300256c76a4f5896c9a67c09337f62afc17d020e7827ddb9cdd844e3729,3320.0000000000846,3322.0000000000846,0.0,0.0,0.0,0.0,80,40,32.0,False,0.0,0.0,computed_reduced_circuit_not_author_reproduction
1039,40.0,no_reward,A,carry_trace,85540cd27c577e53ca5961d5,0036d300256c76a4f5896c9a67c09337f62afc17d020e7827ddb9cdd844e3729,0036d300256c76a4f5896c9a67c09337f62afc17d020e7827ddb9cdd844e3729,3320.0000000000846,3322.0000000000846,0.0,0.0,0.0,0.0,80,0,0.0,False,0.0,0.0,computed_reduced_circuit_not_author_reproduction
1039,40.0,no_reward,A,trace_reset_ablation,4fc04b012f9012ba7a781667,0036d300256c76a4f5896c9a67c09337f62afc17d020e7827ddb9cdd844e3729,0036d300256c76a4f5896c9a67c09337f62afc17d020e7827ddb9cdd844e3729,3320.0000000000846,3322.0000000000846,0.0,0.0,0.0,0.0,80,0,0.0,False,0.0,0.0,computed_reduced_circuit_not_author_reproduction
1039,40.0,no_reward,B,carry_trace,0d430acb288b43923ea2b254,0036d300256c76a4f5896c9a67c09337f62afc17d020e7827ddb9cdd844e3729,0036d300256c76a4f5896c9a67c09337f62afc17d020e7827ddb9cdd844e3729,3320.0000000000846,3322.0000000000846,0.0,0.0,0.0,0.0,80,0,0.0,False,0.0,0.0,computed_reduced_circuit_not_author_reproduction
1039,40.0,no_reward,B,trace_reset_ablation,0d0945b479b383e6118e750d,0036d300256c76a4f5896c9a67c09337f62afc17d020e7827ddb9cdd844e3729,0036d300256c76a4f5896c9a67c09337f62afc17d020e7827ddb9cdd844e3729,3320.0000000000846,3322.0000000000846,0.0,0.0,0.0,0.0,80,0,0.0,False,0.0,0.0,computed_reduced_circuit_not_author_reproduction
1039,40.0,plasticity_disabled,A,carry_trace,443d953f6698fb0852b6a8e8,0036d300256c76a4f5896c9a67c09337f62afc17d020e7827ddb9cdd844e3729,0036d300256c76a4f5896c9a67c09337f62afc17d020e7827ddb9cdd844e3729,3320.0000000000846,3322.0000000000846,0.0,0.0,0.0,0.0,80,40,32.0,False,0.0,0.0,computed_reduced_circuit_not_author_reproduction
1039,40.0,plasticity_disabled,A,trace_reset_ablation,a7e182c9b29998c63958dce0,0036d300256c76a4f5896c9a67c09337f62afc17d020e7827ddb9cdd844e3729,0036d300256c76a4f5896c9a67c09337f62afc17d020e7827ddb9cdd844e3729,3320.0000000000846,3322.0000000000846,0.0,0.0,0.0,0.0,80,40,32.0,False,0.0,0.0,computed_reduced_circuit_not_author_reproduction
1039,40.0,plasticity_disabled,B,carry_trace,2bf5c144cd73f608dc19190f,0036d300256c76a4f5896c9a67c09337f62afc17d020e7827ddb9cdd844e3729,0036d300256c76a4f5896c9a67c09337f62afc17d020e7827ddb9cdd844e3729,3320.0000000000846,3322.0000000000846,0.0,0.0,0.0,0.0,80,40,32.0,False,0.0,0.0,computed_reduced_circuit_not_author_reproduction
1039,40.0,plasticity_disabled,B,trace_reset_ablation,699ff456b8112d61c96b1d0e,0036d300256c76a4f5896c9a67c09337f62afc17d020e7827ddb9cdd844e3729,0036d300256c76a4f5896c9a67c09337f62afc17d020e7827ddb9cdd844e3729,3320.0000000000846,3322.0000000000846,0.0,0.0,0.0,0.0,80,40,32.0,False,0.0,0.0,computed_reduced_circuit_not_author_reproduction
1040,2.0,paired,A,carry_trace,6ae7d073e2c56d735441f322,0036d300256c76a4f5896c9a67c09337f62afc17d020e7827ddb9cdd844e3729,652c8fe46523440e47cd114651f884b8d562327389a16edc6be48d827c708a08,318.00000000001364,320.00000000001364,0.0,0.5969501447788703,0.04854945434801905,0.5484006904308513,80,40,32.0,True,0.07037741505772854,0.5969501447788703,computed_reduced_circuit_not_author_reproduction
1040,2.0,paired,A,trace_reset_ablation,dbd523c579a261fe13f63dc5,0036d300256c76a4f5896c9a67c09337f62afc17d020e7827ddb9cdd844e3729,23393270f1c818561fc952a4850150f0a5ef499e4c4e394664f29b6f33151b27,318.00000000001364,320.00000000001364,0.0,0.5900417258731155,0.0,0.5900417258731155,80,40,32.0,True,0.0678258739014358,0.5900417258731155,computed_reduced_circuit_not_author_reproduction
1040,2.0,paired,B,carry_trace,bf1cf75e5294adaedf39d40f,0036d300256c76a4f5896c9a67c09337f62afc17d020e7827ddb9cdd844e3729,6c050b62a198dfa3a51470cc9538ad8db196779c41a4197856b7c1f9f3321fad,318.00000000001364,320.00000000001364,0.0,0.5799815128858523,0.05621951320231944,0.5237619996835329,80,40,32.0,True,0.08535172945739733,0.5799815128858523,computed_reduced_circuit_not_author_reproduction
1040,2.0,paired,B,trace_reset_ablation,9b0a3d9a0e94ba7dca8d92ff,0036d300256c76a4f5896c9a67c09337f62afc17d020e7827ddb9cdd844e3729,08e86f2e8144273b326ed38cd9f73a2c290e42ffea97c7a48521a8f0f4949763,318.00000000001364,320.00000000001364,0.0,0.5700147013434902,0.0,0.5700147013434902,80,40,32.0,True,0.08153442010839074,0.5700147013434902,computed_reduced_circuit_not_author_reproduction
1040,2.0,explicitly_unpaired,A,carry_trace,e3114df0bfee8ebe89d34f6c,0036d300256c76a4f5896c9a67c09337f62afc17d020e7827ddb9cdd844e3729,0036d300256c76a4f5896c9a67c09337f62afc17d020e7827ddb9cdd844e3729,318.00000000001353,320.00000000001353,0.0,0.0,0.0,0.0,80,40,32.0,False,0.0,0.0,computed_reduced_circuit_not_author_reproduction
1040,2.0,explicitly_unpaired,A,trace_reset_ablation,cf6910bd83a56cda01679a91,0036d300256c76a4f5896c9a67c09337f62afc17d020e7827ddb9cdd844e3729,0036d300256c76a4f5896c9a67c09337f62afc17d020e7827ddb9cdd844e3729,318.00000000001353,320.00000000001353,0.0,0.0,0.0,0.0,80,40,32.0,False,0.0,0.0,computed_reduced_circuit_not_author_reproduction
1040,2.0,explicitly_unpaired,B,carry_trace,5c9ed4dd3def56b893359b68,0036d300256c76a4f5896c9a67c09337f62afc17d020e7827ddb9cdd844e3729,0036d300256c76a4f5896c9a67c09337f62afc17d020e7827ddb9cdd844e3729,318.00000000001353,320.00000000001353,0.0,0.0,0.0,0.0,80,40,32.0,False,0.0,0.0,computed_reduced_circuit_not_author_reproduction
1040,2.0,explicitly_unpaired,B,trace_reset_ablation,4a87ffceb8349464cc6c7a35,0036d300256c76a4f5896c9a67c09337f62afc17d020e7827ddb9cdd844e3729,0036d300256c76a4f5896c9a67c09337f62afc17d020e7827ddb9cdd844e3729,318.00000000001353,320.00000000001353,0.0,0.0,0.0,0.0,80,40,32.0,False,0.0,0.0,computed_reduced_circuit_not_author_reproduction
1040,2.0,no_reward,A,carry_trace,ddeb28145e098bfddc1a801f,0036d300256c76a4f5896c9a67c09337f62afc17d020e7827ddb9cdd844e3729,0036d300256c76a4f5896c9a67c09337f62afc17d020e7827ddb9cdd844e3729,318.00000000001364,320.00000000001364,0.0,0.0,0.0,0.0,80,0,0.0,False,0.0,0.0,computed_reduced_circuit_not_author_reproduction
1040,2.0,no_reward,A,trace_reset_ablation,7f22ecc551e814efde44f656,0036d300256c76a4f5896c9a67c09337f62afc17d020e7827ddb9cdd844e3729,0036d300256c76a4f5896c9a67c09337f62afc17d020e7827ddb9cdd844e3729,318.00000000001364,320.00000000001364,0.0,0.0,0.0,0.0,80,0,0.0,False,0.0,0.0,computed_reduced_circuit_not_author_reproduction
1040,2.0,no_reward,B,carry_trace,94903d9263797ebe57ee3678,0036d300256c76a4f5896c9a67c09337f62afc17d020e7827ddb9cdd844e3729,0036d300256c76a4f5896c9a67c09337f62afc17d020e7827ddb9cdd844e3729,318.00000000001364,320.00000000001364,0.0,0.0,0.0,0.0,80,0,0.0,False,0.0,0.0,computed_reduced_circuit_not_author_reproduction
1040,2.0,no_reward,B,trace_reset_ablation,3de4e5e2670f0e334d243cba,0036d300256c76a4f5896c9a67c09337f62afc17d020e7827ddb9cdd844e3729,0036d300256c76a4f5896c9a67c09337f62afc17d020e7827ddb9cdd844e3729,318.00000000001364,320.00000000001364,0.0,0.0,0.0,0.0,80,0,0.0,False,0.0,0.0,computed_reduced_circuit_not_author_reproduction
1040,2.0,plasticity_disabled,A,carry_trace,add27d63d27f5df5630d13d3,0036d300256c76a4f5896c9a67c09337f62afc17d020e7827ddb9cdd844e3729,0036d300256c76a4f5896c9a67c09337f62afc17d020e7827ddb9cdd844e3729,318.00000000001364,320.00000000001364,0.0,0.0,0.0,0.0,80,40,32.0,False,0.0,0.0,computed_reduced_circuit_not_author_reproduction
1040,2.0,plasticity_disabled,A,trace_reset_ablation,ad1e2e3c63e6addb2b080a39,0036d300256c76a4f5896c9a67c09337f62afc17d020e7827ddb9cdd844e3729,0036d300256c76a4f5896c9a67c09337f62afc17d020e7827ddb9cdd844e3729,318.00000000001364,320.00000000001364,0.0,0.0,0.0,0.0,80,40,32.0,False,0.0,0.0,computed_reduced_circuit_not_author_reproduction
1040,2.0,plasticity_disabled,B,carry_trace,4522849b5b36eba756bffc9d,0036d300256c76a4f5896c9a67c09337f62afc17d020e7827ddb9cdd844e3729,0036d300256c76a4f5896c9a67c09337f62afc17d020e7827ddb9cdd844e3729,318.00000000001364,320.00000000001364,0.0,0.0,0.0,0.0,80,40,32.0,False,0.0,0.0,computed_reduced_circuit_not_author_reproduction
1040,2.0,plasticity_disabled,B,trace_reset_ablation,3bea33fc0e5e1ac04ea9ee17,0036d300256c76a4f5896c9a67c09337f62afc17d020e7827ddb9cdd844e3729,0036d300256c76a4f5896c9a67c09337f62afc17d020e7827ddb9cdd844e3729,318.00000000001364,320.00000000001364,0.0,0.0,0.0,0.0,80,40,32.0,False,0.0,0.0,computed_reduced_circuit_not_author_reproduction
1040,10.0,paired,A,carry_trace,ecaa4542507dda8af3ed019a,0036d300256c76a4f5896c9a67c09337f62afc17d020e7827ddb9cdd844e3729,8b63a63a7c3e557873ce4e78c42ff98176cb9af4eb82d6fa15ee87383038369e,949.9999999999714,951.9999999999714,0.0,0.5902560842301117,0.0008044815744657763,0.5894516026556459,80,40,32.0,True,0.0678618142021431,0.5902560842301117,computed_reduced_circuit_not_author_reproduction
1040,10.0,paired,A,trace_reset_ablation,6038605c2007fa8c7eb655ba,0036d300256c76a4f5896c9a67c09337f62afc17d020e7827ddb9cdd844e3729,23393270f1c818561fc952a4850150f0a5ef499e4c4e394664f29b6f33151b27,949.9999999999714,951.9999999999714,0.0,0.5900417258731155,0.0,0.5900417258731155,80,40,32.0,True,0.0678258739014358,0.5900417258731155,computed_reduced_circuit_not_author_reproduction
1040,10.0,paired,B,carry_trace,78730c6d42548d8ed003ea37,0036d300256c76a4f5896c9a67c09337f62afc17d020e7827ddb9cdd844e3729,ad888e0bc13e8e4d91d960fc526d404008a22414b345033e468e7ff14a41e487,949.9999999999714,951.9999999999714,0.0,0.5702771703011171,0.0009441635725266906,0.5693330067285904,80,40,32.0,True,0.08158849239252852,0.5702771703011171,computed_reduced_circuit_not_author_reproduction
1040,10.0,paired,B,trace_reset_ablation,9730f43ee7d3455ecadf2176,0036d300256c76a4f5896c9a67c09337f62afc17d020e7827ddb9cdd844e3729,08e86f2e8144273b326ed38cd9f73a2c290e42ffea97c7a48521a8f0f4949763,949.9999999999714,951.9999999999714,0.0,0.5700147013434902,0.0,0.5700147013434902,80,40,32.0,True,0.08153442010839074,0.5700147013434902,computed_reduced_circuit_not_author_reproduction
1040,10.0,explicitly_unpaired,A,carry_trace,2fd9e234e4596c7e4cd3c834,0036d300256c76a4f5896c9a67c09337f62afc17d020e7827ddb9cdd844e3729,0036d300256c76a4f5896c9a67c09337f62afc17d020e7827ddb9cdd844e3729,949.9999999999711,951.9999999999711,0.0,0.0,0.0,0.0,80,40,32.0,False,0.0,0.0,computed_reduced_circuit_not_author_reproduction
1040,10.0,explicitly_unpaired,A,trace_reset_ablation,f500d070a6ba79e32077f532,0036d300256c76a4f5896c9a67c09337f62afc17d020e7827ddb9cdd844e3729,0036d300256c76a4f5896c9a67c09337f62afc17d020e7827ddb9cdd844e3729,949.9999999999711,951.9999999999711,0.0,0.0,0.0,0.0,80,40,32.0,False,0.0,0.0,computed_reduced_circuit_not_author_reproduction
1040,10.0,explicitly_unpaired,B,carry_trace,abae858ee4f0d24d6c5b0c29,0036d300256c76a4f5896c9a67c09337f62afc17d020e7827ddb9cdd844e3729,0036d300256c76a4f5896c9a67c09337f62afc17d020e7827ddb9cdd844e3729,949.9999999999711,951.9999999999711,0.0,0.0,0.0,0.0,80,40,32.0,False,0.0,0.0,computed_reduced_circuit_not_author_reproduction
1040,10.0,explicitly_unpaired,B,trace_reset_ablation,b6f7ff685f638d56d216a538,0036d300256c76a4f5896c9a67c09337f62afc17d020e7827ddb9cdd844e3729,0036d300256c76a4f5896c9a67c09337f62afc17d020e7827ddb9cdd844e3729,949.9999999999711,951.9999999999711,0.0,0.0,0.0,0.0,80,40,32.0,False,0.0,0.0,computed_reduced_circuit_not_author_reproduction
1040,10.0,no_reward,A,carry_trace,b78300791cf429be2beadf80,0036d300256c76a4f5896c9a67c09337f62afc17d020e7827ddb9cdd844e3729,0036d300256c76a4f5896c9a67c09337f62afc17d020e7827ddb9cdd844e3729,949.9999999999714,951.9999999999714,0.0,0.0,0.0,0.0,80,0,0.0,False,0.0,0.0,computed_reduced_circuit_not_author_reproduction
1040,10.0,no_reward,A,trace_reset_ablation,99f13433f59e75fca54fb256,0036d300256c76a4f5896c9a67c09337f62afc17d020e7827ddb9cdd844e3729,0036d300256c76a4f5896c9a67c09337f62afc17d020e7827ddb9cdd844e3729,949.9999999999714,951.9999999999714,0.0,0.0,0.0,0.0,80,0,0.0,False,0.0,0.0,computed_reduced_circuit_not_author_reproduction
1040,10.0,no_reward,B,carry_trace,3fa6dae329f134fe7ad04eae,0036d300256c76a4f5896c9a67c09337f62afc17d020e7827ddb9cdd844e3729,0036d300256c76a4f5896c9a67c09337f62afc17d020e7827ddb9cdd844e3729,949.9999999999714,951.9999999999714,0.0,0.0,0.0,0.0,80,0,0.0,False,0.0,0.0,computed_reduced_circuit_not_author_reproduction
1040,10.0,no_reward,B,trace_reset_ablation,a794de35e43ec9a4b0ba666d,0036d300256c76a4f5896c9a67c09337f62afc17d020e7827ddb9cdd844e3729,0036d300256c76a4f5896c9a67c09337f62afc17d020e7827ddb9cdd844e3729,949.9999999999714,951.9999999999714,0.0,0.0,0.0,0.0,80,0,0.0,False,0.0,0.0,computed_reduced_circuit_not_author_reproduction
1040,10.0,plasticity_disabled,A,carry_trace,f5faa42b910cfb5e09c07044,0036d300256c76a4f5896c9a67c09337f62afc17d020e7827ddb9cdd844e3729,0036d300256c76a4f5896c9a67c09337f62afc17d020e7827ddb9cdd844e3729,949.9999999999714,951.9999999999714,0.0,0.0,0.0,0.0,80,40,32.0,False,0.0,0.0,computed_reduced_circuit_not_author_reproduction
1040,10.0,plasticity_disabled,A,trace_reset_ablation,9dc51352c1e13c5fa494cc4c,0036d300256c76a4f5896c9a67c09337f62afc17d020e7827ddb9cdd844e3729,0036d300256c76a4f5896c9a67c09337f62afc17d020e7827ddb9cdd844e3729,949.9999999999714,951.9999999999714,0.0,0.0,0.0,0.0,80,40,32.0,False,0.0,0.0,computed_reduced_circuit_not_author_reproduction
1040,10.0,plasticity_disabled,B,carry_trace,9979378df4d1c953f414ea5e,0036d300256c76a4f5896c9a67c09337f62afc17d020e7827ddb9cdd844e3729,0036d300256c76a4f5896c9a67c09337f62afc17d020e7827ddb9cdd844e3729,949.9999999999714,951.9999999999714,0.0,0.0,0.0,0.0,80,40,32.0,False,0.0,0.0,computed_reduced_circuit_not_author_reproduction
1040,10.0,plasticity_disabled,B,trace_reset_ablation,f1ee717fe7124c83eab5c2d1,0036d300256c76a4f5896c9a67c09337f62afc17d020e7827ddb9cdd844e3729,0036d300256c76a4f5896c9a67c09337f62afc17d020e7827ddb9cdd844e3729,949.9999999999714,951.9999999999714,0.0,0.0,0.0,0.0,80,40,32.0,False,0.0,0.0,computed_reduced_circuit_not_author_reproduction
1040,40.0,paired,A,carry_trace,90ed6465372430945a6f010e,0036d300256c76a4f5896c9a67c09337f62afc17d020e7827ddb9cdd844e3729,19e7d2b2d42a05ba9b7dc0863bf5233a0c71c02184ab031d15565f84fe27537d,3320.0000000000846,3322.0000000000846,0.0,0.5900417259391494,2.4575341761590153e-10,0.590041725693396,80,40,32.0,True,0.0678258739123857,0.5900417259391494,computed_reduced_circuit_not_author_reproduction
1040,40.0,paired,A,trace_reset_ablation,ccacc826725f997811704a95,0036d300256c76a4f5896c9a67c09337f62afc17d020e7827ddb9cdd844e3729,23393270f1c818561fc952a4850150f0a5ef499e4c4e394664f29b6f33151b27,3320.0000000000846,3322.0000000000846,0.0,0.5900417258731155,0.0,0.5900417258731155,80,40,32.0,True,0.0678258739014358,0.5900417258731155,computed_reduced_circuit_not_author_reproduction
1040,40.0,paired,B,carry_trace,5a5af0eee3ca89ac6f2b8919,0036d300256c76a4f5896c9a67c09337f62afc17d020e7827ddb9cdd844e3729,e19838face42023d9626fa02ea3214653c1c3414ebea2fd87da5d6917c29fd2b,3320.0000000000846,3322.0000000000846,0.0,0.5700147014241905,2.885114369632902e-10,0.5700147011356791,80,40,32.0,True,0.08153442012486767,0.5700147014241905,computed_reduced_circuit_not_author_reproduction
1040,40.0,paired,B,trace_reset_ablation,18b0176d1c11fd802af4b151,0036d300256c76a4f5896c9a67c09337f62afc17d020e7827ddb9cdd844e3729,08e86f2e8144273b326ed38cd9f73a2c290e42ffea97c7a48521a8f0f4949763,3320.0000000000846,3322.0000000000846,0.0,0.5700147013434902,0.0,0.5700147013434902,80,40,32.0,True,0.08153442010839074,0.5700147013434902,computed_reduced_circuit_not_author_reproduction
1040,40.0,explicitly_unpaired,A,carry_trace,2e3e748159fc6892419ddccc,0036d300256c76a4f5896c9a67c09337f62afc17d020e7827ddb9cdd844e3729,0036d300256c76a4f5896c9a67c09337f62afc17d020e7827ddb9cdd844e3729,3320.0000000000846,3322.0000000000846,0.0,0.0,0.0,0.0,80,40,32.0,False,0.0,0.0,computed_reduced_circuit_not_author_reproduction
1040,40.0,explicitly_unpaired,A,trace_reset_ablation,2413b76c38bcbc0636715fd9,0036d300256c76a4f5896c9a67c09337f62afc17d020e7827ddb9cdd844e3729,0036d300256c76a4f5896c9a67c09337f62afc17d020e7827ddb9cdd844e3729,3320.0000000000846,3322.0000000000846,0.0,0.0,0.0,0.0,80,40,32.0,False,0.0,0.0,computed_reduced_circuit_not_author_reproduction
1040,40.0,explicitly_unpaired,B,carry_trace,501117593573f5486df58e56,0036d300256c76a4f5896c9a67c09337f62afc17d020e7827ddb9cdd844e3729,0036d300256c76a4f5896c9a67c09337f62afc17d020e7827ddb9cdd844e3729,3320.0000000000846,3322.0000000000846,0.0,0.0,0.0,0.0,80,40,32.0,False,0.0,0.0,computed_reduced_circuit_not_author_reproduction
1040,40.0,explicitly_unpaired,B,trace_reset_ablation,16c43e2e1ed0680499290d1d,0036d300256c76a4f5896c9a67c09337f62afc17d020e7827ddb9cdd844e3729,0036d300256c76a4f5896c9a67c09337f62afc17d020e7827ddb9cdd844e3729,3320.0000000000846,3322.0000000000846,0.0,0.0,0.0,0.0,80,40,32.0,False,0.0,0.0,computed_reduced_circuit_not_author_reproduction
1040,40.0,no_reward,A,carry_trace,0ec3028952eee26eeba1db38,0036d300256c76a4f5896c9a67c09337f62afc17d020e7827ddb9cdd844e3729,0036d300256c76a4f5896c9a67c09337f62afc17d020e7827ddb9cdd844e3729,3320.0000000000846,3322.0000000000846,0.0,0.0,0.0,0.0,80,0,0.0,False,0.0,0.0,computed_reduced_circuit_not_author_reproduction
1040,40.0,no_reward,A,trace_reset_ablation,f8cc6fb2a1cfdb2c4acd0779,0036d300256c76a4f5896c9a67c09337f62afc17d020e7827ddb9cdd844e3729,0036d300256c76a4f5896c9a67c09337f62afc17d020e7827ddb9cdd844e3729,3320.0000000000846,3322.0000000000846,0.0,0.0,0.0,0.0,80,0,0.0,False,0.0,0.0,computed_reduced_circuit_not_author_reproduction
1040,40.0,no_reward,B,carry_trace,de9d292dc303188575cc7e21,0036d300256c76a4f5896c9a67c09337f62afc17d020e7827ddb9cdd844e3729,0036d300256c76a4f5896c9a67c09337f62afc17d020e7827ddb9cdd844e3729,3320.0000000000846,3322.0000000000846,0.0,0.0,0.0,0.0,80,0,0.0,False,0.0,0.0,computed_reduced_circuit_not_author_reproduction
1040,40.0,no_reward,B,trace_reset_ablation,805c3e14599a0ddf9c887870,0036d300256c76a4f5896c9a67c09337f62afc17d020e7827ddb9cdd844e3729,0036d300256c76a4f5896c9a67c09337f62afc17d020e7827ddb9cdd844e3729,3320.0000000000846,3322.0000000000846,0.0,0.0,0.0,0.0,80,0,0.0,False,0.0,0.0,computed_reduced_circuit_not_author_reproduction
1040,40.0,plasticity_disabled,A,carry_trace,26316d382fb4fbcfdd38579c,0036d300256c76a4f5896c9a67c09337f62afc17d020e7827ddb9cdd844e3729,0036d300256c76a4f5896c9a67c09337f62afc17d020e7827ddb9cdd844e3729,3320.0000000000846,3322.0000000000846,0.0,0.0,0.0,0.0,80,40,32.0,False,0.0,0.0,computed_reduced_circuit_not_author_reproduction
1040,40.0,plasticity_disabled,A,trace_reset_ablation,a446c32744c8f02a01d36b28,0036d300256c76a4f5896c9a67c09337f62afc17d020e7827ddb9cdd844e3729,0036d300256c76a4f5896c9a67c09337f62afc17d020e7827ddb9cdd844e3729,3320.0000000000846,3322.0000000000846,0.0,0.0,0.0,0.0,80,40,32.0,False,0.0,0.0,computed_reduced_circuit_not_author_reproduction
1040,40.0,plasticity_disabled,B,carry_trace,b435095b01225771cd5bcea1,0036d300256c76a4f5896c9a67c09337f62afc17d020e7827ddb9cdd844e3729,0036d300256c76a4f5896c9a67c09337f62afc17d020e7827ddb9cdd844e3729,3320.0000000000846,3322.0000000000846,0.0,0.0,0.0,0.0,80,40,32.0,False,0.0,0.0,computed_reduced_circuit_not_author_reproduction
1040,40.0,plasticity_disabled,B,trace_reset_ablation,6b2b83957934f47ba79ad642,0036d300256c76a4f5896c9a67c09337f62afc17d020e7827ddb9cdd844e3729,0036d300256c76a4f5896c9a67c09337f62afc17d020e7827ddb9cdd844e3729,3320.0000000000846,3322.0000000000846,0.0,0.0,0.0,0.0,80,40,32.0,False,0.0,0.0,computed_reduced_circuit_not_author_reproduction
1041,2.0,paired,A,carry_trace,810b229c1328150f639cae21,0036d300256c76a4f5896c9a67c09337f62afc17d020e7827ddb9cdd844e3729,276751db31271229370a87102fefc3b3e289dc928d71210bbfe4ed1124dc65f9,318.00000000001364,320.00000000001364,0.0,0.5909403897130813,0.04838328413336401,0.5425571055797173,80,40,32.0,True,0.06907567285745964,0.5909403897130813,computed_reduced_circuit_not_author_reproduction
1041,2.0,paired,A,trace_reset_ablation,2e9d8dff1d5aa1eb72489b1e,0036d300256c76a4f5896c9a67c09337f62afc17d020e7827ddb9cdd844e3729,a9e5028685903c88d38507cbf6d81e70c66aebcd4ca8aca968aae3e2560a1679,318.00000000001364,320.00000000001364,0.0,0.5817010783402432,0.0,0.5817010783402432,80,40,32.0,True,0.06628069196679343,0.5817010783402432,computed_reduced_circuit_not_author_reproduction
1041,2.0,paired,B,carry_trace,64591cd6f232fca2a09d527b,0036d300256c76a4f5896c9a67c09337f62afc17d020e7827ddb9cdd844e3729,649d1e7cb62ee7ce78302982ce393374f31be402cafdcaeed518e384850f7898,318.00000000001364,320.00000000001364,0.0,0.5862859012594946,0.047058699120847036,0.5392272021386476,80,40,32.0,True,0.07217419684799975,0.5862859012594946,computed_reduced_circuit_not_author_reproduction
1041,2.0,paired,B,trace_reset_ablation,db808e73e843731c8e18cb59,0036d300256c76a4f5896c9a67c09337f62afc17d020e7827ddb9cdd844e3729,b71f2fd78a22e61624ecb7b73e616e3e4dbd9a8e633fa6d19cd3dc29c70a4baf,318.00000000001364,320.00000000001364,0.0,0.577622366085932,0.0,0.577622366085932,80,40,32.0,True,0.06936527368827194,0.577622366085932,computed_reduced_circuit_not_author_reproduction
1041,2.0,explicitly_unpaired,A,carry_trace,eab46871f9d8a26f4dade594,0036d300256c76a4f5896c9a67c09337f62afc17d020e7827ddb9cdd844e3729,0036d300256c76a4f5896c9a67c09337f62afc17d020e7827ddb9cdd844e3729,318.00000000001353,320.00000000001353,0.0,0.0,0.0,0.0,80,40,32.0,False,0.0,0.0,computed_reduced_circuit_not_author_reproduction
1041,2.0,explicitly_unpaired,A,trace_reset_ablation,b570c785c2866c1082f04974,0036d300256c76a4f5896c9a67c09337f62afc17d020e7827ddb9cdd844e3729,0036d300256c76a4f5896c9a67c09337f62afc17d020e7827ddb9cdd844e3729,318.00000000001353,320.00000000001353,0.0,0.0,0.0,0.0,80,40,32.0,False,0.0,0.0,computed_reduced_circuit_not_author_reproduction
1041,2.0,explicitly_unpaired,B,carry_trace,0f78a7d8460d7561a064ed9a,0036d300256c76a4f5896c9a67c09337f62afc17d020e7827ddb9cdd844e3729,0036d300256c76a4f5896c9a67c09337f62afc17d020e7827ddb9cdd844e3729,318.00000000001353,320.00000000001353,0.0,0.0,0.0,0.0,80,40,32.0,False,0.0,0.0,computed_reduced_circuit_not_author_reproduction
1041,2.0,explicitly_unpaired,B,trace_reset_ablation,91f2a9fd5e7a9b58955a31c3,0036d300256c76a4f5896c9a67c09337f62afc17d020e7827ddb9cdd844e3729,0036d300256c76a4f5896c9a67c09337f62afc17d020e7827ddb9cdd844e3729,318.00000000001353,320.00000000001353,0.0,0.0,0.0,0.0,80,40,32.0,False,0.0,0.0,computed_reduced_circuit_not_author_reproduction
1041,2.0,no_reward,A,carry_trace,c3b2af6de3e816a2ca85a3e8,0036d300256c76a4f5896c9a67c09337f62afc17d020e7827ddb9cdd844e3729,0036d300256c76a4f5896c9a67c09337f62afc17d020e7827ddb9cdd844e3729,318.00000000001364,320.00000000001364,0.0,0.0,0.0,0.0,80,0,0.0,False,0.0,0.0,computed_reduced_circuit_not_author_reproduction
1041,2.0,no_reward,A,trace_reset_ablation,4083f8649afe4695ba6ac6c4,0036d300256c76a4f5896c9a67c09337f62afc17d020e7827ddb9cdd844e3729,0036d300256c76a4f5896c9a67c09337f62afc17d020e7827ddb9cdd844e3729,318.00000000001364,320.00000000001364,0.0,0.0,0.0,0.0,80,0,0.0,False,0.0,0.0,computed_reduced_circuit_not_author_reproduction
1041,2.0,no_reward,B,carry_trace,5f0535305cd1b9b21b15a7fa,0036d300256c76a4f5896c9a67c09337f62afc17d020e7827ddb9cdd844e3729,0036d300256c76a4f5896c9a67c09337f62afc17d020e7827ddb9cdd844e3729,318.00000000001364,320.00000000001364,0.0,0.0,0.0,0.0,80,0,0.0,False,0.0,0.0,computed_reduced_circuit_not_author_reproduction
1041,2.0,no_reward,B,trace_reset_ablation,c72feb09da6b4b68e6e5e1b0,0036d300256c76a4f5896c9a67c09337f62afc17d020e7827ddb9cdd844e3729,0036d300256c76a4f5896c9a67c09337f62afc17d020e7827ddb9cdd844e3729,318.00000000001364,320.00000000001364,0.0,0.0,0.0,0.0,80,0,0.0,False,0.0,0.0,computed_reduced_circuit_not_author_reproduction
1041,2.0,plasticity_disabled,A,carry_trace,8793b07f5e3e111f3d58a1c9,0036d300256c76a4f5896c9a67c09337f62afc17d020e7827ddb9cdd844e3729,0036d300256c76a4f5896c9a67c09337f62afc17d020e7827ddb9cdd844e3729,318.00000000001364,320.00000000001364,0.0,0.0,0.0,0.0,80,40,32.0,False,0.0,0.0,computed_reduced_circuit_not_author_reproduction
1041,2.0,plasticity_disabled,A,trace_reset_ablation,bc67980176121d702e7b0857,0036d300256c76a4f5896c9a67c09337f62afc17d020e7827ddb9cdd844e3729,0036d300256c76a4f5896c9a67c09337f62afc17d020e7827ddb9cdd844e3729,318.00000000001364,320.00000000001364,0.0,0.0,0.0,0.0,80,40,32.0,False,0.0,0.0,computed_reduced_circuit_not_author_reproduction
1041,2.0,plasticity_disabled,B,carry_trace,0571f8f695b727ca807eaf02,0036d300256c76a4f5896c9a67c09337f62afc17d020e7827ddb9cdd844e3729,0036d300256c76a4f5896c9a67c09337f62afc17d020e7827ddb9cdd844e3729,318.00000000001364,320.00000000001364,0.0,0.0,0.0,0.0,80,40,32.0,False,0.0,0.0,computed_reduced_circuit_not_author_reproduction
1041,2.0,plasticity_disabled,B,trace_reset_ablation,295772d7667ef9e761cb1f7a,0036d300256c76a4f5896c9a67c09337f62afc17d020e7827ddb9cdd844e3729,0036d300256c76a4f5896c9a67c09337f62afc17d020e7827ddb9cdd844e3729,318.00000000001364,320.00000000001364,0.0,0.0,0.0,0.0,80,40,32.0,False,0.0,0.0,computed_reduced_circuit_not_author_reproduction
1041,10.0,paired,A,carry_trace,be3599f24143919ca0eaaa4d,0036d300256c76a4f5896c9a67c09337f62afc17d020e7827ddb9cdd844e3729,30fcddacd5fbdf01b6b3680d7fb43c5b3565f0ae56dece7c8a08054456622cc8,949.9999999999714,951.9999999999714,0.0,0.5819245759535222,0.0007933788737153336,0.5811311970798069,80,40,32.0,True,0.06631756176068848,0.5819245759535222,computed_reduced_circuit_not_author_reproduction
1041,10.0,paired,A,trace_reset_ablation,f542a24214f0065881bf1aea,0036d300256c76a4f5896c9a67c09337f62afc17d020e7827ddb9cdd844e3729,a9e5028685903c88d38507cbf6d81e70c66aebcd4ca8aca968aae3e2560a1679,949.9999999999714,951.9999999999714,0.0,0.5817010783402432,0.0,0.5817010783402432,80,40,32.0,True,0.06628069196679343,0.5817010783402432,computed_reduced_circuit_not_author_reproduction
1041,10.0,paired,B,carry_trace,95ae4264fc1877fdb5a1b32e,0036d300256c76a4f5896c9a67c09337f62afc17d020e7827ddb9cdd844e3729,f6f275579b42e1942777864101df23557300f79f9ca629ac465788ac7495ced3,949.9999999999714,951.9999999999714,0.0,0.5778468013563387,0.0007579167008657794,0.5770888846554729,80,40,32.0,True,0.06940421206307734,0.5778468013563387,computed_reduced_circuit_not_author_reproduction
1041,10.0,paired,B,trace_reset_ablation,22670c01f261ab412212123c,0036d300256c76a4f5896c9a67c09337f62afc17d020e7827ddb9cdd844e3729,b71f2fd78a22e61624ecb7b73e616e3e4dbd9a8e633fa6d19cd3dc29c70a4baf,949.9999999999714,951.9999999999714,0.0,0.577622366085932,0.0,0.577622366085932,80,40,32.0,True,0.06936527368827194,0.577622366085932,computed_reduced_circuit_not_author_reproduction
1041,10.0,explicitly_unpaired,A,carry_trace,f6ff02ba4e5496f7099934f9,0036d300256c76a4f5896c9a67c09337f62afc17d020e7827ddb9cdd844e3729,0036d300256c76a4f5896c9a67c09337f62afc17d020e7827ddb9cdd844e3729,949.9999999999711,951.9999999999711,0.0,0.0,0.0,0.0,80,40,32.0,False,0.0,0.0,computed_reduced_circuit_not_author_reproduction
1041,10.0,explicitly_unpaired,A,trace_reset_ablation,f05d807a02d1f7cd6e393132,0036d300256c76a4f5896c9a67c09337f62afc17d020e7827ddb9cdd844e3729,0036d300256c76a4f5896c9a67c09337f62afc17d020e7827ddb9cdd844e3729,949.9999999999711,951.9999999999711,0.0,0.0,0.0,0.0,80,40,32.0,False,0.0,0.0,computed_reduced_circuit_not_author_reproduction
1041,10.0,explicitly_unpaired,B,carry_trace,b0cf4298325659b0dadb8a36,0036d300256c76a4f5896c9a67c09337f62afc17d020e7827ddb9cdd844e3729,0036d300256c76a4f5896c9a67c09337f62afc17d020e7827ddb9cdd844e3729,949.9999999999711,951.9999999999711,0.0,0.0,0.0,0.0,80,40,32.0,False,0.0,0.0,computed_reduced_circuit_not_author_reproduction
1041,10.0,explicitly_unpaired,B,trace_reset_ablation,5454f4a664e4b48bf1db65b8,0036d300256c76a4f5896c9a67c09337f62afc17d020e7827ddb9cdd844e3729,0036d300256c76a4f5896c9a67c09337f62afc17d020e7827ddb9cdd844e3729,949.9999999999711,951.9999999999711,0.0,0.0,0.0,0.0,80,40,32.0,False,0.0,0.0,computed_reduced_circuit_not_author_reproduction
1041,10.0,no_reward,A,carry_trace,5eaade0e4a5ab932da1a24ac,0036d300256c76a4f5896c9a67c09337f62afc17d020e7827ddb9cdd844e3729,0036d300256c76a4f5896c9a67c09337f62afc17d020e7827ddb9cdd844e3729,949.9999999999714,951.9999999999714,0.0,0.0,0.0,0.0,80,0,0.0,False,0.0,0.0,computed_reduced_circuit_not_author_reproduction
1041,10.0,no_reward,A,trace_reset_ablation,819d1d589ed52aad88b0da62,0036d300256c76a4f5896c9a67c09337f62afc17d020e7827ddb9cdd844e3729,0036d300256c76a4f5896c9a67c09337f62afc17d020e7827ddb9cdd844e3729,949.9999999999714,951.9999999999714,0.0,0.0,0.0,0.0,80,0,0.0,False,0.0,0.0,computed_reduced_circuit_not_author_reproduction
1041,10.0,no_reward,B,carry_trace,3c02cd3eb7eaec7fe37d6472,0036d300256c76a4f5896c9a67c09337f62afc17d020e7827ddb9cdd844e3729,0036d300256c76a4f5896c9a67c09337f62afc17d020e7827ddb9cdd844e3729,949.9999999999714,951.9999999999714,0.0,0.0,0.0,0.0,80,0,0.0,False,0.0,0.0,computed_reduced_circuit_not_author_reproduction
1041,10.0,no_reward,B,trace_reset_ablation,fa540205b2f0107437a4e24f,0036d300256c76a4f5896c9a67c09337f62afc17d020e7827ddb9cdd844e3729,0036d300256c76a4f5896c9a67c09337f62afc17d020e7827ddb9cdd844e3729,949.9999999999714,951.9999999999714,0.0,0.0,0.0,0.0,80,0,0.0,False,0.0,0.0,computed_reduced_circuit_not_author_reproduction
1041,10.0,plasticity_disabled,A,carry_trace,d697bc3493e52c61018d36dd,0036d300256c76a4f5896c9a67c09337f62afc17d020e7827ddb9cdd844e3729,0036d300256c76a4f5896c9a67c09337f62afc17d020e7827ddb9cdd844e3729,949.9999999999714,951.9999999999714,0.0,0.0,0.0,0.0,80,40,32.0,False,0.0,0.0,computed_reduced_circuit_not_author_reproduction
1041,10.0,plasticity_disabled,A,trace_reset_ablation,1e0315b49a1572ecf682c275,0036d300256c76a4f5896c9a67c09337f62afc17d020e7827ddb9cdd844e3729,0036d300256c76a4f5896c9a67c09337f62afc17d020e7827ddb9cdd844e3729,949.9999999999714,951.9999999999714,0.0,0.0,0.0,0.0,80,40,32.0,False,0.0,0.0,computed_reduced_circuit_not_author_reproduction
1041,10.0,plasticity_disabled,B,carry_trace,55731dc69548a52a00b2dd93,0036d300256c76a4f5896c9a67c09337f62afc17d020e7827ddb9cdd844e3729,0036d300256c76a4f5896c9a67c09337f62afc17d020e7827ddb9cdd844e3729,949.9999999999714,951.9999999999714,0.0,0.0,0.0,0.0,80,40,32.0,False,0.0,0.0,computed_reduced_circuit_not_author_reproduction
1041,10.0,plasticity_disabled,B,trace_reset_ablation,12e853011ecfea9742d7a9c6,0036d300256c76a4f5896c9a67c09337f62afc17d020e7827ddb9cdd844e3729,0036d300256c76a4f5896c9a67c09337f62afc17d020e7827ddb9cdd844e3729,949.9999999999714,951.9999999999714,0.0,0.0,0.0,0.0,80,40,32.0,False,0.0,0.0,computed_reduced_circuit_not_author_reproduction
1041,40.0,paired,A,carry_trace,88b5a25a276e4e9e72de2e1b,0036d300256c76a4f5896c9a67c09337f62afc17d020e7827ddb9cdd844e3729,a354c91dd9a4f99b776e58c873ed81b97a45ec1cdccf0b09adb4663564864792,3320.0000000000846,3322.0000000000846,0.0,0.5817010784088583,2.4230195627694684e-10,0.5817010781665564,80,40,32.0,True,0.06628069197801068,0.5817010784088583,computed_reduced_circuit_not_author_reproduction
1041,40.0,paired,A,trace_reset_ablation,3348e57f4ab1e899aa1d4f2f,0036d300256c76a4f5896c9a67c09337f62afc17d020e7827ddb9cdd844e3729,a9e5028685903c88d38507cbf6d81e70c66aebcd4ca8aca968aae3e2560a1679,3320.0000000000846,3322.0000000000846,0.0,0.5817010783402432,0.0,0.5817010783402432,80,40,32.0,True,0.06628069196679343,0.5817010783402432,computed_reduced_circuit_not_author_reproduction
1041,40.0,paired,B,carry_trace,a3dc7790ba3c0dddd7e61c0b,0036d300256c76a4f5896c9a67c09337f62afc17d020e7827ddb9cdd844e3729,c68e0d88098cdb32172f97c7605b8442f6b6957f00ac85a3ca459e611b4868a2,3320.0000000000846,3322.0000000000846,0.0,0.5776223661549008,2.3137980420528947e-10,0.577622365923521,80,40,32.0,True,0.06936527370013057,0.5776223661549008,computed_reduced_circuit_not_author_reproduction
1041,40.0,paired,B,trace_reset_ablation,0e555ae9f144e8d76b27ed80,0036d300256c76a4f5896c9a67c09337f62afc17d020e7827ddb9cdd844e3729,b71f2fd78a22e61624ecb7b73e616e3e4dbd9a8e633fa6d19cd3dc29c70a4baf,3320.0000000000846,3322.0000000000846,0.0,0.577622366085932,0.0,0.577622366085932,80,40,32.0,True,0.06936527368827194,0.577622366085932,computed_reduced_circuit_not_author_reproduction
1041,40.0,explicitly_unpaired,A,carry_trace,bf0db341e9a09a721c979e80,0036d300256c76a4f5896c9a67c09337f62afc17d020e7827ddb9cdd844e3729,0036d300256c76a4f5896c9a67c09337f62afc17d020e7827ddb9cdd844e3729,3320.0000000000846,3322.0000000000846,0.0,0.0,0.0,0.0,80,40,32.0,False,0.0,0.0,computed_reduced_circuit_not_author_reproduction
1041,40.0,explicitly_unpaired,A,trace_reset_ablation,76dde212b3f901ca09f1cbb8,0036d300256c76a4f5896c9a67c09337f62afc17d020e7827ddb9cdd844e3729,0036d300256c76a4f5896c9a67c09337f62afc17d020e7827ddb9cdd844e3729,3320.0000000000846,3322.0000000000846,0.0,0.0,0.0,0.0,80,40,32.0,False,0.0,0.0,computed_reduced_circuit_not_author_reproduction
1041,40.0,explicitly_unpaired,B,carry_trace,b21742e8c2178af39f8514af,0036d300256c76a4f5896c9a67c09337f62afc17d020e7827ddb9cdd844e3729,0036d300256c76a4f5896c9a67c09337f62afc17d020e7827ddb9cdd844e3729,3320.0000000000846,3322.0000000000846,0.0,0.0,0.0,0.0,80,40,32.0,False,0.0,0.0,computed_reduced_circuit_not_author_reproduction
1041,40.0,explicitly_unpaired,B,trace_reset_ablation,f83d696d2c5dcd4ebdf30636,0036d300256c76a4f5896c9a67c09337f62afc17d020e7827ddb9cdd844e3729,0036d300256c76a4f5896c9a67c09337f62afc17d020e7827ddb9cdd844e3729,3320.0000000000846,3322.0000000000846,0.0,0.0,0.0,0.0,80,40,32.0,False,0.0,0.0,computed_reduced_circuit_not_author_reproduction
1041,40.0,no_reward,A,carry_trace,8dc7cd2ef82a6aa038f3ab0c,0036d300256c76a4f5896c9a67c09337f62afc17d020e7827ddb9cdd844e3729,0036d300256c76a4f5896c9a67c09337f62afc17d020e7827ddb9cdd844e3729,3320.0000000000846,3322.0000000000846,0.0,0.0,0.0,0.0,80,0,0.0,False,0.0,0.0,computed_reduced_circuit_not_author_reproduction
1041,40.0,no_reward,A,trace_reset_ablation,8dd0f014f242fdae56ee2f0b,0036d300256c76a4f5896c9a67c09337f62afc17d020e7827ddb9cdd844e3729,0036d300256c76a4f5896c9a67c09337f62afc17d020e7827ddb9cdd844e3729,3320.0000000000846,3322.0000000000846,0.0,0.0,0.0,0.0,80,0,0.0,False,0.0,0.0,computed_reduced_circuit_not_author_reproduction
1041,40.0,no_reward,B,carry_trace,346d266726d6ef36afb0c1e9,0036d300256c76a4f5896c9a67c09337f62afc17d020e7827ddb9cdd844e3729,0036d300256c76a4f5896c9a67c09337f62afc17d020e7827ddb9cdd844e3729,3320.0000000000846,3322.0000000000846,0.0,0.0,0.0,0.0,80,0,0.0,False,0.0,0.0,computed_reduced_circuit_not_author_reproduction
1041,40.0,no_reward,B,trace_reset_ablation,fb0ea8099ee0988b2971f90a,0036d300256c76a4f5896c9a67c09337f62afc17d020e7827ddb9cdd844e3729,0036d300256c76a4f5896c9a67c09337f62afc17d020e7827ddb9cdd844e3729,3320.0000000000846,3322.0000000000846,0.0,0.0,0.0,0.0,80,0,0.0,False,0.0,0.0,computed_reduced_circuit_not_author_reproduction
1041,40.0,plasticity_disabled,A,carry_trace,1abc3cfb50f35d0597f12e39,0036d300256c76a4f5896c9a67c09337f62afc17d020e7827ddb9cdd844e3729,0036d300256c76a4f5896c9a67c09337f62afc17d020e7827ddb9cdd844e3729,3320.0000000000846,3322.0000000000846,0.0,0.0,0.0,0.0,80,40,32.0,False,0.0,0.0,computed_reduced_circuit_not_author_reproduction
1041,40.0,plasticity_disabled,A,trace_reset_ablation,a4e401299591306546a5a711,0036d300256c76a4f5896c9a67c09337f62afc17d020e7827ddb9cdd844e3729,0036d300256c76a4f5896c9a67c09337f62afc17d020e7827ddb9cdd844e3729,3320.0000000000846,3322.0000000000846,0.0,0.0,0.0,0.0,80,40,32.0,False,0.0,0.0,computed_reduced_circuit_not_author_reproduction
1041,40.0,plasticity_disabled,B,carry_trace,0e7b8e1a1f1e81e18a950375,0036d300256c76a4f5896c9a67c09337f62afc17d020e7827ddb9cdd844e3729,0036d300256c76a4f5896c9a67c09337f62afc17d020e7827ddb9cdd844e3729,3320.0000000000846,3322.0000000000846,0.0,0.0,0.0,0.0,80,40,32.0,False,0.0,0.0,computed_reduced_circuit_not_author_reproduction
1041,40.0,plasticity_disabled,B,trace_reset_ablation,8642b4fa7e92f3fda94db97e,0036d300256c76a4f5896c9a67c09337f62afc17d020e7827ddb9cdd844e3729,0036d300256c76a4f5896c9a67c09337f62afc17d020e7827ddb9cdd844e3729,3320.0000000000846,3322.0000000000846,0.0,0.0,0.0,0.0,80,40,32.0,False,0.0,0.0,computed_reduced_circuit_not_author_reproduction
1042,2.0,paired,A,carry_trace,864645539b74725743c285f3,0036d300256c76a4f5896c9a67c09337f62afc17d020e7827ddb9cdd844e3729,4fca07ed7e6b926940ee8878d09e140522f9541f6eac386f4932726c2cb9f26b,318.00000000001364,320.00000000001364,0.0,0.5831961087257101,0.05078897984744124,0.5324071288782689,80,40,32.0,True,0.08492241618098922,0.5831961087257101,computed_reduced_circuit_not_author_reproduction
1042,2.0,paired,A,trace_reset_ablation,eeef57810abe5ad783222c37,0036d300256c76a4f5896c9a67c09337f62afc17d020e7827ddb9cdd844e3729,64ca3474a17c9caff3fb936810abb1e37ee835790e60fe8b2519c38982bc87aa,318.00000000001364,320.00000000001364,0.0,0.5738824735834833,0.0,0.5738824735834833,80,40,32.0,True,0.0813877405821275,0.5738824735834833,computed_reduced_circuit_not_author_reproduction
1042,2.0,paired,B,carry_trace,cae4aa163a08586efa8ec15b,0036d300256c76a4f5896c9a67c09337f62afc17d020e7827ddb9cdd844e3729,d34d9258460281a39e6bb6ff48925828ec07850817d23db7b677c087c719743d,318.00000000001364,320.00000000001364,0.0,0.5961097421963878,0.05006782838464652,0.5460419138117413,80,40,32.0,True,0.07533535870532848,0.5961097421963878,computed_reduced_circuit_not_author_reproduction
1042,2.0,paired,B,trace_reset_ablation,97df0b270db6d662b595a2c8,0036d300256c76a4f5896c9a67c09337f62afc17d020e7827ddb9cdd844e3729,fa579085832b2bbf08bbd1f87caea941f6ae9f5de35b350805274efa67bb7909,318.00000000001364,320.00000000001364,0.0,0.5870922112243158,0.0,0.5870922112243158,80,40,32.0,True,0.07226227868269075,0.5870922112243158,computed_reduced_circuit_not_author_reproduction
1042,2.0,explicitly_unpaired,A,carry_trace,1ed983cce915779cf1d995a6,0036d300256c76a4f5896c9a67c09337f62afc17d020e7827ddb9cdd844e3729,0036d300256c76a4f5896c9a67c09337f62afc17d020e7827ddb9cdd844e3729,318.00000000001353,320.00000000001353,0.0,0.0,0.0,0.0,80,40,32.0,False,0.0,0.0,computed_reduced_circuit_not_author_reproduction
1042,2.0,explicitly_unpaired,A,trace_reset_ablation,ac450897f6f073a7c585973f,0036d300256c76a4f5896c9a67c09337f62afc17d020e7827ddb9cdd844e3729,0036d300256c76a4f5896c9a67c09337f62afc17d020e7827ddb9cdd844e3729,318.00000000001353,320.00000000001353,0.0,0.0,0.0,0.0,80,40,32.0,False,0.0,0.0,computed_reduced_circuit_not_author_reproduction
1042,2.0,explicitly_unpaired,B,carry_trace,21439bacc557c8f7774a09f0,0036d300256c76a4f5896c9a67c09337f62afc17d020e7827ddb9cdd844e3729,0036d300256c76a4f5896c9a67c09337f62afc17d020e7827ddb9cdd844e3729,318.00000000001353,320.00000000001353,0.0,0.0,0.0,0.0,80,40,32.0,False,0.0,0.0,computed_reduced_circuit_not_author_reproduction
1042,2.0,explicitly_unpaired,B,trace_reset_ablation,bcdc7aab338f1584abb94aad,0036d300256c76a4f5896c9a67c09337f62afc17d020e7827ddb9cdd844e3729,0036d300256c76a4f5896c9a67c09337f62afc17d020e7827ddb9cdd844e3729,318.00000000001353,320.00000000001353,0.0,0.0,0.0,0.0,80,40,32.0,False,0.0,0.0,computed_reduced_circuit_not_author_reproduction
1042,2.0,no_reward,A,carry_trace,129c4adc1833592403eeeb00,0036d300256c76a4f5896c9a67c09337f62afc17d020e7827ddb9cdd844e3729,0036d300256c76a4f5896c9a67c09337f62afc17d020e7827ddb9cdd844e3729,318.00000000001364,320.00000000001364,0.0,0.0,0.0,0.0,80,0,0.0,False,0.0,0.0,computed_reduced_circuit_not_author_reproduction
1042,2.0,no_reward,A,trace_reset_ablation,668c920778f7079c9851176c,0036d300256c76a4f5896c9a67c09337f62afc17d020e7827ddb9cdd844e3729,0036d300256c76a4f5896c9a67c09337f62afc17d020e7827ddb9cdd844e3729,318.00000000001364,320.00000000001364,0.0,0.0,0.0,0.0,80,0,0.0,False,0.0,0.0,computed_reduced_circuit_not_author_reproduction
1042,2.0,no_reward,B,carry_trace,9b37e4525b2a345f4f026dea,0036d300256c76a4f5896c9a67c09337f62afc17d020e7827ddb9cdd844e3729,0036d300256c76a4f5896c9a67c09337f62afc17d020e7827ddb9cdd844e3729,318.00000000001364,320.00000000001364,0.0,0.0,0.0,0.0,80,0,0.0,False,0.0,0.0,computed_reduced_circuit_not_author_reproduction
1042,2.0,no_reward,B,trace_reset_ablation,a6bb7b32c0b916acbe4ad6dc,0036d300256c76a4f5896c9a67c09337f62afc17d020e7827ddb9cdd844e3729,0036d300256c76a4f5896c9a67c09337f62afc17d020e7827ddb9cdd844e3729,318.00000000001364,320.00000000001364,0.0,0.0,0.0,0.0,80,0,0.0,False,0.0,0.0,computed_reduced_circuit_not_author_reproduction
1042,2.0,plasticity_disabled,A,carry_trace,1cfc95617e4ace0411618626,0036d300256c76a4f5896c9a67c09337f62afc17d020e7827ddb9cdd844e3729,0036d300256c76a4f5896c9a67c09337f62afc17d020e7827ddb9cdd844e3729,318.00000000001364,320.00000000001364,0.0,0.0,0.0,0.0,80,40,32.0,False,0.0,0.0,computed_reduced_circuit_not_author_reproduction
1042,2.0,plasticity_disabled,A,trace_reset_ablation,07b6e9c2112b5f2d7e322bb4,0036d300256c76a4f5896c9a67c09337f62afc17d020e7827ddb9cdd844e3729,0036d300256c76a4f5896c9a67c09337f62afc17d020e7827ddb9cdd844e3729,318.00000000001364,320.00000000001364,0.0,0.0,0.0,0.0,80,40,32.0,False,0.0,0.0,computed_reduced_circuit_not_author_reproduction
1042,2.0,plasticity_disabled,B,carry_trace,6cbe90fec2624dd17acae978,0036d300256c76a4f5896c9a67c09337f62afc17d020e7827ddb9cdd844e3729,0036d300256c76a4f5896c9a67c09337f62afc17d020e7827ddb9cdd844e3729,318.00000000001364,320.00000000001364,0.0,0.0,0.0,0.0,80,40,32.0,False,0.0,0.0,computed_reduced_circuit_not_author_reproduction
1042,2.0,plasticity_disabled,B,trace_reset_ablation,806d1dc638c9ac8f4d15ec84,0036d300256c76a4f5896c9a67c09337f62afc17d020e7827ddb9cdd844e3729,0036d300256c76a4f5896c9a67c09337f62afc17d020e7827ddb9cdd844e3729,318.00000000001364,320.00000000001364,0.0,0.0,0.0,0.0,80,40,32.0,False,0.0,0.0,computed_reduced_circuit_not_author_reproduction
1042,10.0,paired,A,carry_trace,90971018048e762e8d5fee9f,0036d300256c76a4f5896c9a67c09337f62afc17d020e7827ddb9cdd844e3729,ed1462bb1aa53ff66e6585453e91fd45b4d6223a2889aaef59bdbc5bf0de29f9,949.9999999999714,951.9999999999714,0.0,0.5741309274617794,0.0008281808328849394,0.5733027466288945,80,40,32.0,True,0.08143860500487521,0.5741309274617794,computed_reduced_circuit_not_author_reproduction
1042,10.0,paired,A,trace_reset_ablation,2f7bab261877ee12d7753eb9,0036d300256c76a4f5896c9a67c09337f62afc17d020e7827ddb9cdd844e3729,64ca3474a17c9caff3fb936810abb1e37ee835790e60fe8b2519c38982bc87aa,949.9999999999714,951.9999999999714,0.0,0.5738824735834833,0.0,0.5738824735834833,80,40,32.0,True,0.0813877405821275,0.5738824735834833,computed_reduced_circuit_not_author_reproduction
1042,10.0,paired,B,carry_trace,825169c66380995d7053e29b,0036d300256c76a4f5896c9a67c09337f62afc17d020e7827ddb9cdd844e3729,613ca9d0d1e358464d0b83cdb8c667eb36e03474695932f422fadc0f20ff2538,949.9999999999714,951.9999999999714,0.0,0.5873227974457241,0.0008292330829696715,0.5864935643627545,80,40,32.0,True,0.07230357523354258,0.5873227974457241,computed_reduced_circuit_not_author_reproduction
1042,10.0,paired,B,trace_reset_ablation,55472a9aa258d180ff8f21ce,0036d300256c76a4f5896c9a67c09337f62afc17d020e7827ddb9cdd844e3729,fa579085832b2bbf08bbd1f87caea941f6ae9f5de35b350805274efa67bb7909,949.9999999999714,951.9999999999714,0.0,0.5870922112243158,0.0,0.5870922112243158,80,40,32.0,True,0.07226227868269075,0.5870922112243158,computed_reduced_circuit_not_author_reproduction
1042,10.0,explicitly_unpaired,A,carry_trace,6eda2f6ec676b41c64079c2a,0036d300256c76a4f5896c9a67c09337f62afc17d020e7827ddb9cdd844e3729,0036d300256c76a4f5896c9a67c09337f62afc17d020e7827ddb9cdd844e3729,949.9999999999711,951.9999999999711,0.0,0.0,0.0,0.0,80,40,32.0,False,0.0,0.0,computed_reduced_circuit_not_author_reproduction
1042,10.0,explicitly_unpaired,A,trace_reset_ablation,095a5bee951cd0bfa451f18a,0036d300256c76a4f5896c9a67c09337f62afc17d020e7827ddb9cdd844e3729,0036d300256c76a4f5896c9a67c09337f62afc17d020e7827ddb9cdd844e3729,949.9999999999711,951.9999999999711,0.0,0.0,0.0,0.0,80,40,32.0,False,0.0,0.0,computed_reduced_circuit_not_author_reproduction
1042,10.0,explicitly_unpaired,B,carry_trace,a2636feb974744ffc387dd9f,0036d300256c76a4f5896c9a67c09337f62afc17d020e7827ddb9cdd844e3729,0036d300256c76a4f5896c9a67c09337f62afc17d020e7827ddb9cdd844e3729,949.9999999999711,951.9999999999711,0.0,0.0,0.0,0.0,80,40,32.0,False,0.0,0.0,computed_reduced_circuit_not_author_reproduction
1042,10.0,explicitly_unpaired,B,trace_reset_ablation,857ac6b479f475254fb3ec38,0036d300256c76a4f5896c9a67c09337f62afc17d020e7827ddb9cdd844e3729,0036d300256c76a4f5896c9a67c09337f62afc17d020e7827ddb9cdd844e3729,949.9999999999711,951.9999999999711,0.0,0.0,0.0,0.0,80,40,32.0,False,0.0,0.0,computed_reduced_circuit_not_author_reproduction
1042,10.0,no_reward,A,carry_trace,254b7b54285e5c48245f42d1,0036d300256c76a4f5896c9a67c09337f62afc17d020e7827ddb9cdd844e3729,0036d300256c76a4f5896c9a67c09337f62afc17d020e7827ddb9cdd844e3729,949.9999999999714,951.9999999999714,0.0,0.0,0.0,0.0,80,0,0.0,False,0.0,0.0,computed_reduced_circuit_not_author_reproduction
1042,10.0,no_reward,A,trace_reset_ablation,dc76316c88c3bade3619aeac,0036d300256c76a4f5896c9a67c09337f62afc17d020e7827ddb9cdd844e3729,0036d300256c76a4f5896c9a67c09337f62afc17d020e7827ddb9cdd844e3729,949.9999999999714,951.9999999999714,0.0,0.0,0.0,0.0,80,0,0.0,False,0.0,0.0,computed_reduced_circuit_not_author_reproduction
1042,10.0,no_reward,B,carry_trace,a877e894f136fe94f9b65a73,0036d300256c76a4f5896c9a67c09337f62afc17d020e7827ddb9cdd844e3729,0036d300256c76a4f5896c9a67c09337f62afc17d020e7827ddb9cdd844e3729,949.9999999999714,951.9999999999714,0.0,0.0,0.0,0.0,80,0,0.0,False,0.0,0.0,computed_reduced_circuit_not_author_reproduction
1042,10.0,no_reward,B,trace_reset_ablation,014d7335dce0b9d3080fc3dc,0036d300256c76a4f5896c9a67c09337f62afc17d020e7827ddb9cdd844e3729,0036d300256c76a4f5896c9a67c09337f62afc17d020e7827ddb9cdd844e3729,949.9999999999714,951.9999999999714,0.0,0.0,0.0,0.0,80,0,0.0,False,0.0,0.0,computed_reduced_circuit_not_author_reproduction
1042,10.0,plasticity_disabled,A,carry_trace,6234bff2283dab585d82c127,0036d300256c76a4f5896c9a67c09337f62afc17d020e7827ddb9cdd844e3729,0036d300256c76a4f5896c9a67c09337f62afc17d020e7827ddb9cdd844e3729,949.9999999999714,951.9999999999714,0.0,0.0,0.0,0.0,80,40,32.0,False,0.0,0.0,computed_reduced_circuit_not_author_reproduction
1042,10.0,plasticity_disabled,A,trace_reset_ablation,59ed8bec4d5429b20ee407f6,0036d300256c76a4f5896c9a67c09337f62afc17d020e7827ddb9cdd844e3729,0036d300256c76a4f5896c9a67c09337f62afc17d020e7827ddb9cdd844e3729,949.9999999999714,951.9999999999714,0.0,0.0,0.0,0.0,80,40,32.0,False,0.0,0.0,computed_reduced_circuit_not_author_reproduction
1042,10.0,plasticity_disabled,B,carry_trace,eb031348f44075a57f38e9a5,0036d300256c76a4f5896c9a67c09337f62afc17d020e7827ddb9cdd844e3729,0036d300256c76a4f5896c9a67c09337f62afc17d020e7827ddb9cdd844e3729,949.9999999999714,951.9999999999714,0.0,0.0,0.0,0.0,80,40,32.0,False,0.0,0.0,computed_reduced_circuit_not_author_reproduction
1042,10.0,plasticity_disabled,B,trace_reset_ablation,9fe3d967f2e002676c88a21b,0036d300256c76a4f5896c9a67c09337f62afc17d020e7827ddb9cdd844e3729,0036d300256c76a4f5896c9a67c09337f62afc17d020e7827ddb9cdd844e3729,949.9999999999714,951.9999999999714,0.0,0.0,0.0,0.0,80,40,32.0,False,0.0,0.0,computed_reduced_circuit_not_author_reproduction
1042,40.0,paired,A,carry_trace,95ed95edc67280260b413e60,0036d300256c76a4f5896c9a67c09337f62afc17d020e7827ddb9cdd844e3729,032ab077abf114bd6b6e46872d3880a6e7308f83087d04bde3feb58ef9aef164,3320.0000000000846,3322.0000000000846,0.0,0.5738824736598753,2.529030318498826e-10,0.5738824734069723,80,40,32.0,True,0.08138774059763176,0.5738824736598753,computed_reduced_circuit_not_author_reproduction
1042,40.0,paired,A,trace_reset_ablation,29b5e67c18f568be18da2520,0036d300256c76a4f5896c9a67c09337f62afc17d020e7827ddb9cdd844e3729,64ca3474a17c9caff3fb936810abb1e37ee835790e60fe8b2519c38982bc87aa,3320.0000000000846,3322.0000000000846,0.0,0.5738824735834833,0.0,0.5738824735834833,80,40,32.0,True,0.0813877405821275,0.5738824735834833,computed_reduced_circuit_not_author_reproduction
1042,40.0,paired,B,carry_trace,6eaa0b1aadb1f6135a3b6b89,0036d300256c76a4f5896c9a67c09337f62afc17d020e7827ddb9cdd844e3729,b0162f112578ef4e4545dbaa1ddace46b5b6e4f20f37beb08428784fc585c705,3320.0000000000846,3322.0000000000846,0.0,0.5870922112951696,2.5330959552150034e-10,0.58709221104186,80,40,32.0,True,0.07226227869525914,0.5870922112951696,computed_reduced_circuit_not_author_reproduction
1042,40.0,paired,B,trace_reset_ablation,d7c4377637d8d0a793591c0d,0036d300256c76a4f5896c9a67c09337f62afc17d020e7827ddb9cdd844e3729,fa579085832b2bbf08bbd1f87caea941f6ae9f5de35b350805274efa67bb7909,3320.0000000000846,3322.0000000000846,0.0,0.5870922112243158,0.0,0.5870922112243158,80,40,32.0,True,0.07226227868269075,0.5870922112243158,computed_reduced_circuit_not_author_reproduction
1042,40.0,explicitly_unpaired,A,carry_trace,d2c4a0173b4c232613fb9aef,0036d300256c76a4f5896c9a67c09337f62afc17d020e7827ddb9cdd844e3729,0036d300256c76a4f5896c9a67c09337f62afc17d020e7827ddb9cdd844e3729,3320.0000000000846,3322.0000000000846,0.0,0.0,0.0,0.0,80,40,32.0,False,0.0,0.0,computed_reduced_circuit_not_author_reproduction
1042,40.0,explicitly_unpaired,A,trace_reset_ablation,d362faa5ff0b81f46c9c4f3c,0036d300256c76a4f5896c9a67c09337f62afc17d020e7827ddb9cdd844e3729,0036d300256c76a4f5896c9a67c09337f62afc17d020e7827ddb9cdd844e3729,3320.0000000000846,3322.0000000000846,0.0,0.0,0.0,0.0,80,40,32.0,False,0.0,0.0,computed_reduced_circuit_not_author_reproduction
1042,40.0,explicitly_unpaired,B,carry_trace,5daf9615d229935759d59b31,0036d300256c76a4f5896c9a67c09337f62afc17d020e7827ddb9cdd844e3729,0036d300256c76a4f5896c9a67c09337f62afc17d020e7827ddb9cdd844e3729,3320.0000000000846,3322.0000000000846,0.0,0.0,0.0,0.0,80,40,32.0,False,0.0,0.0,computed_reduced_circuit_not_author_reproduction
1042,40.0,explicitly_unpaired,B,trace_reset_ablation,102e72a66e9868b076060c78,0036d300256c76a4f5896c9a67c09337f62afc17d020e7827ddb9cdd844e3729,0036d300256c76a4f5896c9a67c09337f62afc17d020e7827ddb9cdd844e3729,3320.0000000000846,3322.0000000000846,0.0,0.0,0.0,0.0,80,40,32.0,False,0.0,0.0,computed_reduced_circuit_not_author_reproduction
1042,40.0,no_reward,A,carry_trace,441b8cb99e0c2a3874ffdb7d,0036d300256c76a4f5896c9a67c09337f62afc17d020e7827ddb9cdd844e3729,0036d300256c76a4f5896c9a67c09337f62afc17d020e7827ddb9cdd844e3729,3320.0000000000846,3322.0000000000846,0.0,0.0,0.0,0.0,80,0,0.0,False,0.0,0.0,computed_reduced_circuit_not_author_reproduction
1042,40.0,no_reward,A,trace_reset_ablation,4b50a9274a6ee6ab1aa4e5ed,0036d300256c76a4f5896c9a67c09337f62afc17d020e7827ddb9cdd844e3729,0036d300256c76a4f5896c9a67c09337f62afc17d020e7827ddb9cdd844e3729,3320.0000000000846,3322.0000000000846,0.0,0.0,0.0,0.0,80,0,0.0,False,0.0,0.0,computed_reduced_circuit_not_author_reproduction
1042,40.0,no_reward,B,carry_trace,2aabc06437f6f97309a960c6,0036d300256c76a4f5896c9a67c09337f62afc17d020e7827ddb9cdd844e3729,0036d300256c76a4f5896c9a67c09337f62afc17d020e7827ddb9cdd844e3729,3320.0000000000846,3322.0000000000846,0.0,0.0,0.0,0.0,80,0,0.0,False,0.0,0.0,computed_reduced_circuit_not_author_reproduction
1042,40.0,no_reward,B,trace_reset_ablation,d5c807b87d0198c14670670f,0036d300256c76a4f5896c9a67c09337f62afc17d020e7827ddb9cdd844e3729,0036d300256c76a4f5896c9a67c09337f62afc17d020e7827ddb9cdd844e3729,3320.0000000000846,3322.0000000000846,0.0,0.0,0.0,0.0,80,0,0.0,False,0.0,0.0,computed_reduced_circuit_not_author_reproduction
1042,40.0,plasticity_disabled,A,carry_trace,e3e53449488b2b44332f9372,0036d300256c76a4f5896c9a67c09337f62afc17d020e7827ddb9cdd844e3729,0036d300256c76a4f5896c9a67c09337f62afc17d020e7827ddb9cdd844e3729,3320.0000000000846,3322.0000000000846,0.0,0.0,0.0,0.0,80,40,32.0,False,0.0,0.0,computed_reduced_circuit_not_author_reproduction
1042,40.0,plasticity_disabled,A,trace_reset_ablation,e5c9b9d55a3793b5662ba991,0036d300256c76a4f5896c9a67c09337f62afc17d020e7827ddb9cdd844e3729,0036d300256c76a4f5896c9a67c09337f62afc17d020e7827ddb9cdd844e3729,3320.0000000000846,3322.0000000000846,0.0,0.0,0.0,0.0,80,40,32.0,False,0.0,0.0,computed_reduced_circuit_not_author_reproduction
1042,40.0,plasticity_disabled,B,carry_trace,70cc630a2b67fcf659965f6c,0036d300256c76a4f5896c9a67c09337f62afc17d020e7827ddb9cdd844e3729,0036d300256c76a4f5896c9a67c09337f62afc17d020e7827ddb9cdd844e3729,3320.0000000000846,3322.0000000000846,0.0,0.0,0.0,0.0,80,40,32.0,False,0.0,0.0,computed_reduced_circuit_not_author_reproduction
1042,40.0,plasticity_disabled,B,trace_reset_ablation,3a312753f93e95ca557ba4f7,0036d300256c76a4f5896c9a67c09337f62afc17d020e7827ddb9cdd844e3729,0036d300256c76a4f5896c9a67c09337f62afc17d020e7827ddb9cdd844e3729,3320.0000000000846,3322.0000000000846,0.0,0.0,0.0,0.0,80,40,32.0,False,0.0,0.0,computed_reduced_circuit_not_author_reproduction
1043,2.0,paired,A,carry_trace,11e335b412fd05dcb6fadf9d,0036d300256c76a4f5896c9a67c09337f62afc17d020e7827ddb9cdd844e3729,d0ed036ecfc813350602bd6985104e3f1ddf15053ba212615744d1caf6b28ca1,318.00000000001364,320.00000000001364,0.0,0.590797055473684,0.053572103648927394,0.5372249518247566,80,40,32.0,True,0.0841351359035245,0.590797055473684,computed_reduced_circuit_not_author_reproduction
1043,2.0,paired,A,trace_reset_ablation,bc131fd23e6a2d5a7f94d199,0036d300256c76a4f5896c9a67c09337f62afc17d020e7827ddb9cdd844e3729,aeadad2a2b88e8b44eeef5009a8ae3a6809523188dd05f3b49c9927d2a41b78c,318.00000000001364,320.00000000001364,0.0,0.5830728841970587,0.0,0.5830728841970587,80,40,32.0,True,0.0810367121569654,0.5830728841970587,computed_reduced_circuit_not_author_reproduction
1043,2.0,paired,B,carry_trace,175127e6a70c06b146c8c1c4,0036d300256c76a4f5896c9a67c09337f62afc17d020e7827ddb9cdd844e3729,1bd418e206d1a65ff9553c663e3a24be227e3bd1d44d6466b78a7b6aa93ff050,318.00000000001364,320.00000000001364,0.0,0.5869590805401338,0.05010363010651786,0.5368554504336159,80,40,32.0,True,0.08300302273849064,0.5869590805401338,computed_reduced_circuit_not_author_reproduction
1043,2.0,paired,B,trace_reset_ablation,aa80d95ce66372b0b41374e7,0036d300256c76a4f5896c9a67c09337f62afc17d020e7827ddb9cdd844e3729,a950da5108b6b67e8d52ebdc434c1e4a95a904679ab63b8fa3d79474609825d8,318.00000000001364,320.00000000001364,0.0,0.5789071954293955,0.0,0.5789071954293955,80,40,32.0,True,0.07977303790244672,0.5789071954293955,computed_reduced_circuit_not_author_reproduction
1043,2.0,explicitly_unpaired,A,carry_trace,59d6812da47100ba55e97339,0036d300256c76a4f5896c9a67c09337f62afc17d020e7827ddb9cdd844e3729,0036d300256c76a4f5896c9a67c09337f62afc17d020e7827ddb9cdd844e3729,318.00000000001353,320.00000000001353,0.0,0.0,0.0,0.0,80,40,32.0,False,0.0,0.0,computed_reduced_circuit_not_author_reproduction
1043,2.0,explicitly_unpaired,A,trace_reset_ablation,fba309bc3796d3cc81d8da1f,0036d300256c76a4f5896c9a67c09337f62afc17d020e7827ddb9cdd844e3729,0036d300256c76a4f5896c9a67c09337f62afc17d020e7827ddb9cdd844e3729,318.00000000001353,320.00000000001353,0.0,0.0,0.0,0.0,80,40,32.0,False,0.0,0.0,computed_reduced_circuit_not_author_reproduction
1043,2.0,explicitly_unpaired,B,carry_trace,af5215a956f6e85ab4e210c3,0036d300256c76a4f5896c9a67c09337f62afc17d020e7827ddb9cdd844e3729,0036d300256c76a4f5896c9a67c09337f62afc17d020e7827ddb9cdd844e3729,318.00000000001353,320.00000000001353,0.0,0.0,0.0,0.0,80,40,32.0,False,0.0,0.0,computed_reduced_circuit_not_author_reproduction
1043,2.0,explicitly_unpaired,B,trace_reset_ablation,8beff98f79cba6fee919a810,0036d300256c76a4f5896c9a67c09337f62afc17d020e7827ddb9cdd844e3729,0036d300256c76a4f5896c9a67c09337f62afc17d020e7827ddb9cdd844e3729,318.00000000001353,320.00000000001353,0.0,0.0,0.0,0.0,80,40,32.0,False,0.0,0.0,computed_reduced_circuit_not_author_reproduction
1043,2.0,no_reward,A,carry_trace,e7e7f15c5bf1e6c1bac377ef,0036d300256c76a4f5896c9a67c09337f62afc17d020e7827ddb9cdd844e3729,0036d300256c76a4f5896c9a67c09337f62afc17d020e7827ddb9cdd844e3729,318.00000000001364,320.00000000001364,0.0,0.0,0.0,0.0,80,0,0.0,False,0.0,0.0,computed_reduced_circuit_not_author_reproduction
1043,2.0,no_reward,A,trace_reset_ablation,98d0e922bc18b3d5083a632f,0036d300256c76a4f5896c9a67c09337f62afc17d020e7827ddb9cdd844e3729,0036d300256c76a4f5896c9a67c09337f62afc17d020e7827ddb9cdd844e3729,318.00000000001364,320.00000000001364,0.0,0.0,0.0,0.0,80,0,0.0,False,0.0,0.0,computed_reduced_circuit_not_author_reproduction
1043,2.0,no_reward,B,carry_trace,482e0d8aef5b82914eaf1687,0036d300256c76a4f5896c9a67c09337f62afc17d020e7827ddb9cdd844e3729,0036d300256c76a4f5896c9a67c09337f62afc17d020e7827ddb9cdd844e3729,318.00000000001364,320.00000000001364,0.0,0.0,0.0,0.0,80,0,0.0,False,0.0,0.0,computed_reduced_circuit_not_author_reproduction
1043,2.0,no_reward,B,trace_reset_ablation,8b049646b0517b54eb030757,0036d300256c76a4f5896c9a67c09337f62afc17d020e7827ddb9cdd844e3729,0036d300256c76a4f5896c9a67c09337f62afc17d020e7827ddb9cdd844e3729,318.00000000001364,320.00000000001364,0.0,0.0,0.0,0.0,80,0,0.0,False,0.0,0.0,computed_reduced_circuit_not_author_reproduction
1043,2.0,plasticity_disabled,A,carry_trace,4b2c577af06d95c716992aef,0036d300256c76a4f5896c9a67c09337f62afc17d020e7827ddb9cdd844e3729,0036d300256c76a4f5896c9a67c09337f62afc17d020e7827ddb9cdd844e3729,318.00000000001364,320.00000000001364,0.0,0.0,0.0,0.0,80,40,32.0,False,0.0,0.0,computed_reduced_circuit_not_author_reproduction
1043,2.0,plasticity_disabled,A,trace_reset_ablation,73022bb1eafa5fe007c4d8a9,0036d300256c76a4f5896c9a67c09337f62afc17d020e7827ddb9cdd844e3729,0036d300256c76a4f5896c9a67c09337f62afc17d020e7827ddb9cdd844e3729,318.00000000001364,320.00000000001364,0.0,0.0,0.0,0.0,80,40,32.0,False,0.0,0.0,computed_reduced_circuit_not_author_reproduction
1043,2.0,plasticity_disabled,B,carry_trace,ff822182a29b9366326eafae,0036d300256c76a4f5896c9a67c09337f62afc17d020e7827ddb9cdd844e3729,0036d300256c76a4f5896c9a67c09337f62afc17d020e7827ddb9cdd844e3729,318.00000000001364,320.00000000001364,0.0,0.0,0.0,0.0,80,40,32.0,False,0.0,0.0,computed_reduced_circuit_not_author_reproduction
1043,2.0,plasticity_disabled,B,trace_reset_ablation,e21d4fe69d19d83409f6cec3,0036d300256c76a4f5896c9a67c09337f62afc17d020e7827ddb9cdd844e3729,0036d300256c76a4f5896c9a67c09337f62afc17d020e7827ddb9cdd844e3729,318.00000000001364,320.00000000001364,0.0,0.0,0.0,0.0,80,40,32.0,False,0.0,0.0,computed_reduced_circuit_not_author_reproduction
1043,10.0,paired,A,carry_trace,d25d640db435a2ca4dc55ad3,0036d300256c76a4f5896c9a67c09337f62afc17d020e7827ddb9cdd844e3729,7d9844bb8c2db925b2c2fd0c838c87ff63514d10b12af4ad39731058811add6d,949.9999999999714,951.9999999999714,0.0,0.5832918959058986,0.0008990075956027965,0.5823928883102958,80,40,32.0,True,0.08108094689331968,0.5832918959058986,computed_reduced_circuit_not_author_reproduction
1043,10.0,paired,A,trace_reset_ablation,609a62fe5b7fe0c5ae77273b,0036d300256c76a4f5896c9a67c09337f62afc17d020e7827ddb9cdd844e3729,aeadad2a2b88e8b44eeef5009a8ae3a6809523188dd05f3b49c9927d2a41b78c,949.9999999999714,951.9999999999714,0.0,0.5830728841970587,0.0,0.5830728841970587,80,40,32.0,True,0.0810367121569654,0.5830728841970587,computed_reduced_circuit_not_author_reproduction
1043,10.0,paired,B,carry_trace,1be2704121dc9d7a9477c3d3,0036d300256c76a4f5896c9a67c09337f62afc17d020e7827ddb9cdd844e3729,966cb9808a39196b1ee6de05b13039ef923964ea6238e242bf252c10aa09ac09,949.9999999999714,951.9999999999714,0.0,0.5791422017110761,0.0008243678749750849,0.578317833836101,80,40,32.0,True,0.07981996057265339,0.5791422017110761,computed_reduced_circuit_not_author_reproduction
1043,10.0,paired,B,trace_reset_ablation,84e21de8d5e3ea1873e1f1c8,0036d300256c76a4f5896c9a67c09337f62afc17d020e7827ddb9cdd844e3729,a950da5108b6b67e8d52ebdc434c1e4a95a904679ab63b8fa3d79474609825d8,949.9999999999714,951.9999999999714,0.0,0.5789071954293955,0.0,0.5789071954293955,80,40,32.0,True,0.07977303790244672,0.5789071954293955,computed_reduced_circuit_not_author_reproduction
1043,10.0,explicitly_unpaired,A,carry_trace,002a891d335e8e75941f886d,0036d300256c76a4f5896c9a67c09337f62afc17d020e7827ddb9cdd844e3729,0036d300256c76a4f5896c9a67c09337f62afc17d020e7827ddb9cdd844e3729,949.9999999999711,951.9999999999711,0.0,0.0,0.0,0.0,80,40,32.0,False,0.0,0.0,computed_reduced_circuit_not_author_reproduction
1043,10.0,explicitly_unpaired,A,trace_reset_ablation,a3853bfeb8810d88b60e0153,0036d300256c76a4f5896c9a67c09337f62afc17d020e7827ddb9cdd844e3729,0036d300256c76a4f5896c9a67c09337f62afc17d020e7827ddb9cdd844e3729,949.9999999999711,951.9999999999711,0.0,0.0,0.0,0.0,80,40,32.0,False,0.0,0.0,computed_reduced_circuit_not_author_reproduction
1043,10.0,explicitly_unpaired,B,carry_trace,cf70ffd9097a4711da3592a1,0036d300256c76a4f5896c9a67c09337f62afc17d020e7827ddb9cdd844e3729,0036d300256c76a4f5896c9a67c09337f62afc17d020e7827ddb9cdd844e3729,949.9999999999711,951.9999999999711,0.0,0.0,0.0,0.0,80,40,32.0,False,0.0,0.0,computed_reduced_circuit_not_author_reproduction
1043,10.0,explicitly_unpaired,B,trace_reset_ablation,d00cf309d4654afc21038dd7,0036d300256c76a4f5896c9a67c09337f62afc17d020e7827ddb9cdd844e3729,0036d300256c76a4f5896c9a67c09337f62afc17d020e7827ddb9cdd844e3729,949.9999999999711,951.9999999999711,0.0,0.0,0.0,0.0,80,40,32.0,False,0.0,0.0,computed_reduced_circuit_not_author_reproduction
1043,10.0,no_reward,A,carry_trace,faaec46c131c20c6c15af0a4,0036d300256c76a4f5896c9a67c09337f62afc17d020e7827ddb9cdd844e3729,0036d300256c76a4f5896c9a67c09337f62afc17d020e7827ddb9cdd844e3729,949.9999999999714,951.9999999999714,0.0,0.0,0.0,0.0,80,0,0.0,False,0.0,0.0,computed_reduced_circuit_not_author_reproduction
1043,10.0,no_reward,A,trace_reset_ablation,643940fa7c921302478e1f9f,0036d300256c76a4f5896c9a67c09337f62afc17d020e7827ddb9cdd844e3729,0036d300256c76a4f5896c9a67c09337f62afc17d020e7827ddb9cdd844e3729,949.9999999999714,951.9999999999714,0.0,0.0,0.0,0.0,80,0,0.0,False,0.0,0.0,computed_reduced_circuit_not_author_reproduction
1043,10.0,no_reward,B,carry_trace,164d85ea23c8a18cb5a95aea,0036d300256c76a4f5896c9a67c09337f62afc17d020e7827ddb9cdd844e3729,0036d300256c76a4f5896c9a67c09337f62afc17d020e7827ddb9cdd844e3729,949.9999999999714,951.9999999999714,0.0,0.0,0.0,0.0,80,0,0.0,False,0.0,0.0,computed_reduced_circuit_not_author_reproduction
1043,10.0,no_reward,B,trace_reset_ablation,49261ae800ba0f896dbde306,0036d300256c76a4f5896c9a67c09337f62afc17d020e7827ddb9cdd844e3729,0036d300256c76a4f5896c9a67c09337f62afc17d020e7827ddb9cdd844e3729,949.9999999999714,951.9999999999714,0.0,0.0,0.0,0.0,80,0,0.0,False,0.0,0.0,computed_reduced_circuit_not_author_reproduction
1043,10.0,plasticity_disabled,A,carry_trace,3cc111b36f4b49bf81d11e50,0036d300256c76a4f5896c9a67c09337f62afc17d020e7827ddb9cdd844e3729,0036d300256c76a4f5896c9a67c09337f62afc17d020e7827ddb9cdd844e3729,949.9999999999714,951.9999999999714,0.0,0.0,0.0,0.0,80,40,32.0,False,0.0,0.0,computed_reduced_circuit_not_author_reproduction
1043,10.0,plasticity_disabled,A,trace_reset_ablation,5c275854f8152de30230a17c,0036d300256c76a4f5896c9a67c09337f62afc17d020e7827ddb9cdd844e3729,0036d300256c76a4f5896c9a67c09337f62afc17d020e7827ddb9cdd844e3729,949.9999999999714,951.9999999999714,0.0,0.0,0.0,0.0,80,40,32.0,False,0.0,0.0,computed_reduced_circuit_not_author_reproduction
1043,10.0,plasticity_disabled,B,carry_trace,bf1efe623f4c28de000e7f44,0036d300256c76a4f5896c9a67c09337f62afc17d020e7827ddb9cdd844e3729,0036d300256c76a4f5896c9a67c09337f62afc17d020e7827ddb9cdd844e3729,949.9999999999714,951.9999999999714,0.0,0.0,0.0,0.0,80,40,32.0,False,0.0,0.0,computed_reduced_circuit_not_author_reproduction
1043,10.0,plasticity_disabled,B,trace_reset_ablation,3d2a94fdf5ca5932fd70f4a4,0036d300256c76a4f5896c9a67c09337f62afc17d020e7827ddb9cdd844e3729,0036d300256c76a4f5896c9a67c09337f62afc17d020e7827ddb9cdd844e3729,949.9999999999714,951.9999999999714,0.0,0.0,0.0,0.0,80,40,32.0,False,0.0,0.0,computed_reduced_circuit_not_author_reproduction
1043,40.0,paired,A,carry_trace,43d475ba0e8ff1922289d8f5,0036d300256c76a4f5896c9a67c09337f62afc17d020e7827ddb9cdd844e3729,5cd438bad55195814cced9d47ec73a2c2c85c9c71a2d8fa7ef92c0c06bc4e530,3320.0000000000846,3322.0000000000846,0.0,0.5830728842644483,2.746938232434104e-10,0.5830728839897544,80,40,32.0,True,0.08103671217044628,0.5830728842644483,computed_reduced_circuit_not_author_reproduction
1043,40.0,paired,A,trace_reset_ablation,7c2145ffbc4c9f13d6462f11,0036d300256c76a4f5896c9a67c09337f62afc17d020e7827ddb9cdd844e3729,aeadad2a2b88e8b44eeef5009a8ae3a6809523188dd05f3b49c9927d2a41b78c,3320.0000000000846,3322.0000000000846,0.0,0.5830728841970587,0.0,0.5830728841970587,80,40,32.0,True,0.0810367121569654,0.5830728841970587,computed_reduced_circuit_not_author_reproduction
1043,40.0,paired,B,carry_trace,30e0da36a99057b2478ecda5,0036d300256c76a4f5896c9a67c09337f62afc17d020e7827ddb9cdd844e3729,a83a906af162522db50bca8ec63b9351d0950929ef8fcf2e8cb31f1c02b73b9f,3320.0000000000846,3322.0000000000846,0.0,0.5789071955017344,2.5179403007058454e-10,0.5789071952499404,80,40,32.0,True,0.07977303791675427,0.5789071955017344,computed_reduced_circuit_not_author_reproduction
1043,40.0,paired,B,trace_reset_ablation,6cb96afa26ba470b946d6900,0036d300256c76a4f5896c9a67c09337f62afc17d020e7827ddb9cdd844e3729,a950da5108b6b67e8d52ebdc434c1e4a95a904679ab63b8fa3d79474609825d8,3320.0000000000846,3322.0000000000846,0.0,0.5789071954293955,0.0,0.5789071954293955,80,40,32.0,True,0.07977303790244672,0.5789071954293955,computed_reduced_circuit_not_author_reproduction
1043,40.0,explicitly_unpaired,A,carry_trace,455be5b383ac50ce111b5770,0036d300256c76a4f5896c9a67c09337f62afc17d020e7827ddb9cdd844e3729,0036d300256c76a4f5896c9a67c09337f62afc17d020e7827ddb9cdd844e3729,3320.0000000000846,3322.0000000000846,0.0,0.0,0.0,0.0,80,40,32.0,False,0.0,0.0,computed_reduced_circuit_not_author_reproduction
1043,40.0,explicitly_unpaired,A,trace_reset_ablation,22ab5acc039eab3a137f59b5,0036d300256c76a4f5896c9a67c09337f62afc17d020e7827ddb9cdd844e3729,0036d300256c76a4f5896c9a67c09337f62afc17d020e7827ddb9cdd844e3729,3320.0000000000846,3322.0000000000846,0.0,0.0,0.0,0.0,80,40,32.0,False,0.0,0.0,computed_reduced_circuit_not_author_reproduction
1043,40.0,explicitly_unpaired,B,carry_trace,5ed0bd25a4b519543813b1fb,0036d300256c76a4f5896c9a67c09337f62afc17d020e7827ddb9cdd844e3729,0036d300256c76a4f5896c9a67c09337f62afc17d020e7827ddb9cdd844e3729,3320.0000000000846,3322.0000000000846,0.0,0.0,0.0,0.0,80,40,32.0,False,0.0,0.0,computed_reduced_circuit_not_author_reproduction
1043,40.0,explicitly_unpaired,B,trace_reset_ablation,b9bb95fd909f4b564e6b74cc,0036d300256c76a4f5896c9a67c09337f62afc17d020e7827ddb9cdd844e3729,0036d300256c76a4f5896c9a67c09337f62afc17d020e7827ddb9cdd844e3729,3320.0000000000846,3322.0000000000846,0.0,0.0,0.0,0.0,80,40,32.0,False,0.0,0.0,computed_reduced_circuit_not_author_reproduction
1043,40.0,no_reward,A,carry_trace,b2fe9df0b2e4e02cdc9d688c,0036d300256c76a4f5896c9a67c09337f62afc17d020e7827ddb9cdd844e3729,0036d300256c76a4f5896c9a67c09337f62afc17d020e7827ddb9cdd844e3729,3320.0000000000846,3322.0000000000846,0.0,0.0,0.0,0.0,80,0,0.0,False,0.0,0.0,computed_reduced_circuit_not_author_reproduction
1043,40.0,no_reward,A,trace_reset_ablation,69249f70828a66149a30e09d,0036d300256c76a4f5896c9a67c09337f62afc17d020e7827ddb9cdd844e3729,0036d300256c76a4f5896c9a67c09337f62afc17d020e7827ddb9cdd844e3729,3320.0000000000846,3322.0000000000846,0.0,0.0,0.0,0.0,80,0,0.0,False,0.0,0.0,computed_reduced_circuit_not_author_reproduction
1043,40.0,no_reward,B,carry_trace,d22f282f629e57616baebb91,0036d300256c76a4f5896c9a67c09337f62afc17d020e7827ddb9cdd844e3729,0036d300256c76a4f5896c9a67c09337f62afc17d020e7827ddb9cdd844e3729,3320.0000000000846,3322.0000000000846,0.0,0.0,0.0,0.0,80,0,0.0,False,0.0,0.0,computed_reduced_circuit_not_author_reproduction
1043,40.0,no_reward,B,trace_reset_ablation,b647cbb811b2b88ef0f88eb4,0036d300256c76a4f5896c9a67c09337f62afc17d020e7827ddb9cdd844e3729,0036d300256c76a4f5896c9a67c09337f62afc17d020e7827ddb9cdd844e3729,3320.0000000000846,3322.0000000000846,0.0,0.0,0.0,0.0,80,0,0.0,False,0.0,0.0,computed_reduced_circuit_not_author_reproduction
1043,40.0,plasticity_disabled,A,carry_trace,74fa24d14aa59752abb6c7c2,0036d300256c76a4f5896c9a67c09337f62afc17d020e7827ddb9cdd844e3729,0036d300256c76a4f5896c9a67c09337f62afc17d020e7827ddb9cdd844e3729,3320.0000000000846,3322.0000000000846,0.0,0.0,0.0,0.0,80,40,32.0,False,0.0,0.0,computed_reduced_circuit_not_author_reproduction
1043,40.0,plasticity_disabled,A,trace_reset_ablation,5d13b1b8d250e6c5345c2275,0036d300256c76a4f5896c9a67c09337f62afc17d020e7827ddb9cdd844e3729,0036d300256c76a4f5896c9a67c09337f62afc17d020e7827ddb9cdd844e3729,3320.0000000000846,3322.0000000000846,0.0,0.0,0.0,0.0,80,40,32.0,False,0.0,0.0,computed_reduced_circuit_not_author_reproduction
1043,40.0,plasticity_disabled,B,carry_trace,367408e36b79ac88d3151ffd,0036d300256c76a4f5896c9a67c09337f62afc17d020e7827ddb9cdd844e3729,0036d300256c76a4f5896c9a67c09337f62afc17d020e7827ddb9cdd844e3729,3320.0000000000846,3322.0000000000846,0.0,0.0,0.0,0.0,80,40,32.0,False,0.0,0.0,computed_reduced_circuit_not_author_reproduction
1043,40.0,plasticity_disabled,B,trace_reset_ablation,f7fd173c5307e4370053ac79,0036d300256c76a4f5896c9a67c09337f62afc17d020e7827ddb9cdd844e3729,0036d300256c76a4f5896c9a67c09337f62afc17d020e7827ddb9cdd844e3729,3320.0000000000846,3322.0000000000846,0.0,0.0,0.0,0.0,80,40,32.0,False,0.0,0.0,computed_reduced_circuit_not_author_reproduction
1044,2.0,paired,A,carry_trace,6bfe4fe743462f5ad6a6d2d8,0036d300256c76a4f5896c9a67c09337f62afc17d020e7827ddb9cdd844e3729,f01407dfe0cc8ec416d20fb40f5b85875a16df89c0dc6ee2f87efa00f2774c13,318.00000000001364,320.00000000001364,0.0,0.5890332781079812,0.04550036976869265,0.5435329083392886,80,40,32.0,True,0.07455722506851536,0.5890332781079812,computed_reduced_circuit_not_author_reproduction
1044,2.0,paired,A,trace_reset_ablation,5ef7ccda015e34c2dfc3b132,0036d300256c76a4f5896c9a67c09337f62afc17d020e7827ddb9cdd844e3729,3a7e12cb65faabe2a5d2d9a38889890f6816795c000c5a58cdef8304e54c6c7e,318.00000000001364,320.00000000001364,0.0,0.5809758124968689,0.0,0.5809758124968689,80,40,32.0,True,0.07182682327631906,0.5809758124968689,computed_reduced_circuit_not_author_reproduction
1044,2.0,paired,B,carry_trace,3b347494c4bee64bb80108ea,0036d300256c76a4f5896c9a67c09337f62afc17d020e7827ddb9cdd844e3729,ca7c6f460286511ef830c1afc04aa56298c5d481457791aa3d2bd88cc948fb58,318.00000000001364,320.00000000001364,0.0,0.5889294200123556,0.050195284770551574,0.538734135241804,80,40,32.0,True,0.07816121386247021,0.5889294200123556,computed_reduced_circuit_not_author_reproduction
1044,2.0,paired,B,trace_reset_ablation,600d10f2fb288a6c63519b67,0036d300256c76a4f5896c9a67c09337f62afc17d020e7827ddb9cdd844e3729,9085cbe31ea6d095d373b935469ee4d31e1f1b22bf1822dc0a77ac1e99cf6c3d,318.00000000001364,320.00000000001364,0.0,0.5796673694206448,0.0,0.5796673694206448,80,40,32.0,True,0.07505426312537078,0.5796673694206448,computed_reduced_circuit_not_author_reproduction
1044,2.0,explicitly_unpaired,A,carry_trace,e8b0cd2a2feb5e4e3729c0a8,0036d300256c76a4f5896c9a67c09337f62afc17d020e7827ddb9cdd844e3729,0036d300256c76a4f5896c9a67c09337f62afc17d020e7827ddb9cdd844e3729,318.00000000001353,320.00000000001353,0.0,0.0,0.0,0.0,80,40,32.0,False,0.0,0.0,computed_reduced_circuit_not_author_reproduction
1044,2.0,explicitly_unpaired,A,trace_reset_ablation,f20d325c07dbbb385084213b,0036d300256c76a4f5896c9a67c09337f62afc17d020e7827ddb9cdd844e3729,0036d300256c76a4f5896c9a67c09337f62afc17d020e7827ddb9cdd844e3729,318.00000000001353,320.00000000001353,0.0,0.0,0.0,0.0,80,40,32.0,False,0.0,0.0,computed_reduced_circuit_not_author_reproduction
1044,2.0,explicitly_unpaired,B,carry_trace,855c9c0747508fc19eb2e60b,0036d300256c76a4f5896c9a67c09337f62afc17d020e7827ddb9cdd844e3729,0036d300256c76a4f5896c9a67c09337f62afc17d020e7827ddb9cdd844e3729,318.00000000001353,320.00000000001353,0.0,0.0,0.0,0.0,80,40,32.0,False,0.0,0.0,computed_reduced_circuit_not_author_reproduction
1044,2.0,explicitly_unpaired,B,trace_reset_ablation,52f85f5b5a1b3d309f2bf7c0,0036d300256c76a4f5896c9a67c09337f62afc17d020e7827ddb9cdd844e3729,0036d300256c76a4f5896c9a67c09337f62afc17d020e7827ddb9cdd844e3729,318.00000000001353,320.00000000001353,0.0,0.0,0.0,0.0,80,40,32.0,False,0.0,0.0,computed_reduced_circuit_not_author_reproduction
1044,2.0,no_reward,A,carry_trace,73887d38dff92d7fa32b5399,0036d300256c76a4f5896c9a67c09337f62afc17d020e7827ddb9cdd844e3729,0036d300256c76a4f5896c9a67c09337f62afc17d020e7827ddb9cdd844e3729,318.00000000001364,320.00000000001364,0.0,0.0,0.0,0.0,80,0,0.0,False,0.0,0.0,computed_reduced_circuit_not_author_reproduction
1044,2.0,no_reward,A,trace_reset_ablation,f9d25c44fffa1aa6ac931bc2,0036d300256c76a4f5896c9a67c09337f62afc17d020e7827ddb9cdd844e3729,0036d300256c76a4f5896c9a67c09337f62afc17d020e7827ddb9cdd844e3729,318.00000000001364,320.00000000001364,0.0,0.0,0.0,0.0,80,0,0.0,False,0.0,0.0,computed_reduced_circuit_not_author_reproduction
1044,2.0,no_reward,B,carry_trace,f04d44378346a77f541c63e0,0036d300256c76a4f5896c9a67c09337f62afc17d020e7827ddb9cdd844e3729,0036d300256c76a4f5896c9a67c09337f62afc17d020e7827ddb9cdd844e3729,318.00000000001364,320.00000000001364,0.0,0.0,0.0,0.0,80,0,0.0,False,0.0,0.0,computed_reduced_circuit_not_author_reproduction
1044,2.0,no_reward,B,trace_reset_ablation,49ef804fbf3801d5422bdab9,0036d300256c76a4f5896c9a67c09337f62afc17d020e7827ddb9cdd844e3729,0036d300256c76a4f5896c9a67c09337f62afc17d020e7827ddb9cdd844e3729,318.00000000001364,320.00000000001364,0.0,0.0,0.0,0.0,80,0,0.0,False,0.0,0.0,computed_reduced_circuit_not_author_reproduction
1044,2.0,plasticity_disabled,A,carry_trace,cc2f1a17f1e582edc9677bb9,0036d300256c76a4f5896c9a67c09337f62afc17d020e7827ddb9cdd844e3729,0036d300256c76a4f5896c9a67c09337f62afc17d020e7827ddb9cdd844e3729,318.00000000001364,320.00000000001364,0.0,0.0,0.0,0.0,80,40,32.0,False,0.0,0.0,computed_reduced_circuit_not_author_reproduction
1044,2.0,plasticity_disabled,A,trace_reset_ablation,5629b2bad273b791dc1a0fad,0036d300256c76a4f5896c9a67c09337f62afc17d020e7827ddb9cdd844e3729,0036d300256c76a4f5896c9a67c09337f62afc17d020e7827ddb9cdd844e3729,318.00000000001364,320.00000000001364,0.0,0.0,0.0,0.0,80,40,32.0,False,0.0,0.0,computed_reduced_circuit_not_author_reproduction
1044,2.0,plasticity_disabled,B,carry_trace,ce4e739d961effc279d30231,0036d300256c76a4f5896c9a67c09337f62afc17d020e7827ddb9cdd844e3729,0036d300256c76a4f5896c9a67c09337f62afc17d020e7827ddb9cdd844e3729,318.00000000001364,320.00000000001364,0.0,0.0,0.0,0.0,80,40,32.0,False,0.0,0.0,computed_reduced_circuit_not_author_reproduction
1044,2.0,plasticity_disabled,B,trace_reset_ablation,67b99bc029c81ec9eea5c1bc,0036d300256c76a4f5896c9a67c09337f62afc17d020e7827ddb9cdd844e3729,0036d300256c76a4f5896c9a67c09337f62afc17d020e7827ddb9cdd844e3729,318.00000000001364,320.00000000001364,0.0,0.0,0.0,0.0,80,40,32.0,False,0.0,0.0,computed_reduced_circuit_not_author_reproduction
1044,10.0,paired,A,carry_trace,7ae281ef5a67239ad3e1a8a7,0036d300256c76a4f5896c9a67c09337f62afc17d020e7827ddb9cdd844e3729,c1ef7d3f488e4654f14d7df65a5f25a6a7188c46158b365d5b66108d29cae974,949.9999999999714,951.9999999999714,0.0,0.5811901554754311,0.0007322026474325671,0.5804579528279985,80,40,32.0,True,0.0718652032467606,0.5811901554754311,computed_reduced_circuit_not_author_reproduction
1044,10.0,paired,A,trace_reset_ablation,a39a29ef31f12eadbadc3ef2,0036d300256c76a4f5896c9a67c09337f62afc17d020e7827ddb9cdd844e3729,3a7e12cb65faabe2a5d2d9a38889890f6816795c000c5a58cdef8304e54c6c7e,949.9999999999714,951.9999999999714,0.0,0.5809758124968689,0.0,0.5809758124968689,80,40,32.0,True,0.07182682327631906,0.5809758124968689,computed_reduced_circuit_not_author_reproduction
1044,10.0,paired,B,carry_trace,b4b800d68d37721f58e12f9b,0036d300256c76a4f5896c9a67c09337f62afc17d020e7827ddb9cdd844e3729,ac93fceccbf285d4015f912e4ca16557d218674086c95948549abe962003c283,949.9999999999714,951.9999999999714,0.0,0.579890218993214,0.0008226925343683966,0.5790675264588456,80,40,32.0,True,0.07509602569513874,0.579890218993214,computed_reduced_circuit_not_author_reproduction
1044,10.0,paired,B,trace_reset_ablation,b3111e6c40bb4703f3f1eae9,0036d300256c76a4f5896c9a67c09337f62afc17d020e7827ddb9cdd844e3729,9085cbe31ea6d095d373b935469ee4d31e1f1b22bf1822dc0a77ac1e99cf6c3d,949.9999999999714,951.9999999999714,0.0,0.5796673694206448,0.0,0.5796673694206448,80,40,32.0,True,0.07505426312537078,0.5796673694206448,computed_reduced_circuit_not_author_reproduction
1044,10.0,explicitly_unpaired,A,carry_trace,a69736f4e00302ff5c401e74,0036d300256c76a4f5896c9a67c09337f62afc17d020e7827ddb9cdd844e3729,0036d300256c76a4f5896c9a67c09337f62afc17d020e7827ddb9cdd844e3729,949.9999999999711,951.9999999999711,0.0,0.0,0.0,0.0,80,40,32.0,False,0.0,0.0,computed_reduced_circuit_not_author_reproduction
1044,10.0,explicitly_unpaired,A,trace_reset_ablation,78bbb898225c793344f6c3ea,0036d300256c76a4f5896c9a67c09337f62afc17d020e7827ddb9cdd844e3729,0036d300256c76a4f5896c9a67c09337f62afc17d020e7827ddb9cdd844e3729,949.9999999999711,951.9999999999711,0.0,0.0,0.0,0.0,80,40,32.0,False,0.0,0.0,computed_reduced_circuit_not_author_reproduction
1044,10.0,explicitly_unpaired,B,carry_trace,08d14230d5cc29b8af7e3add,0036d300256c76a4f5896c9a67c09337f62afc17d020e7827ddb9cdd844e3729,0036d300256c76a4f5896c9a67c09337f62afc17d020e7827ddb9cdd844e3729,949.9999999999711,951.9999999999711,0.0,0.0,0.0,0.0,80,40,32.0,False,0.0,0.0,computed_reduced_circuit_not_author_reproduction
1044,10.0,explicitly_unpaired,B,trace_reset_ablation,55a05f1c5c572c7835f3316f,0036d300256c76a4f5896c9a67c09337f62afc17d020e7827ddb9cdd844e3729,0036d300256c76a4f5896c9a67c09337f62afc17d020e7827ddb9cdd844e3729,949.9999999999711,951.9999999999711,0.0,0.0,0.0,0.0,80,40,32.0,False,0.0,0.0,computed_reduced_circuit_not_author_reproduction
1044,10.0,no_reward,A,carry_trace,b498750e6ae3fbafc619df0c,0036d300256c76a4f5896c9a67c09337f62afc17d020e7827ddb9cdd844e3729,0036d300256c76a4f5896c9a67c09337f62afc17d020e7827ddb9cdd844e3729,949.9999999999714,951.9999999999714,0.0,0.0,0.0,0.0,80,0,0.0,False,0.0,0.0,computed_reduced_circuit_not_author_reproduction
1044,10.0,no_reward,A,trace_reset_ablation,a39f93bbf57bb4f6a77804c6,0036d300256c76a4f5896c9a67c09337f62afc17d020e7827ddb9cdd844e3729,0036d300256c76a4f5896c9a67c09337f62afc17d020e7827ddb9cdd844e3729,949.9999999999714,951.9999999999714,0.0,0.0,0.0,0.0,80,0,0.0,False,0.0,0.0,computed_reduced_circuit_not_author_reproduction
1044,10.0,no_reward,B,carry_trace,c0cf364f46e659440d4a19a6,0036d300256c76a4f5896c9a67c09337f62afc17d020e7827ddb9cdd844e3729,0036d300256c76a4f5896c9a67c09337f62afc17d020e7827ddb9cdd844e3729,949.9999999999714,951.9999999999714,0.0,0.0,0.0,0.0,80,0,0.0,False,0.0,0.0,computed_reduced_circuit_not_author_reproduction
1044,10.0,no_reward,B,trace_reset_ablation,e7b343b7edba395900a2f88d,0036d300256c76a4f5896c9a67c09337f62afc17d020e7827ddb9cdd844e3729,0036d300256c76a4f5896c9a67c09337f62afc17d020e7827ddb9cdd844e3729,949.9999999999714,951.9999999999714,0.0,0.0,0.0,0.0,80,0,0.0,False,0.0,0.0,computed_reduced_circuit_not_author_reproduction
1044,10.0,plasticity_disabled,A,carry_trace,13d091e721a0259377be3f7a,0036d300256c76a4f5896c9a67c09337f62afc17d020e7827ddb9cdd844e3729,0036d300256c76a4f5896c9a67c09337f62afc17d020e7827ddb9cdd844e3729,949.9999999999714,951.9999999999714,0.0,0.0,0.0,0.0,80,40,32.0,False,0.0,0.0,computed_reduced_circuit_not_author_reproduction
1044,10.0,plasticity_disabled,A,trace_reset_ablation,74149ffba003c85fdc6a4be5,0036d300256c76a4f5896c9a67c09337f62afc17d020e7827ddb9cdd844e3729,0036d300256c76a4f5896c9a67c09337f62afc17d020e7827ddb9cdd844e3729,949.9999999999714,951.9999999999714,0.0,0.0,0.0,0.0,80,40,32.0,False,0.0,0.0,computed_reduced_circuit_not_author_reproduction
1044,10.0,plasticity_disabled,B,carry_trace,cc26908d9baa829c7d0ac3e7,0036d300256c76a4f5896c9a67c09337f62afc17d020e7827ddb9cdd844e3729,0036d300256c76a4f5896c9a67c09337f62afc17d020e7827ddb9cdd844e3729,949.9999999999714,951.9999999999714,0.0,0.0,0.0,0.0,80,40,32.0,False,0.0,0.0,computed_reduced_circuit_not_author_reproduction
1044,10.0,plasticity_disabled,B,trace_reset_ablation,730276eeeed550fe606110c6,0036d300256c76a4f5896c9a67c09337f62afc17d020e7827ddb9cdd844e3729,0036d300256c76a4f5896c9a67c09337f62afc17d020e7827ddb9cdd844e3729,949.9999999999714,951.9999999999714,0.0,0.0,0.0,0.0,80,40,32.0,False,0.0,0.0,computed_reduced_circuit_not_author_reproduction
1044,40.0,paired,A,carry_trace,db8de8e4f4889acae733dc24,0036d300256c76a4f5896c9a67c09337f62afc17d020e7827ddb9cdd844e3729,64236fee8328635f662b424ac21a6407dd7d517eae5e4eaae9ddd0b19568e041,3320.0000000000846,3322.0000000000846,0.0,0.5809758125627505,2.2352275586001724e-10,0.5809758123392278,80,40,32.0,True,0.07182682328801115,0.5809758125627505,computed_reduced_circuit_not_author_reproduction
1044,40.0,paired,A,trace_reset_ablation,dab8a9e17e5caae7ae068808,0036d300256c76a4f5896c9a67c09337f62afc17d020e7827ddb9cdd844e3729,3a7e12cb65faabe2a5d2d9a38889890f6816795c000c5a58cdef8304e54c6c7e,3320.0000000000846,3322.0000000000846,0.0,0.5809758124968689,0.0,0.5809758124968689,80,40,32.0,True,0.07182682327631906,0.5809758124968689,computed_reduced_circuit_not_author_reproduction
1044,40.0,paired,B,carry_trace,ec4f6c4aa9d227110074a7dc,0036d300256c76a4f5896c9a67c09337f62afc17d020e7827ddb9cdd844e3729,7f78f02f778763d2208baee88dd72e58889bbe35bfb1a8e55ef06fc3b5e74a7d,3320.0000000000846,3322.0000000000846,0.0,0.5796673694890557,2.5124635705253695e-10,0.5796673692378094,80,40,32.0,True,0.0750542631380825,0.5796673694890557,computed_reduced_circuit_not_author_reproduction
1044,40.0,paired,B,trace_reset_ablation,07549f55358873838e21ff6d,0036d300256c76a4f5896c9a67c09337f62afc17d020e7827ddb9cdd844e3729,9085cbe31ea6d095d373b935469ee4d31e1f1b22bf1822dc0a77ac1e99cf6c3d,3320.0000000000846,3322.0000000000846,0.0,0.5796673694206448,0.0,0.5796673694206448,80,40,32.0,True,0.07505426312537078,0.5796673694206448,computed_reduced_circuit_not_author_reproduction
1044,40.0,explicitly_unpaired,A,carry_trace,0a48d7ff0627ddb4a7dbf4b8,0036d300256c76a4f5896c9a67c09337f62afc17d020e7827ddb9cdd844e3729,0036d300256c76a4f5896c9a67c09337f62afc17d020e7827ddb9cdd844e3729,3320.0000000000846,3322.0000000000846,0.0,0.0,0.0,0.0,80,40,32.0,False,0.0,0.0,computed_reduced_circuit_not_author_reproduction
1044,40.0,explicitly_unpaired,A,trace_reset_ablation,65e6a8f24fc57f5a3c0991dd,0036d300256c76a4f5896c9a67c09337f62afc17d020e7827ddb9cdd844e3729,0036d300256c76a4f5896c9a67c09337f62afc17d020e7827ddb9cdd844e3729,3320.0000000000846,3322.0000000000846,0.0,0.0,0.0,0.0,80,40,32.0,False,0.0,0.0,computed_reduced_circuit_not_author_reproduction
1044,40.0,explicitly_unpaired,B,carry_trace,f7799333cefaaa991c088607,0036d300256c76a4f5896c9a67c09337f62afc17d020e7827ddb9cdd844e3729,0036d300256c76a4f5896c9a67c09337f62afc17d020e7827ddb9cdd844e3729,3320.0000000000846,3322.0000000000846,0.0,0.0,0.0,0.0,80,40,32.0,False,0.0,0.0,computed_reduced_circuit_not_author_reproduction
1044,40.0,explicitly_unpaired,B,trace_reset_ablation,89601fc1d2e694c5198c5928,0036d300256c76a4f5896c9a67c09337f62afc17d020e7827ddb9cdd844e3729,0036d300256c76a4f5896c9a67c09337f62afc17d020e7827ddb9cdd844e3729,3320.0000000000846,3322.0000000000846,0.0,0.0,0.0,0.0,80,40,32.0,False,0.0,0.0,computed_reduced_circuit_not_author_reproduction
1044,40.0,no_reward,A,carry_trace,2c9affcc022940af6e9a7f69,0036d300256c76a4f5896c9a67c09337f62afc17d020e7827ddb9cdd844e3729,0036d300256c76a4f5896c9a67c09337f62afc17d020e7827ddb9cdd844e3729,3320.0000000000846,3322.0000000000846,0.0,0.0,0.0,0.0,80,0,0.0,False,0.0,0.0,computed_reduced_circuit_not_author_reproduction
1044,40.0,no_reward,A,trace_reset_ablation,2978f239f2930d45a8946fbb,0036d300256c76a4f5896c9a67c09337f62afc17d020e7827ddb9cdd844e3729,0036d300256c76a4f5896c9a67c09337f62afc17d020e7827ddb9cdd844e3729,3320.0000000000846,3322.0000000000846,0.0,0.0,0.0,0.0,80,0,0.0,False,0.0,0.0,computed_reduced_circuit_not_author_reproduction
1044,40.0,no_reward,B,carry_trace,bfabaf7013f9875d73d59a24,0036d300256c76a4f5896c9a67c09337f62afc17d020e7827ddb9cdd844e3729,0036d300256c76a4f5896c9a67c09337f62afc17d020e7827ddb9cdd844e3729,3320.0000000000846,3322.0000000000846,0.0,0.0,0.0,0.0,80,0,0.0,False,0.0,0.0,computed_reduced_circuit_not_author_reproduction
1044,40.0,no_reward,B,trace_reset_ablation,ff5237949ead3693a8481cfa,0036d300256c76a4f5896c9a67c09337f62afc17d020e7827ddb9cdd844e3729,0036d300256c76a4f5896c9a67c09337f62afc17d020e7827ddb9cdd844e3729,3320.0000000000846,3322.0000000000846,0.0,0.0,0.0,0.0,80,0,0.0,False,0.0,0.0,computed_reduced_circuit_not_author_reproduction
1044,40.0,plasticity_disabled,A,carry_trace,fd70af346cc580fe8ec97125,0036d300256c76a4f5896c9a67c09337f62afc17d020e7827ddb9cdd844e3729,0036d300256c76a4f5896c9a67c09337f62afc17d020e7827ddb9cdd844e3729,3320.0000000000846,3322.0000000000846,0.0,0.0,0.0,0.0,80,40,32.0,False,0.0,0.0,computed_reduced_circuit_not_author_reproduction
1044,40.0,plasticity_disabled,A,trace_reset_ablation,aeb3cf7f8c95a01660620ffb,0036d300256c76a4f5896c9a67c09337f62afc17d020e7827ddb9cdd844e3729,0036d300256c76a4f5896c9a67c09337f62afc17d020e7827ddb9cdd844e3729,3320.0000000000846,3322.0000000000846,0.0,0.0,0.0,0.0,80,40,32.0,False,0.0,0.0,computed_reduced_circuit_not_author_reproduction
1044,40.0,plasticity_disabled,B,carry_trace,974ae1caa4a1f28973be1b7b,0036d300256c76a4f5896c9a67c09337f62afc17d020e7827ddb9cdd844e3729,0036d300256c76a4f5896c9a67c09337f62afc17d020e7827ddb9cdd844e3729,3320.0000000000846,3322.0000000000846,0.0,0.0,0.0,0.0,80,40,32.0,False,0.0,0.0,computed_reduced_circuit_not_author_reproduction
1044,40.0,plasticity_disabled,B,trace_reset_ablation,745d1bcaeda125509911ff7d,0036d300256c76a4f5896c9a67c09337f62afc17d020e7827ddb9cdd844e3729,0036d300256c76a4f5896c9a67c09337f62afc17d020e7827ddb9cdd844e3729,3320.0000000000846,3322.0000000000846,0.0,0.0,0.0,0.0,80,40,32.0,False,0.0,0.0,computed_reduced_circuit_not_author_reproduction
1045,2.0,paired,A,carry_trace,6879fcc98f34bfeec3da6c15,0036d300256c76a4f5896c9a67c09337f62afc17d020e7827ddb9cdd844e3729,7de8ba9f32983b92f0119b7d0eccae46ceab6393b8219c57260303ad8d3fb874,318.00000000001364,320.00000000001364,0.0,0.5846975082498365,0.05318024959010137,0.5315172586597351,80,40,32.0,True,0.08002491853092064,0.5846975082498365,computed_reduced_circuit_not_author_reproduction
1045,2.0,paired,A,trace_reset_ablation,a7ea6457a15acd39f28fa922,0036d300256c76a4f5896c9a67c09337f62afc17d020e7827ddb9cdd844e3729,e498d94e43509e5526018fc3ecbdf45806790ce883c0fa4856e3abfa408de9be,318.00000000001364,320.00000000001364,0.0,0.5771092221038421,0.0,0.5771092221038421,80,40,32.0,True,0.07708091631291436,0.5771092221038421,computed_reduced_circuit_not_author_reproduction
1045,2.0,paired,B,carry_trace,e9acccd0c22737c8972c6a99,0036d300256c76a4f5896c9a67c09337f62afc17d020e7827ddb9cdd844e3729,ba9b5fd553a6f6180aca2606de257a687c7f5b4c2e81fc1ddce2cc60a9bec33a,318.00000000001364,320.00000000001364,0.0,0.5909725572669828,0.05125195279934791,0.5397206044676349,80,40,32.0,True,0.07645514288474975,0.5909725572669828,computed_reduced_circuit_not_author_reproduction
1045,2.0,paired,B,trace_reset_ablation,0946b8212af3f655569eaa73,0036d300256c76a4f5896c9a67c09337f62afc17d020e7827ddb9cdd844e3729,e30a87efb72625e10d2b5f1580084c9f35560f0043b784bac32495aada2a0fde,318.00000000001364,320.00000000001364,0.0,0.5839066954788689,0.0,0.5839066954788689,80,40,32.0,True,0.07368225724958455,0.5839066954788689,computed_reduced_circuit_not_author_reproduction
1045,2.0,explicitly_unpaired,A,carry_trace,c30b58bf876635bdbe44ec3c,0036d300256c76a4f5896c9a67c09337f62afc17d020e7827ddb9cdd844e3729,0036d300256c76a4f5896c9a67c09337f62afc17d020e7827ddb9cdd844e3729,318.00000000001353,320.00000000001353,0.0,0.0,0.0,0.0,80,40,32.0,False,0.0,0.0,computed_reduced_circuit_not_author_reproduction
1045,2.0,explicitly_unpaired,A,trace_reset_ablation,862a7f06aefaa007ba529da8,0036d300256c76a4f5896c9a67c09337f62afc17d020e7827ddb9cdd844e3729,0036d300256c76a4f5896c9a67c09337f62afc17d020e7827ddb9cdd844e3729,318.00000000001353,320.00000000001353,0.0,0.0,0.0,0.0,80,40,32.0,False,0.0,0.0,computed_reduced_circuit_not_author_reproduction
1045,2.0,explicitly_unpaired,B,carry_trace,586dbbde6c6bcd540a71ff82,0036d300256c76a4f5896c9a67c09337f62afc17d020e7827ddb9cdd844e3729,0036d300256c76a4f5896c9a67c09337f62afc17d020e7827ddb9cdd844e3729,318.00000000001353,320.00000000001353,0.0,0.0,0.0,0.0,80,40,32.0,False,0.0,0.0,computed_reduced_circuit_not_author_reproduction
1045,2.0,explicitly_unpaired,B,trace_reset_ablation,8cc7466939a64d9592437225,0036d300256c76a4f5896c9a67c09337f62afc17d020e7827ddb9cdd844e3729,0036d300256c76a4f5896c9a67c09337f62afc17d020e7827ddb9cdd844e3729,318.00000000001353,320.00000000001353,0.0,0.0,0.0,0.0,80,40,32.0,False,0.0,0.0,computed_reduced_circuit_not_author_reproduction
1045,2.0,no_reward,A,carry_trace,8b9709e1b599778d7b6ea817,0036d300256c76a4f5896c9a67c09337f62afc17d020e7827ddb9cdd844e3729,0036d300256c76a4f5896c9a67c09337f62afc17d020e7827ddb9cdd844e3729,318.00000000001364,320.00000000001364,0.0,0.0,0.0,0.0,80,0,0.0,False,0.0,0.0,computed_reduced_circuit_not_author_reproduction
1045,2.0,no_reward,A,trace_reset_ablation,31cfd0da7c30ba19413da5c7,0036d300256c76a4f5896c9a67c09337f62afc17d020e7827ddb9cdd844e3729,0036d300256c76a4f5896c9a67c09337f62afc17d020e7827ddb9cdd844e3729,318.00000000001364,320.00000000001364,0.0,0.0,0.0,0.0,80,0,0.0,False,0.0,0.0,computed_reduced_circuit_not_author_reproduction
1045,2.0,no_reward,B,carry_trace,2312c02bfcde9c6c58f4180e,0036d300256c76a4f5896c9a67c09337f62afc17d020e7827ddb9cdd844e3729,0036d300256c76a4f5896c9a67c09337f62afc17d020e7827ddb9cdd844e3729,318.00000000001364,320.00000000001364,0.0,0.0,0.0,0.0,80,0,0.0,False,0.0,0.0,computed_reduced_circuit_not_author_reproduction
1045,2.0,no_reward,B,trace_reset_ablation,0c1ca6b920fa14613dfea3c6,0036d300256c76a4f5896c9a67c09337f62afc17d020e7827ddb9cdd844e3729,0036d300256c76a4f5896c9a67c09337f62afc17d020e7827ddb9cdd844e3729,318.00000000001364,320.00000000001364,0.0,0.0,0.0,0.0,80,0,0.0,False,0.0,0.0,computed_reduced_circuit_not_author_reproduction
1045,2.0,plasticity_disabled,A,carry_trace,98e19302575e42e05fa1e982,0036d300256c76a4f5896c9a67c09337f62afc17d020e7827ddb9cdd844e3729,0036d300256c76a4f5896c9a67c09337f62afc17d020e7827ddb9cdd844e3729,318.00000000001364,320.00000000001364,0.0,0.0,0.0,0.0,80,40,32.0,False,0.0,0.0,computed_reduced_circuit_not_author_reproduction
1045,2.0,plasticity_disabled,A,trace_reset_ablation,9994bd5344d581dec48fb0c1,0036d300256c76a4f5896c9a67c09337f62afc17d020e7827ddb9cdd844e3729,0036d300256c76a4f5896c9a67c09337f62afc17d020e7827ddb9cdd844e3729,318.00000000001364,320.00000000001364,0.0,0.0,0.0,0.0,80,40,32.0,False,0.0,0.0,computed_reduced_circuit_not_author_reproduction
1045,2.0,plasticity_disabled,B,carry_trace,3c997af4f212c141acf2ecb1,0036d300256c76a4f5896c9a67c09337f62afc17d020e7827ddb9cdd844e3729,0036d300256c76a4f5896c9a67c09337f62afc17d020e7827ddb9cdd844e3729,318.00000000001364,320.00000000001364,0.0,0.0,0.0,0.0,80,40,32.0,False,0.0,0.0,computed_reduced_circuit_not_author_reproduction
1045,2.0,plasticity_disabled,B,trace_reset_ablation,0d10c1d88f0f9c429d235ed4,0036d300256c76a4f5896c9a67c09337f62afc17d020e7827ddb9cdd844e3729,0036d300256c76a4f5896c9a67c09337f62afc17d020e7827ddb9cdd844e3729,318.00000000001364,320.00000000001364,0.0,0.0,0.0,0.0,80,40,32.0,False,0.0,0.0,computed_reduced_circuit_not_author_reproduction
1045,10.0,paired,A,carry_trace,922e04446ae64bf7615680e5,0036d300256c76a4f5896c9a67c09337f62afc17d020e7827ddb9cdd844e3729,91b778fcd0ee6c94e865d8dc67cbbf0ac6fb7190bbcc00663c11a09859fd5999,949.9999999999714,951.9999999999714,0.0,0.5773341910215783,0.0009000927268449921,0.5764340982947334,80,40,32.0,True,0.07712438132396404,0.5773341910215783,computed_reduced_circuit_not_author_reproduction
1045,10.0,paired,A,trace_reset_ablation,dde766b66864af9f75b4c7a3,0036d300256c76a4f5896c9a67c09337f62afc17d020e7827ddb9cdd844e3729,e498d94e43509e5526018fc3ecbdf45806790ce883c0fa4856e3abfa408de9be,949.9999999999714,951.9999999999714,0.0,0.5771092221038421,0.0,0.5771092221038421,80,40,32.0,True,0.07708091631291436,0.5771092221038421,computed_reduced_circuit_not_author_reproduction
1045,10.0,paired,B,carry_trace,dbd5d76cd533f22f023f2f18,0036d300256c76a4f5896c9a67c09337f62afc17d020e7827ddb9cdd844e3729,e6fb7f4aab333d5791e93bb8d128486a673492d03139348c2c96d981ae1eea21,949.9999999999714,951.9999999999714,0.0,0.5841243810044384,0.0008516347337235164,0.5832727462707149,80,40,32.0,True,0.07372217955256666,0.5841243810044384,computed_reduced_circuit_not_author_reproduction
1045,10.0,paired,B,trace_reset_ablation,2a0120f0c3ede1594a87dad2,0036d300256c76a4f5896c9a67c09337f62afc17d020e7827ddb9cdd844e3729,e30a87efb72625e10d2b5f1580084c9f35560f0043b784bac32495aada2a0fde,949.9999999999714,951.9999999999714,0.0,0.5839066954788689,0.0,0.5839066954788689,80,40,32.0,True,0.07368225724958455,0.5839066954788689,computed_reduced_circuit_not_author_reproduction
1045,10.0,explicitly_unpaired,A,carry_trace,16e5ba88c6f6b2f2150bcc19,0036d300256c76a4f5896c9a67c09337f62afc17d020e7827ddb9cdd844e3729,0036d300256c76a4f5896c9a67c09337f62afc17d020e7827ddb9cdd844e3729,949.9999999999711,951.9999999999711,0.0,0.0,0.0,0.0,80,40,32.0,False,0.0,0.0,computed_reduced_circuit_not_author_reproduction
1045,10.0,explicitly_unpaired,A,trace_reset_ablation,4c94546f0f14d5eae475c91a,0036d300256c76a4f5896c9a67c09337f62afc17d020e7827ddb9cdd844e3729,0036d300256c76a4f5896c9a67c09337f62afc17d020e7827ddb9cdd844e3729,949.9999999999711,951.9999999999711,0.0,0.0,0.0,0.0,80,40,32.0,False,0.0,0.0,computed_reduced_circuit_not_author_reproduction
1045,10.0,explicitly_unpaired,B,carry_trace,8b42298773af427862d8b76b,0036d300256c76a4f5896c9a67c09337f62afc17d020e7827ddb9cdd844e3729,0036d300256c76a4f5896c9a67c09337f62afc17d020e7827ddb9cdd844e3729,949.9999999999711,951.9999999999711,0.0,0.0,0.0,0.0,80,40,32.0,False,0.0,0.0,computed_reduced_circuit_not_author_reproduction
1045,10.0,explicitly_unpaired,B,trace_reset_ablation,a03e99c8c6cf2a089dc9d269,0036d300256c76a4f5896c9a67c09337f62afc17d020e7827ddb9cdd844e3729,0036d300256c76a4f5896c9a67c09337f62afc17d020e7827ddb9cdd844e3729,949.9999999999711,951.9999999999711,0.0,0.0,0.0,0.0,80,40,32.0,False,0.0,0.0,computed_reduced_circuit_not_author_reproduction
1045,10.0,no_reward,A,carry_trace,5d00266b8fe7ed88af7c2112,0036d300256c76a4f5896c9a67c09337f62afc17d020e7827ddb9cdd844e3729,0036d300256c76a4f5896c9a67c09337f62afc17d020e7827ddb9cdd844e3729,949.9999999999714,951.9999999999714,0.0,0.0,0.0,0.0,80,0,0.0,False,0.0,0.0,computed_reduced_circuit_not_author_reproduction
1045,10.0,no_reward,A,trace_reset_ablation,c1d8b64bc32a16cf0f93cb88,0036d300256c76a4f5896c9a67c09337f62afc17d020e7827ddb9cdd844e3729,0036d300256c76a4f5896c9a67c09337f62afc17d020e7827ddb9cdd844e3729,949.9999999999714,951.9999999999714,0.0,0.0,0.0,0.0,80,0,0.0,False,0.0,0.0,computed_reduced_circuit_not_author_reproduction
1045,10.0,no_reward,B,carry_trace,3eb00330361569dbe64779b6,0036d300256c76a4f5896c9a67c09337f62afc17d020e7827ddb9cdd844e3729,0036d300256c76a4f5896c9a67c09337f62afc17d020e7827ddb9cdd844e3729,949.9999999999714,951.9999999999714,0.0,0.0,0.0,0.0,80,0,0.0,False,0.0,0.0,computed_reduced_circuit_not_author_reproduction
1045,10.0,no_reward,B,trace_reset_ablation,a77c68b83b103df786ab550a,0036d300256c76a4f5896c9a67c09337f62afc17d020e7827ddb9cdd844e3729,0036d300256c76a4f5896c9a67c09337f62afc17d020e7827ddb9cdd844e3729,949.9999999999714,951.9999999999714,0.0,0.0,0.0,0.0,80,0,0.0,False,0.0,0.0,computed_reduced_circuit_not_author_reproduction
1045,10.0,plasticity_disabled,A,carry_trace,2605a1c2ee632520cbab0cff,0036d300256c76a4f5896c9a67c09337f62afc17d020e7827ddb9cdd844e3729,0036d300256c76a4f5896c9a67c09337f62afc17d020e7827ddb9cdd844e3729,949.9999999999714,951.9999999999714,0.0,0.0,0.0,0.0,80,40,32.0,False,0.0,0.0,computed_reduced_circuit_not_author_reproduction
1045,10.0,plasticity_disabled,A,trace_reset_ablation,687757883fcb29932355b2bc,0036d300256c76a4f5896c9a67c09337f62afc17d020e7827ddb9cdd844e3729,0036d300256c76a4f5896c9a67c09337f62afc17d020e7827ddb9cdd844e3729,949.9999999999714,951.9999999999714,0.0,0.0,0.0,0.0,80,40,32.0,False,0.0,0.0,computed_reduced_circuit_not_author_reproduction
1045,10.0,plasticity_disabled,B,carry_trace,20b513ebd7b372fb88a5122c,0036d300256c76a4f5896c9a67c09337f62afc17d020e7827ddb9cdd844e3729,0036d300256c76a4f5896c9a67c09337f62afc17d020e7827ddb9cdd844e3729,949.9999999999714,951.9999999999714,0.0,0.0,0.0,0.0,80,40,32.0,False,0.0,0.0,computed_reduced_circuit_not_author_reproduction
1045,10.0,plasticity_disabled,B,trace_reset_ablation,356eefff4c878b56bfc7db20,0036d300256c76a4f5896c9a67c09337f62afc17d020e7827ddb9cdd844e3729,0036d300256c76a4f5896c9a67c09337f62afc17d020e7827ddb9cdd844e3729,949.9999999999714,951.9999999999714,0.0,0.0,0.0,0.0,80,40,32.0,False,0.0,0.0,computed_reduced_circuit_not_author_reproduction
1045,40.0,paired,A,carry_trace,20db565917c62d73a32a14ce,0036d300256c76a4f5896c9a67c09337f62afc17d020e7827ddb9cdd844e3729,ba85a13e22bcf3b07886fe49a60092286c77cd373f80e6295e8ec36fd20bc481,3320.0000000000846,3322.0000000000846,0.0,0.5771092221731011,2.75074185651647e-10,0.5771092218980269,80,40,32.0,True,0.0770809163261702,0.5771092221731011,computed_reduced_circuit_not_author_reproduction
1045,40.0,paired,A,trace_reset_ablation,ea3e9dfef745056199ee35bf,0036d300256c76a4f5896c9a67c09337f62afc17d020e7827ddb9cdd844e3729,e498d94e43509e5526018fc3ecbdf45806790ce883c0fa4856e3abfa408de9be,3320.0000000000846,3322.0000000000846,0.0,0.5771092221038421,0.0,0.5771092221038421,80,40,32.0,True,0.07708091631291436,0.5771092221038421,computed_reduced_circuit_not_author_reproduction
1045,40.0,paired,B,carry_trace,a7e8cbc73e3f0394e71a66ff,0036d300256c76a4f5896c9a67c09337f62afc17d020e7827ddb9cdd844e3729,ff289be9d55f758a4ff1801942436a42faa4b968253f691af14f128a57516450,3320.0000000000846,3322.0000000000846,0.0,0.5839066955459287,2.601707738136838e-10,0.5839066952857579,80,40,32.0,True,0.07368225726175981,0.5839066955459287,computed_reduced_circuit_not_author_reproduction
1045,40.0,paired,B,trace_reset_ablation,82451d0b925d31a123cef268,0036d300256c76a4f5896c9a67c09337f62afc17d020e7827ddb9cdd844e3729,e30a87efb72625e10d2b5f1580084c9f35560f0043b784bac32495aada2a0fde,3320.0000000000846,3322.0000000000846,0.0,0.5839066954788689,0.0,0.5839066954788689,80,40,32.0,True,0.07368225724958455,0.5839066954788689,computed_reduced_circuit_not_author_reproduction
1045,40.0,explicitly_unpaired,A,carry_trace,82ee22121def80660432bfb9,0036d300256c76a4f5896c9a67c09337f62afc17d020e7827ddb9cdd844e3729,0036d300256c76a4f5896c9a67c09337f62afc17d020e7827ddb9cdd844e3729,3320.0000000000846,3322.0000000000846,0.0,0.0,0.0,0.0,80,40,32.0,False,0.0,0.0,computed_reduced_circuit_not_author_reproduction
1045,40.0,explicitly_unpaired,A,trace_reset_ablation,0986a589e516d5082a3fbaf5,0036d300256c76a4f5896c9a67c09337f62afc17d020e7827ddb9cdd844e3729,0036d300256c76a4f5896c9a67c09337f62afc17d020e7827ddb9cdd844e3729,3320.0000000000846,3322.0000000000846,0.0,0.0,0.0,0.0,80,40,32.0,False,0.0,0.0,computed_reduced_circuit_not_author_reproduction
1045,40.0,explicitly_unpaired,B,carry_trace,21658199f209bc2c3afe10fd,0036d300256c76a4f5896c9a67c09337f62afc17d020e7827ddb9cdd844e3729,0036d300256c76a4f5896c9a67c09337f62afc17d020e7827ddb9cdd844e3729,3320.0000000000846,3322.0000000000846,0.0,0.0,0.0,0.0,80,40,32.0,False,0.0,0.0,computed_reduced_circuit_not_author_reproduction
1045,40.0,explicitly_unpaired,B,trace_reset_ablation,3fabf3f68e7066da20f27b2f,0036d300256c76a4f5896c9a67c09337f62afc17d020e7827ddb9cdd844e3729,0036d300256c76a4f5896c9a67c09337f62afc17d020e7827ddb9cdd844e3729,3320.0000000000846,3322.0000000000846,0.0,0.0,0.0,0.0,80,40,32.0,False,0.0,0.0,computed_reduced_circuit_not_author_reproduction
1045,40.0,no_reward,A,carry_trace,94efc8b20bf95d5e2bf3fad7,0036d300256c76a4f5896c9a67c09337f62afc17d020e7827ddb9cdd844e3729,0036d300256c76a4f5896c9a67c09337f62afc17d020e7827ddb9cdd844e3729,3320.0000000000846,3322.0000000000846,0.0,0.0,0.0,0.0,80,0,0.0,False,0.0,0.0,computed_reduced_circuit_not_author_reproduction
1045,40.0,no_reward,A,trace_reset_ablation,6efa98992398a6f053d31666,0036d300256c76a4f5896c9a67c09337f62afc17d020e7827ddb9cdd844e3729,0036d300256c76a4f5896c9a67c09337f62afc17d020e7827ddb9cdd844e3729,3320.0000000000846,3322.0000000000846,0.0,0.0,0.0,0.0,80,0,0.0,False,0.0,0.0,computed_reduced_circuit_not_author_reproduction
1045,40.0,no_reward,B,carry_trace,0fc0cce139b120dde722f7bb,0036d300256c76a4f5896c9a67c09337f62afc17d020e7827ddb9cdd844e3729,0036d300256c76a4f5896c9a67c09337f62afc17d020e7827ddb9cdd844e3729,3320.0000000000846,3322.0000000000846,0.0,0.0,0.0,0.0,80,0,0.0,False,0.0,0.0,computed_reduced_circuit_not_author_reproduction
1045,40.0,no_reward,B,trace_reset_ablation,46679e2c4f4d3a11b612fc9b,0036d300256c76a4f5896c9a67c09337f62afc17d020e7827ddb9cdd844e3729,0036d300256c76a4f5896c9a67c09337f62afc17d020e7827ddb9cdd844e3729,3320.0000000000846,3322.0000000000846,0.0,0.0,0.0,0.0,80,0,0.0,False,0.0,0.0,computed_reduced_circuit_not_author_reproduction
1045,40.0,plasticity_disabled,A,carry_trace,fe7ccad73a30dd049291a729,0036d300256c76a4f5896c9a67c09337f62afc17d020e7827ddb9cdd844e3729,0036d300256c76a4f5896c9a67c09337f62afc17d020e7827ddb9cdd844e3729,3320.0000000000846,3322.0000000000846,0.0,0.0,0.0,0.0,80,40,32.0,False,0.0,0.0,computed_reduced_circuit_not_author_reproduction
1045,40.0,plasticity_disabled,A,trace_reset_ablation,7b45c0c0121e48af7c7f91ce,0036d300256c76a4f5896c9a67c09337f62afc17d020e7827ddb9cdd844e3729,0036d300256c76a4f5896c9a67c09337f62afc17d020e7827ddb9cdd844e3729,3320.0000000000846,3322.0000000000846,0.0,0.0,0.0,0.0,80,40,32.0,False,0.0,0.0,computed_reduced_circuit_not_author_reproduction
1045,40.0,plasticity_disabled,B,carry_trace,16c19a87ec1e3ff8389b82bb,0036d300256c76a4f5896c9a67c09337f62afc17d020e7827ddb9cdd844e3729,0036d300256c76a4f5896c9a67c09337f62afc17d020e7827ddb9cdd844e3729,3320.0000000000846,3322.0000000000846,0.0,0.0,0.0,0.0,80,40,32.0,False,0.0,0.0,computed_reduced_circuit_not_author_reproduction
1045,40.0,plasticity_disabled,B,trace_reset_ablation,f8cb64b2ce1c015c79e1d012,0036d300256c76a4f5896c9a67c09337f62afc17d020e7827ddb9cdd844e3729,0036d300256c76a4f5896c9a67c09337f62afc17d020e7827ddb9cdd844e3729,3320.0000000000846,3322.0000000000846,0.0,0.0,0.0,0.0,80,40,32.0,False,0.0,0.0,computed_reduced_circuit_not_author_reproduction
1046,2.0,paired,A,carry_trace,3d1b96ec28422aecd20d25c0,0036d300256c76a4f5896c9a67c09337f62afc17d020e7827ddb9cdd844e3729,42ab60a4046bf274da1b166871384c09991fba07428a8d6bf3be4de316f20374,318.00000000001364,320.00000000001364,0.0,0.5933062290133941,0.04555697645043011,0.547749252562964,80,40,32.0,True,0.07863944356173425,0.5933062290133941,computed_reduced_circuit_not_author_reproduction
1046,2.0,paired,A,trace_reset_ablation,68051655397ffa04dde84a0c,0036d300256c76a4f5896c9a67c09337f62afc17d020e7827ddb9cdd844e3729,dd5859094a2cd37c4cc9fef9e78b511a45f5c52a01d7597a18eea6f69f560d91,318.00000000001364,320.00000000001364,0.0,0.5856839114262815,0.0,0.5856839114262815,80,40,32.0,True,0.07589604903424996,0.5856839114262815,computed_reduced_circuit_not_author_reproduction
1046,2.0,paired,B,carry_trace,8fa9a62b10585501c2239a00,0036d300256c76a4f5896c9a67c09337f62afc17d020e7827ddb9cdd844e3729,e8df166a1e9d15561e2979aa8aa995d0ca8025933775f00fa42b9cbb45036e35,318.00000000001364,320.00000000001364,0.0,0.5843382800175121,0.05003715332140435,0.5343011266961077,80,40,32.0,True,0.08711393068555962,0.5843382800175121,computed_reduced_circuit_not_author_reproduction
1046,2.0,paired,B,trace_reset_ablation,6c479b3229d37207b5fcd4bb,0036d300256c76a4f5896c9a67c09337f62afc17d020e7827ddb9cdd844e3729,5571281a8ffefc3f80f24c766ee4e7c208af4572786e5e2ca39c0dac62da1778,318.00000000001364,320.00000000001364,0.0,0.5759612644641038,0.0,0.5759612644641038,80,40,32.0,True,0.0839823689911966,0.5759612644641038,computed_reduced_circuit_not_author_reproduction
1046,2.0,explicitly_unpaired,A,carry_trace,446296d80f00b2cc045a51ab,0036d300256c76a4f5896c9a67c09337f62afc17d020e7827ddb9cdd844e3729,0036d300256c76a4f5896c9a67c09337f62afc17d020e7827ddb9cdd844e3729,318.00000000001353,320.00000000001353,0.0,0.0,0.0,0.0,80,40,32.0,False,0.0,0.0,computed_reduced_circuit_not_author_reproduction
1046,2.0,explicitly_unpaired,A,trace_reset_ablation,b23309b38ce69b8fdd08c11e,0036d300256c76a4f5896c9a67c09337f62afc17d020e7827ddb9cdd844e3729,0036d300256c76a4f5896c9a67c09337f62afc17d020e7827ddb9cdd844e3729,318.00000000001353,320.00000000001353,0.0,0.0,0.0,0.0,80,40,32.0,False,0.0,0.0,computed_reduced_circuit_not_author_reproduction
1046,2.0,explicitly_unpaired,B,carry_trace,5521338c164eabd229fb7887,0036d300256c76a4f5896c9a67c09337f62afc17d020e7827ddb9cdd844e3729,0036d300256c76a4f5896c9a67c09337f62afc17d020e7827ddb9cdd844e3729,318.00000000001353,320.00000000001353,0.0,0.0,0.0,0.0,80,40,32.0,False,0.0,0.0,computed_reduced_circuit_not_author_reproduction
1046,2.0,explicitly_unpaired,B,trace_reset_ablation,734cf1a0f2750e37f9274221,0036d300256c76a4f5896c9a67c09337f62afc17d020e7827ddb9cdd844e3729,0036d300256c76a4f5896c9a67c09337f62afc17d020e7827ddb9cdd844e3729,318.00000000001353,320.00000000001353,0.0,0.0,0.0,0.0,80,40,32.0,False,0.0,0.0,computed_reduced_circuit_not_author_reproduction
1046,2.0,no_reward,A,carry_trace,4a7a1ffd69bb518a9386d028,0036d300256c76a4f5896c9a67c09337f62afc17d020e7827ddb9cdd844e3729,0036d300256c76a4f5896c9a67c09337f62afc17d020e7827ddb9cdd844e3729,318.00000000001364,320.00000000001364,0.0,0.0,0.0,0.0,80,0,0.0,False,0.0,0.0,computed_reduced_circuit_not_author_reproduction
1046,2.0,no_reward,A,trace_reset_ablation,51ee457286fcc8b0ceed8b00,0036d300256c76a4f5896c9a67c09337f62afc17d020e7827ddb9cdd844e3729,0036d300256c76a4f5896c9a67c09337f62afc17d020e7827ddb9cdd844e3729,318.00000000001364,320.00000000001364,0.0,0.0,0.0,0.0,80,0,0.0,False,0.0,0.0,computed_reduced_circuit_not_author_reproduction
1046,2.0,no_reward,B,carry_trace,04e242769461e097221e6b1e,0036d300256c76a4f5896c9a67c09337f62afc17d020e7827ddb9cdd844e3729,0036d300256c76a4f5896c9a67c09337f62afc17d020e7827ddb9cdd844e3729,318.00000000001364,320.00000000001364,0.0,0.0,0.0,0.0,80,0,0.0,False,0.0,0.0,computed_reduced_circuit_not_author_reproduction
1046,2.0,no_reward,B,trace_reset_ablation,88a69cc7ffaa12c9871d3bcd,0036d300256c76a4f5896c9a67c09337f62afc17d020e7827ddb9cdd844e3729,0036d300256c76a4f5896c9a67c09337f62afc17d020e7827ddb9cdd844e3729,318.00000000001364,320.00000000001364,0.0,0.0,0.0,0.0,80,0,0.0,False,0.0,0.0,computed_reduced_circuit_not_author_reproduction
1046,2.0,plasticity_disabled,A,carry_trace,ac8e2489fcf3a240feed4f47,0036d300256c76a4f5896c9a67c09337f62afc17d020e7827ddb9cdd844e3729,0036d300256c76a4f5896c9a67c09337f62afc17d020e7827ddb9cdd844e3729,318.00000000001364,320.00000000001364,0.0,0.0,0.0,0.0,80,40,32.0,False,0.0,0.0,computed_reduced_circuit_not_author_reproduction
1046,2.0,plasticity_disabled,A,trace_reset_ablation,d1aaf29afe9ff56dd5715739,0036d300256c76a4f5896c9a67c09337f62afc17d020e7827ddb9cdd844e3729,0036d300256c76a4f5896c9a67c09337f62afc17d020e7827ddb9cdd844e3729,318.00000000001364,320.00000000001364,0.0,0.0,0.0,0.0,80,40,32.0,False,0.0,0.0,computed_reduced_circuit_not_author_reproduction
1046,2.0,plasticity_disabled,B,carry_trace,f3f8aafc71aeecff37254f7c,0036d300256c76a4f5896c9a67c09337f62afc17d020e7827ddb9cdd844e3729,0036d300256c76a4f5896c9a67c09337f62afc17d020e7827ddb9cdd844e3729,318.00000000001364,320.00000000001364,0.0,0.0,0.0,0.0,80,40,32.0,False,0.0,0.0,computed_reduced_circuit_not_author_reproduction
1046,2.0,plasticity_disabled,B,trace_reset_ablation,8fddd9c7369e0f501c890634,0036d300256c76a4f5896c9a67c09337f62afc17d020e7827ddb9cdd844e3729,0036d300256c76a4f5896c9a67c09337f62afc17d020e7827ddb9cdd844e3729,318.00000000001364,320.00000000001364,0.0,0.0,0.0,0.0,80,40,32.0,False,0.0,0.0,computed_reduced_circuit_not_author_reproduction
1046,10.0,paired,A,carry_trace,31b879725353e5d0d8841509,0036d300256c76a4f5896c9a67c09337f62afc17d020e7827ddb9cdd844e3729,86751efaad35f2e216a5ff76e56750696a05e37cac6dd23126423909d4cc1b4e,949.9999999999714,951.9999999999714,0.0,0.5858869776450201,0.0007305524023376586,0.5851564252426824,80,40,32.0,True,0.07593430010465418,0.5858869776450201,computed_reduced_circuit_not_author_reproduction
1046,10.0,paired,A,trace_reset_ablation,68bf015d6fa66c38fadc6727,0036d300256c76a4f5896c9a67c09337f62afc17d020e7827ddb9cdd844e3729,dd5859094a2cd37c4cc9fef9e78b511a45f5c52a01d7597a18eea6f69f560d91,949.9999999999714,951.9999999999714,0.0,0.5856839114262815,0.0,0.5856839114262815,80,40,32.0,True,0.07589604903424996,0.5856839114262815,computed_reduced_circuit_not_author_reproduction
1046,10.0,paired,B,carry_trace,0ad603ff779d473e4eb44519,0036d300256c76a4f5896c9a67c09337f62afc17d020e7827ddb9cdd844e3729,c3a31da6be9efb93130e1f83dc2e5c9af72f78bdd2ddd28472cf8b039686bd94,949.9999999999714,951.9999999999714,0.0,0.5761724176771578,0.0008205633305238269,0.5753518543466339,80,40,32.0,True,0.08402685145278338,0.5761724176771578,computed_reduced_circuit_not_author_reproduction
1046,10.0,paired,B,trace_reset_ablation,b7619d0a539f15db6046ab65,0036d300256c76a4f5896c9a67c09337f62afc17d020e7827ddb9cdd844e3729,5571281a8ffefc3f80f24c766ee4e7c208af4572786e5e2ca39c0dac62da1778,949.9999999999714,951.9999999999714,0.0,0.5759612644641038,0.0,0.5759612644641038,80,40,32.0,True,0.0839823689911966,0.5759612644641038,computed_reduced_circuit_not_author_reproduction
1046,10.0,explicitly_unpaired,A,carry_trace,cdd3330e8cffe90f04f8f0cf,0036d300256c76a4f5896c9a67c09337f62afc17d020e7827ddb9cdd844e3729,0036d300256c76a4f5896c9a67c09337f62afc17d020e7827ddb9cdd844e3729,949.9999999999711,951.9999999999711,0.0,0.0,0.0,0.0,80,40,32.0,False,0.0,0.0,computed_reduced_circuit_not_author_reproduction
1046,10.0,explicitly_unpaired,A,trace_reset_ablation,f94dc7ed64939c9787ed3388,0036d300256c76a4f5896c9a67c09337f62afc17d020e7827ddb9cdd844e3729,0036d300256c76a4f5896c9a67c09337f62afc17d020e7827ddb9cdd844e3729,949.9999999999711,951.9999999999711,0.0,0.0,0.0,0.0,80,40,32.0,False,0.0,0.0,computed_reduced_circuit_not_author_reproduction
1046,10.0,explicitly_unpaired,B,carry_trace,aa470280bc5bae110ed49227,0036d300256c76a4f5896c9a67c09337f62afc17d020e7827ddb9cdd844e3729,0036d300256c76a4f5896c9a67c09337f62afc17d020e7827ddb9cdd844e3729,949.9999999999711,951.9999999999711,0.0,0.0,0.0,0.0,80,40,32.0,False,0.0,0.0,computed_reduced_circuit_not_author_reproduction
1046,10.0,explicitly_unpaired,B,trace_reset_ablation,f9da55861cdeb76ae52f413c,0036d300256c76a4f5896c9a67c09337f62afc17d020e7827ddb9cdd844e3729,0036d300256c76a4f5896c9a67c09337f62afc17d020e7827ddb9cdd844e3729,949.9999999999711,951.9999999999711,0.0,0.0,0.0,0.0,80,40,32.0,False,0.0,0.0,computed_reduced_circuit_not_author_reproduction
1046,10.0,no_reward,A,carry_trace,7f937cde0ef8e807c1cc8fab,0036d300256c76a4f5896c9a67c09337f62afc17d020e7827ddb9cdd844e3729,0036d300256c76a4f5896c9a67c09337f62afc17d020e7827ddb9cdd844e3729,949.9999999999714,951.9999999999714,0.0,0.0,0.0,0.0,80,0,0.0,False,0.0,0.0,computed_reduced_circuit_not_author_reproduction
1046,10.0,no_reward,A,trace_reset_ablation,16d1c07dec0b08d152a35f24,0036d300256c76a4f5896c9a67c09337f62afc17d020e7827ddb9cdd844e3729,0036d300256c76a4f5896c9a67c09337f62afc17d020e7827ddb9cdd844e3729,949.9999999999714,951.9999999999714,0.0,0.0,0.0,0.0,80,0,0.0,False,0.0,0.0,computed_reduced_circuit_not_author_reproduction
1046,10.0,no_reward,B,carry_trace,b2c4d75b7de8c90a06143bfc,0036d300256c76a4f5896c9a67c09337f62afc17d020e7827ddb9cdd844e3729,0036d300256c76a4f5896c9a67c09337f62afc17d020e7827ddb9cdd844e3729,949.9999999999714,951.9999999999714,0.0,0.0,0.0,0.0,80,0,0.0,False,0.0,0.0,computed_reduced_circuit_not_author_reproduction
1046,10.0,no_reward,B,trace_reset_ablation,8751142cc8a690d956856ed2,0036d300256c76a4f5896c9a67c09337f62afc17d020e7827ddb9cdd844e3729,0036d300256c76a4f5896c9a67c09337f62afc17d020e7827ddb9cdd844e3729,949.9999999999714,951.9999999999714,0.0,0.0,0.0,0.0,80,0,0.0,False,0.0,0.0,computed_reduced_circuit_not_author_reproduction
1046,10.0,plasticity_disabled,A,carry_trace,9ddd017569d3aa14c6c3f8a1,0036d300256c76a4f5896c9a67c09337f62afc17d020e7827ddb9cdd844e3729,0036d300256c76a4f5896c9a67c09337f62afc17d020e7827ddb9cdd844e3729,949.9999999999714,951.9999999999714,0.0,0.0,0.0,0.0,80,40,32.0,False,0.0,0.0,computed_reduced_circuit_not_author_reproduction
1046,10.0,plasticity_disabled,A,trace_reset_ablation,a4ae8bc31be55d7b96c97a8d,0036d300256c76a4f5896c9a67c09337f62afc17d020e7827ddb9cdd844e3729,0036d300256c76a4f5896c9a67c09337f62afc17d020e7827ddb9cdd844e3729,949.9999999999714,951.9999999999714,0.0,0.0,0.0,0.0,80,40,32.0,False,0.0,0.0,computed_reduced_circuit_not_author_reproduction
1046,10.0,plasticity_disabled,B,carry_trace,1d8ab83e17e14f37bb1cd07b,0036d300256c76a4f5896c9a67c09337f62afc17d020e7827ddb9cdd844e3729,0036d300256c76a4f5896c9a67c09337f62afc17d020e7827ddb9cdd844e3729,949.9999999999714,951.9999999999714,0.0,0.0,0.0,0.0,80,40,32.0,False,0.0,0.0,computed_reduced_circuit_not_author_reproduction
1046,10.0,plasticity_disabled,B,trace_reset_ablation,5f2172a3777501d499e85e63,0036d300256c76a4f5896c9a67c09337f62afc17d020e7827ddb9cdd844e3729,0036d300256c76a4f5896c9a67c09337f62afc17d020e7827ddb9cdd844e3729,949.9999999999714,951.9999999999714,0.0,0.0,0.0,0.0,80,40,32.0,False,0.0,0.0,computed_reduced_circuit_not_author_reproduction
1046,40.0,paired,A,carry_trace,608f9bae5b5e5bfcad8985bb,0036d300256c76a4f5896c9a67c09337f62afc17d020e7827ddb9cdd844e3729,a9dd8d2e892295a3b37932ed3b442be1f55acda8fd47de32436542a09a550096,3320.0000000000846,3322.0000000000846,0.0,0.5856839114886966,2.2300139512765327e-10,0.5856839112656952,80,40,32.0,True,0.07589604904590341,0.5856839114886966,computed_reduced_circuit_not_author_reproduction
1046,40.0,paired,A,trace_reset_ablation,f40f6f62b354f45378adcc2a,0036d300256c76a4f5896c9a67c09337f62afc17d020e7827ddb9cdd844e3729,dd5859094a2cd37c4cc9fef9e78b511a45f5c52a01d7597a18eea6f69f560d91,3320.0000000000846,3322.0000000000846,0.0,0.5856839114262815,0.0,0.5856839114262815,80,40,32.0,True,0.07589604903424996,0.5856839114262815,computed_reduced_circuit_not_author_reproduction
1046,40.0,paired,B,carry_trace,c54f1e574ca2ba53899336dc,0036d300256c76a4f5896c9a67c09337f62afc17d020e7827ddb9cdd844e3729,e60e961919ce2f1b5a3cf566960d299a3792cb862c643554e57d0675be9cd180,3320.0000000000846,3322.0000000000846,0.0,0.5759612645289521,2.5058888297735393e-10,0.5759612642783632,80,40,32.0,True,0.08398236900475009,0.5759612645289521,computed_reduced_circuit_not_author_reproduction
1046,40.0,paired,B,trace_reset_ablation,705ff2b1a96a8304f7a0d33d,0036d300256c76a4f5896c9a67c09337f62afc17d020e7827ddb9cdd844e3729,5571281a8ffefc3f80f24c766ee4e7c208af4572786e5e2ca39c0dac62da1778,3320.0000000000846,3322.0000000000846,0.0,0.5759612644641038,0.0,0.5759612644641038,80,40,32.0,True,0.0839823689911966,0.5759612644641038,computed_reduced_circuit_not_author_reproduction
1046,40.0,explicitly_unpaired,A,carry_trace,058defd338dece13e0fa0fd3,0036d300256c76a4f5896c9a67c09337f62afc17d020e7827ddb9cdd844e3729,0036d300256c76a4f5896c9a67c09337f62afc17d020e7827ddb9cdd844e3729,3320.0000000000846,3322.0000000000846,0.0,0.0,0.0,0.0,80,40,32.0,False,0.0,0.0,computed_reduced_circuit_not_author_reproduction
1046,40.0,explicitly_unpaired,A,trace_reset_ablation,c88721b97cc8b4f0bd237a8e,0036d300256c76a4f5896c9a67c09337f62afc17d020e7827ddb9cdd844e3729,0036d300256c76a4f5896c9a67c09337f62afc17d020e7827ddb9cdd844e3729,3320.0000000000846,3322.0000000000846,0.0,0.0,0.0,0.0,80,40,32.0,False,0.0,0.0,computed_reduced_circuit_not_author_reproduction
1046,40.0,explicitly_unpaired,B,carry_trace,3adb927876ac37330693d7fa,0036d300256c76a4f5896c9a67c09337f62afc17d020e7827ddb9cdd844e3729,0036d300256c76a4f5896c9a67c09337f62afc17d020e7827ddb9cdd844e3729,3320.0000000000846,3322.0000000000846,0.0,0.0,0.0,0.0,80,40,32.0,False,0.0,0.0,computed_reduced_circuit_not_author_reproduction
1046,40.0,explicitly_unpaired,B,trace_reset_ablation,a8fa4137e18ffc63b2502573,0036d300256c76a4f5896c9a67c09337f62afc17d020e7827ddb9cdd844e3729,0036d300256c76a4f5896c9a67c09337f62afc17d020e7827ddb9cdd844e3729,3320.0000000000846,3322.0000000000846,0.0,0.0,0.0,0.0,80,40,32.0,False,0.0,0.0,computed_reduced_circuit_not_author_reproduction
1046,40.0,no_reward,A,carry_trace,cfc287148019ad4722b3f257,0036d300256c76a4f5896c9a67c09337f62afc17d020e7827ddb9cdd844e3729,0036d300256c76a4f5896c9a67c09337f62afc17d020e7827ddb9cdd844e3729,3320.0000000000846,3322.0000000000846,0.0,0.0,0.0,0.0,80,0,0.0,False,0.0,0.0,computed_reduced_circuit_not_author_reproduction
1046,40.0,no_reward,A,trace_reset_ablation,4878bd27c3d9128a78413cc0,0036d300256c76a4f5896c9a67c09337f62afc17d020e7827ddb9cdd844e3729,0036d300256c76a4f5896c9a67c09337f62afc17d020e7827ddb9cdd844e3729,3320.0000000000846,3322.0000000000846,0.0,0.0,0.0,0.0,80,0,0.0,False,0.0,0.0,computed_reduced_circuit_not_author_reproduction
1046,40.0,no_reward,B,carry_trace,989a27ceeb0aafbd6db89b4a,0036d300256c76a4f5896c9a67c09337f62afc17d020e7827ddb9cdd844e3729,0036d300256c76a4f5896c9a67c09337f62afc17d020e7827ddb9cdd844e3729,3320.0000000000846,3322.0000000000846,0.0,0.0,0.0,0.0,80,0,0.0,False,0.0,0.0,computed_reduced_circuit_not_author_reproduction
1046,40.0,no_reward,B,trace_reset_ablation,2eb5a35a5dc476c57ac56fc0,0036d300256c76a4f5896c9a67c09337f62afc17d020e7827ddb9cdd844e3729,0036d300256c76a4f5896c9a67c09337f62afc17d020e7827ddb9cdd844e3729,3320.0000000000846,3322.0000000000846,0.0,0.0,0.0,0.0,80,0,0.0,False,0.0,0.0,computed_reduced_circuit_not_author_reproduction
1046,40.0,plasticity_disabled,A,carry_trace,602df2b8363e76ad9c316fa5,0036d300256c76a4f5896c9a67c09337f62afc17d020e7827ddb9cdd844e3729,0036d300256c76a4f5896c9a67c09337f62afc17d020e7827ddb9cdd844e3729,3320.0000000000846,3322.0000000000846,0.0,0.0,0.0,0.0,80,40,32.0,False,0.0,0.0,computed_reduced_circuit_not_author_reproduction
1046,40.0,plasticity_disabled,A,trace_reset_ablation,38126e011a47c6c351017828,0036d300256c76a4f5896c9a67c09337f62afc17d020e7827ddb9cdd844e3729,0036d300256c76a4f5896c9a67c09337f62afc17d020e7827ddb9cdd844e3729,3320.0000000000846,3322.0000000000846,0.0,0.0,0.0,0.0,80,40,32.0,False,0.0,0.0,computed_reduced_circuit_not_author_reproduction
1046,40.0,plasticity_disabled,B,carry_trace,a60ccb9c1b702a67a2008c65,0036d300256c76a4f5896c9a67c09337f62afc17d020e7827ddb9cdd844e3729,0036d300256c76a4f5896c9a67c09337f62afc17d020e7827ddb9cdd844e3729,3320.0000000000846,3322.0000000000846,0.0,0.0,0.0,0.0,80,40,32.0,False,0.0,0.0,computed_reduced_circuit_not_author_reproduction
1046,40.0,plasticity_disabled,B,trace_reset_ablation,246f6a869be2c142804c484c,0036d300256c76a4f5896c9a67c09337f62afc17d020e7827ddb9cdd844e3729,0036d300256c76a4f5896c9a67c09337f62afc17d020e7827ddb9cdd844e3729,3320.0000000000846,3322.0000000000846,0.0,0.0,0.0,0.0,80,40,32.0,False,0.0,0.0,computed_reduced_circuit_not_author_reproduction
1047,2.0,paired,A,carry_trace,73d2565e3901ef5338ba5d40,0036d300256c76a4f5896c9a67c09337f62afc17d020e7827ddb9cdd844e3729,a2be60e2bdb99998efdf91d54b9bb3f489c5d91f8efb2a00cb0872cf7bc719b1,318.00000000001364,320.00000000001364,0.0,0.5862239127934261,0.04804928402351927,0.5381746287699068,80,40,32.0,True,0.07986001889507965,0.5862239127934261,computed_reduced_circuit_not_author_reproduction
1047,2.0,paired,A,trace_reset_ablation,29928cdc682ab949cd0096ad,0036d300256c76a4f5896c9a67c09337f62afc17d020e7827ddb9cdd844e3729,5bb2017b04e679f539b20c1511f34dc1d955bd6cf84f605e64c06f423fdc7bc0,318.00000000001364,320.00000000001364,0.0,0.5765328446617041,0.0,0.5765328446617041,80,40,32.0,True,0.07646943827465236,0.5765328446617041,computed_reduced_circuit_not_author_reproduction
1047,2.0,paired,B,carry_trace,4fe283c1b8a54d7dcf481df7,0036d300256c76a4f5896c9a67c09337f62afc17d020e7827ddb9cdd844e3729,b1d831b9f83908b04aa55003402fdf853b692ac15e92278fdfd0305a3b3c2821,318.00000000001364,320.00000000001364,0.0,0.5940899108606582,0.049025177645446116,0.5450647332152121,80,40,32.0,True,0.07487333487241388,0.5940899108606582,computed_reduced_circuit_not_author_reproduction
1047,2.0,paired,B,trace_reset_ablation,aad4705b484ac6be4eb35c5e,0036d300256c76a4f5896c9a67c09337f62afc17d020e7827ddb9cdd844e3729,bee2b17428cca0105d7f5d111eeea1406c4ba781ef73a43fe654165a90cf1244,318.00000000001364,320.00000000001364,0.0,0.5841513059476175,0.0,0.5841513059476175,80,40,32.0,True,0.07164766222886654,0.5841513059476175,computed_reduced_circuit_not_author_reproduction
1047,2.0,explicitly_unpaired,A,carry_trace,77b0517d51ccdf64df3613b4,0036d300256c76a4f5896c9a67c09337f62afc17d020e7827ddb9cdd844e3729,0036d300256c76a4f5896c9a67c09337f62afc17d020e7827ddb9cdd844e3729,318.00000000001353,320.00000000001353,0.0,0.0,0.0,0.0,80,40,32.0,False,0.0,0.0,computed_reduced_circuit_not_author_reproduction
1047,2.0,explicitly_unpaired,A,trace_reset_ablation,adeefe24693571e86afc203c,0036d300256c76a4f5896c9a67c09337f62afc17d020e7827ddb9cdd844e3729,0036d300256c76a4f5896c9a67c09337f62afc17d020e7827ddb9cdd844e3729,318.00000000001353,320.00000000001353,0.0,0.0,0.0,0.0,80,40,32.0,False,0.0,0.0,computed_reduced_circuit_not_author_reproduction
1047,2.0,explicitly_unpaired,B,carry_trace,7f66120e1767a87799cb95de,0036d300256c76a4f5896c9a67c09337f62afc17d020e7827ddb9cdd844e3729,0036d300256c76a4f5896c9a67c09337f62afc17d020e7827ddb9cdd844e3729,318.00000000001353,320.00000000001353,0.0,0.0,0.0,0.0,80,40,32.0,False,0.0,0.0,computed_reduced_circuit_not_author_reproduction
1047,2.0,explicitly_unpaired,B,trace_reset_ablation,15650a91383a2c6eec37c04d,0036d300256c76a4f5896c9a67c09337f62afc17d020e7827ddb9cdd844e3729,0036d300256c76a4f5896c9a67c09337f62afc17d020e7827ddb9cdd844e3729,318.00000000001353,320.00000000001353,0.0,0.0,0.0,0.0,80,40,32.0,False,0.0,0.0,computed_reduced_circuit_not_author_reproduction
1047,2.0,no_reward,A,carry_trace,f779f081956a62ca2eab9d92,0036d300256c76a4f5896c9a67c09337f62afc17d020e7827ddb9cdd844e3729,0036d300256c76a4f5896c9a67c09337f62afc17d020e7827ddb9cdd844e3729,318.00000000001364,320.00000000001364,0.0,0.0,0.0,0.0,80,0,0.0,False,0.0,0.0,computed_reduced_circuit_not_author_reproduction
1047,2.0,no_reward,A,trace_reset_ablation,fe70babc827060bd10757ed6,0036d300256c76a4f5896c9a67c09337f62afc17d020e7827ddb9cdd844e3729,0036d300256c76a4f5896c9a67c09337f62afc17d020e7827ddb9cdd844e3729,318.00000000001364,320.00000000001364,0.0,0.0,0.0,0.0,80,0,0.0,False,0.0,0.0,computed_reduced_circuit_not_author_reproduction
1047,2.0,no_reward,B,carry_trace,4803c71f83493d13a5c4c95b,0036d300256c76a4f5896c9a67c09337f62afc17d020e7827ddb9cdd844e3729,0036d300256c76a4f5896c9a67c09337f62afc17d020e7827ddb9cdd844e3729,318.00000000001364,320.00000000001364,0.0,0.0,0.0,0.0,80,0,0.0,False,0.0,0.0,computed_reduced_circuit_not_author_reproduction
1047,2.0,no_reward,B,trace_reset_ablation,14cf072c57ea6e70764337ba,0036d300256c76a4f5896c9a67c09337f62afc17d020e7827ddb9cdd844e3729,0036d300256c76a4f5896c9a67c09337f62afc17d020e7827ddb9cdd844e3729,318.00000000001364,320.00000000001364,0.0,0.0,0.0,0.0,80,0,0.0,False,0.0,0.0,computed_reduced_circuit_not_author_reproduction
1047,2.0,plasticity_disabled,A,carry_trace,e17c4a875f28d835d4ceeed7,0036d300256c76a4f5896c9a67c09337f62afc17d020e7827ddb9cdd844e3729,0036d300256c76a4f5896c9a67c09337f62afc17d020e7827ddb9cdd844e3729,318.00000000001364,320.00000000001364,0.0,0.0,0.0,0.0,80,40,32.0,False,0.0,0.0,computed_reduced_circuit_not_author_reproduction
1047,2.0,plasticity_disabled,A,trace_reset_ablation,fdfa15397248517e8cc15b30,0036d300256c76a4f5896c9a67c09337f62afc17d020e7827ddb9cdd844e3729,0036d300256c76a4f5896c9a67c09337f62afc17d020e7827ddb9cdd844e3729,318.00000000001364,320.00000000001364,0.0,0.0,0.0,0.0,80,40,32.0,False,0.0,0.0,computed_reduced_circuit_not_author_reproduction
1047,2.0,plasticity_disabled,B,carry_trace,e8d667a12475b886db2d9cf9,0036d300256c76a4f5896c9a67c09337f62afc17d020e7827ddb9cdd844e3729,0036d300256c76a4f5896c9a67c09337f62afc17d020e7827ddb9cdd844e3729,318.00000000001364,320.00000000001364,0.0,0.0,0.0,0.0,80,40,32.0,False,0.0,0.0,computed_reduced_circuit_not_author_reproduction
1047,2.0,plasticity_disabled,B,trace_reset_ablation,7d869f6dbbfdac603d76ab5a,0036d300256c76a4f5896c9a67c09337f62afc17d020e7827ddb9cdd844e3729,0036d300256c76a4f5896c9a67c09337f62afc17d020e7827ddb9cdd844e3729,318.00000000001364,320.00000000001364,0.0,0.0,0.0,0.0,80,40,32.0,False,0.0,0.0,computed_reduced_circuit_not_author_reproduction
1047,10.0,paired,A,carry_trace,11dfaabeec2f5271c8e923d6,0036d300256c76a4f5896c9a67c09337f62afc17d020e7827ddb9cdd844e3729,c4a4857304363f0352cc3177f098c976bc375f61b15dd8e40fae7c3f361ec4ea,949.9999999999714,951.9999999999714,0.0,0.5767782216387295,0.0007687647977605572,0.5760094568409689,80,40,32.0,True,0.0765164740868931,0.5767782216387295,computed_reduced_circuit_not_author_reproduction
1047,10.0,paired,A,trace_reset_ablation,c67922cc7fb10f9ee0aaea3a,0036d300256c76a4f5896c9a67c09337f62afc17d020e7827ddb9cdd844e3729,5bb2017b04e679f539b20c1511f34dc1d955bd6cf84f605e64c06f423fdc7bc0,949.9999999999714,951.9999999999714,0.0,0.5765328446617041,0.0,0.5765328446617041,80,40,32.0,True,0.07646943827465236,0.5765328446617041,computed_reduced_circuit_not_author_reproduction
1047,10.0,paired,B,carry_trace,e06a82a08fd3492e03c5052b,0036d300256c76a4f5896c9a67c09337f62afc17d020e7827ddb9cdd844e3729,010fd717d38a601aa512ca0444143685ba7dc505579f0ec31e4e5e8541b91c4d,949.9999999999714,951.9999999999714,0.0,0.5843895313311179,0.0007985388535651783,0.5835909924775528,80,40,32.0,True,0.07169007858802368,0.5843895313311179,computed_reduced_circuit_not_author_reproduction
1047,10.0,paired,B,trace_reset_ablation,d7fd770f3009fdc3c618b640,0036d300256c76a4f5896c9a67c09337f62afc17d020e7827ddb9cdd844e3729,bee2b17428cca0105d7f5d111eeea1406c4ba781ef73a43fe654165a90cf1244,949.9999999999714,951.9999999999714,0.0,0.5841513059476175,0.0,0.5841513059476175,80,40,32.0,True,0.07164766222886654,0.5841513059476175,computed_reduced_circuit_not_author_reproduction
1047,10.0,explicitly_unpaired,A,carry_trace,bead81c4e46bf8eeee746cf0,0036d300256c76a4f5896c9a67c09337f62afc17d020e7827ddb9cdd844e3729,0036d300256c76a4f5896c9a67c09337f62afc17d020e7827ddb9cdd844e3729,949.9999999999711,951.9999999999711,0.0,0.0,0.0,0.0,80,40,32.0,False,0.0,0.0,computed_reduced_circuit_not_author_reproduction
1047,10.0,explicitly_unpaired,A,trace_reset_ablation,b727f3674180c62704111c3c,0036d300256c76a4f5896c9a67c09337f62afc17d020e7827ddb9cdd844e3729,0036d300256c76a4f5896c9a67c09337f62afc17d020e7827ddb9cdd844e3729,949.9999999999711,951.9999999999711,0.0,0.0,0.0,0.0,80,40,32.0,False,0.0,0.0,computed_reduced_circuit_not_author_reproduction
1047,10.0,explicitly_unpaired,B,carry_trace,18d6fa56bdd5b0202ba17b38,0036d300256c76a4f5896c9a67c09337f62afc17d020e7827ddb9cdd844e3729,0036d300256c76a4f5896c9a67c09337f62afc17d020e7827ddb9cdd844e3729,949.9999999999711,951.9999999999711,0.0,0.0,0.0,0.0,80,40,32.0,False,0.0,0.0,computed_reduced_circuit_not_author_reproduction
1047,10.0,explicitly_unpaired,B,trace_reset_ablation,15adafea1a27aac879780735,0036d300256c76a4f5896c9a67c09337f62afc17d020e7827ddb9cdd844e3729,0036d300256c76a4f5896c9a67c09337f62afc17d020e7827ddb9cdd844e3729,949.9999999999711,951.9999999999711,0.0,0.0,0.0,0.0,80,40,32.0,False,0.0,0.0,computed_reduced_circuit_not_author_reproduction
1047,10.0,no_reward,A,carry_trace,16ea9cf408ee0314967aa576,0036d300256c76a4f5896c9a67c09337f62afc17d020e7827ddb9cdd844e3729,0036d300256c76a4f5896c9a67c09337f62afc17d020e7827ddb9cdd844e3729,949.9999999999714,951.9999999999714,0.0,0.0,0.0,0.0,80,0,0.0,False,0.0,0.0,computed_reduced_circuit_not_author_reproduction
1047,10.0,no_reward,A,trace_reset_ablation,fff9d2ca24a56ea9778850ec,0036d300256c76a4f5896c9a67c09337f62afc17d020e7827ddb9cdd844e3729,0036d300256c76a4f5896c9a67c09337f62afc17d020e7827ddb9cdd844e3729,949.9999999999714,951.9999999999714,0.0,0.0,0.0,0.0,80,0,0.0,False,0.0,0.0,computed_reduced_circuit_not_author_reproduction
1047,10.0,no_reward,B,carry_trace,813b177e83e6bbdbc6c46dc6,0036d300256c76a4f5896c9a67c09337f62afc17d020e7827ddb9cdd844e3729,0036d300256c76a4f5896c9a67c09337f62afc17d020e7827ddb9cdd844e3729,949.9999999999714,951.9999999999714,0.0,0.0,0.0,0.0,80,0,0.0,False,0.0,0.0,computed_reduced_circuit_not_author_reproduction
1047,10.0,no_reward,B,trace_reset_ablation,2ff7b7ea1a0a4947f7086e2e,0036d300256c76a4f5896c9a67c09337f62afc17d020e7827ddb9cdd844e3729,0036d300256c76a4f5896c9a67c09337f62afc17d020e7827ddb9cdd844e3729,949.9999999999714,951.9999999999714,0.0,0.0,0.0,0.0,80,0,0.0,False,0.0,0.0,computed_reduced_circuit_not_author_reproduction
1047,10.0,plasticity_disabled,A,carry_trace,b7f8de9792629fdd192784e0,0036d300256c76a4f5896c9a67c09337f62afc17d020e7827ddb9cdd844e3729,0036d300256c76a4f5896c9a67c09337f62afc17d020e7827ddb9cdd844e3729,949.9999999999714,951.9999999999714,0.0,0.0,0.0,0.0,80,40,32.0,False,0.0,0.0,computed_reduced_circuit_not_author_reproduction
1047,10.0,plasticity_disabled,A,trace_reset_ablation,b5d816e3171281812ddf4afa,0036d300256c76a4f5896c9a67c09337f62afc17d020e7827ddb9cdd844e3729,0036d300256c76a4f5896c9a67c09337f62afc17d020e7827ddb9cdd844e3729,949.9999999999714,951.9999999999714,0.0,0.0,0.0,0.0,80,40,32.0,False,0.0,0.0,computed_reduced_circuit_not_author_reproduction
1047,10.0,plasticity_disabled,B,carry_trace,0c58e2ae2ff28563a112bc5f,0036d300256c76a4f5896c9a67c09337f62afc17d020e7827ddb9cdd844e3729,0036d300256c76a4f5896c9a67c09337f62afc17d020e7827ddb9cdd844e3729,949.9999999999714,951.9999999999714,0.0,0.0,0.0,0.0,80,40,32.0,False,0.0,0.0,computed_reduced_circuit_not_author_reproduction
1047,10.0,plasticity_disabled,B,trace_reset_ablation,32c4e7386779e6efbc7910b2,0036d300256c76a4f5896c9a67c09337f62afc17d020e7827ddb9cdd844e3729,0036d300256c76a4f5896c9a67c09337f62afc17d020e7827ddb9cdd844e3729,949.9999999999714,951.9999999999714,0.0,0.0,0.0,0.0,80,40,32.0,False,0.0,0.0,computed_reduced_circuit_not_author_reproduction
1047,40.0,paired,A,carry_trace,1890da74a57050a05a8dd331,0036d300256c76a4f5896c9a67c09337f62afc17d020e7827ddb9cdd844e3729,5cb34ea525f0ac23d36b187a2b17584c1070fa8aff81a648b744542f052dc91c,3320.0000000000846,3322.0000000000846,0.0,0.5765328447370909,2.346665084473898e-10,0.5765328445024244,80,40,32.0,True,0.07646943828897557,0.5765328447370909,computed_reduced_circuit_not_author_reproduction
1047,40.0,paired,A,trace_reset_ablation,fb76b3c1d029accc5ff72f0f,0036d300256c76a4f5896c9a67c09337f62afc17d020e7827ddb9cdd844e3729,5bb2017b04e679f539b20c1511f34dc1d955bd6cf84f605e64c06f423fdc7bc0,3320.0000000000846,3322.0000000000846,0.0,0.5765328446617041,0.0,0.5765328446617041,80,40,32.0,True,0.07646943827465236,0.5765328446617041,computed_reduced_circuit_not_author_reproduction
1047,40.0,paired,B,carry_trace,fccdbffe2807ab2c21beca5d,0036d300256c76a4f5896c9a67c09337f62afc17d020e7827ddb9cdd844e3729,101472ecc5db9d08672ac0c4963b756886246b0a1241ea9db911323168a556d4,3320.0000000000846,3322.0000000000846,0.0,0.5841513060207506,2.438502733070891e-10,0.5841513057769003,80,40,32.0,True,0.0716476622417701,0.5841513060207506,computed_reduced_circuit_not_author_reproduction
1047,40.0,paired,B,trace_reset_ablation,dbf42e0539816ed3716b8ac3,0036d300256c76a4f5896c9a67c09337f62afc17d020e7827ddb9cdd844e3729,bee2b17428cca0105d7f5d111eeea1406c4ba781ef73a43fe654165a90cf1244,3320.0000000000846,3322.0000000000846,0.0,0.5841513059476175,0.0,0.5841513059476175,80,40,32.0,True,0.07164766222886654,0.5841513059476175,computed_reduced_circuit_not_author_reproduction
1047,40.0,explicitly_unpaired,A,carry_trace,bcdba64ca246ea8b635d1d89,0036d300256c76a4f5896c9a67c09337f62afc17d020e7827ddb9cdd844e3729,0036d300256c76a4f5896c9a67c09337f62afc17d020e7827ddb9cdd844e3729,3320.0000000000846,3322.0000000000846,0.0,0.0,0.0,0.0,80,40,32.0,False,0.0,0.0,computed_reduced_circuit_not_author_reproduction
1047,40.0,explicitly_unpaired,A,trace_reset_ablation,cf0f5729bcdced4e54648af1,0036d300256c76a4f5896c9a67c09337f62afc17d020e7827ddb9cdd844e3729,0036d300256c76a4f5896c9a67c09337f62afc17d020e7827ddb9cdd844e3729,3320.0000000000846,3322.0000000000846,0.0,0.0,0.0,0.0,80,40,32.0,False,0.0,0.0,computed_reduced_circuit_not_author_reproduction
1047,40.0,explicitly_unpaired,B,carry_trace,e2fbb35e977c0810823dab98,0036d300256c76a4f5896c9a67c09337f62afc17d020e7827ddb9cdd844e3729,0036d300256c76a4f5896c9a67c09337f62afc17d020e7827ddb9cdd844e3729,3320.0000000000846,3322.0000000000846,0.0,0.0,0.0,0.0,80,40,32.0,False,0.0,0.0,computed_reduced_circuit_not_author_reproduction
1047,40.0,explicitly_unpaired,B,trace_reset_ablation,93314f36f7542720277471e6,0036d300256c76a4f5896c9a67c09337f62afc17d020e7827ddb9cdd844e3729,0036d300256c76a4f5896c9a67c09337f62afc17d020e7827ddb9cdd844e3729,3320.0000000000846,3322.0000000000846,0.0,0.0,0.0,0.0,80,40,32.0,False,0.0,0.0,computed_reduced_circuit_not_author_reproduction
1047,40.0,no_reward,A,carry_trace,a3d1160e29a3457be48cb01b,0036d300256c76a4f5896c9a67c09337f62afc17d020e7827ddb9cdd844e3729,0036d300256c76a4f5896c9a67c09337f62afc17d020e7827ddb9cdd844e3729,3320.0000000000846,3322.0000000000846,0.0,0.0,0.0,0.0,80,0,0.0,False,0.0,0.0,computed_reduced_circuit_not_author_reproduction
1047,40.0,no_reward,A,trace_reset_ablation,7d99734731c3e2fb56a190d0,0036d300256c76a4f5896c9a67c09337f62afc17d020e7827ddb9cdd844e3729,0036d300256c76a4f5896c9a67c09337f62afc17d020e7827ddb9cdd844e3729,3320.0000000000846,3322.0000000000846,0.0,0.0,0.0,0.0,80,0,0.0,False,0.0,0.0,computed_reduced_circuit_not_author_reproduction
1047,40.0,no_reward,B,carry_trace,d15ea251fd39733b6eb97069,0036d300256c76a4f5896c9a67c09337f62afc17d020e7827ddb9cdd844e3729,0036d300256c76a4f5896c9a67c09337f62afc17d020e7827ddb9cdd844e3729,3320.0000000000846,3322.0000000000846,0.0,0.0,0.0,0.0,80,0,0.0,False,0.0,0.0,computed_reduced_circuit_not_author_reproduction
1047,40.0,no_reward,B,trace_reset_ablation,0af85f2b460dcb538e9deae9,0036d300256c76a4f5896c9a67c09337f62afc17d020e7827ddb9cdd844e3729,0036d300256c76a4f5896c9a67c09337f62afc17d020e7827ddb9cdd844e3729,3320.0000000000846,3322.0000000000846,0.0,0.0,0.0,0.0,80,0,0.0,False,0.0,0.0,computed_reduced_circuit_not_author_reproduction
1047,40.0,plasticity_disabled,A,carry_trace,d4194e3ec0be5547e71021d0,0036d300256c76a4f5896c9a67c09337f62afc17d020e7827ddb9cdd844e3729,0036d300256c76a4f5896c9a67c09337f62afc17d020e7827ddb9cdd844e3729,3320.0000000000846,3322.0000000000846,0.0,0.0,0.0,0.0,80,40,32.0,False,0.0,0.0,computed_reduced_circuit_not_author_reproduction
1047,40.0,plasticity_disabled,A,trace_reset_ablation,de38d19db7aeb9dd1e95fd20,0036d300256c76a4f5896c9a67c09337f62afc17d020e7827ddb9cdd844e3729,0036d300256c76a4f5896c9a67c09337f62afc17d020e7827ddb9cdd844e3729,3320.0000000000846,3322.0000000000846,0.0,0.0,0.0,0.0,80,40,32.0,False,0.0,0.0,computed_reduced_circuit_not_author_reproduction
1047,40.0,plasticity_disabled,B,carry_trace,0e0c0cbd3bfcf26e35fe9430,0036d300256c76a4f5896c9a67c09337f62afc17d020e7827ddb9cdd844e3729,0036d300256c76a4f5896c9a67c09337f62afc17d020e7827ddb9cdd844e3729,3320.0000000000846,3322.0000000000846,0.0,0.0,0.0,0.0,80,40,32.0,False,0.0,0.0,computed_reduced_circuit_not_author_reproduction
1047,40.0,plasticity_disabled,B,trace_reset_ablation,fe42b1f6a6480dcae2b5e81c,0036d300256c76a4f5896c9a67c09337f62afc17d020e7827ddb9cdd844e3729,0036d300256c76a4f5896c9a67c09337f62afc17d020e7827ddb9cdd844e3729,3320.0000000000846,3322.0000000000846,0.0,0.0,0.0,0.0,80,40,32.0,False,0.0,0.0,computed_reduced_circuit_not_author_reproduction
